image_path,class_name,label
C:\Users\HP\OneDrive\Documents\GitHub\MAJOR-PROJECT\archive\OriginalDataset\NonDemented\nonDem727.jpg,NonDemented,0
C:\Users\HP\OneDrive\Documents\GitHub\MAJOR-PROJECT\archive\OriginalDataset\VeryMildDemented\verymildDem84.jpg,VeryMildDemented,1
C:\Users\HP\OneDrive\Documents\GitHub\MAJOR-PROJECT\archive\OriginalDataset\NonDemented\nonDem1997.jpg,NonDemented,0
C:\Users\HP\OneDrive\Documents\GitHub\MAJOR-PROJECT\archive\OriginalDataset\MildDemented\mildDem262.jpg,MildDemented,1
C:\Users\HP\OneDrive\Documents\GitHub\MAJOR-PROJECT\archive\OriginalDataset\VeryMildDemented\verymildDem137.jpg,VeryMildDemented,1
C:\Users\HP\OneDrive\Documents\GitHub\MAJOR-PROJECT\archive\OriginalDataset\NonDemented\nonDem567.jpg,NonDemented,0
C:\Users\HP\OneDrive\Documents\GitHub\MAJOR-PROJECT\archive\OriginalDataset\NonDemented\nonDem2355.jpg,NonDemented,0
C:\Users\HP\OneDrive\Documents\GitHub\MAJOR-PROJECT\archive\OriginalDataset\NonDemented\nonDem74.jpg,NonDemented,0
C:\Users\HP\OneDrive\Documents\GitHub\MAJOR-PROJECT\archive\OriginalDataset\MildDemented\mildDem280.jpg,MildDemented,1
C:\Users\HP\OneDrive\Documents\GitHub\MAJOR-PROJECT\archive\OriginalDataset\VeryMildDemented\28 (22).jpg,VeryMildDemented,1
C:\Users\HP\OneDrive\Documents\GitHub\MAJOR-PROJECT\archive\OriginalDataset\MildDemented\29 (6).jpg,MildDemented,1
C:\Users\HP\OneDrive\Documents\GitHub\MAJOR-PROJECT\archive\OriginalDataset\NonDemented\nonDem921.jpg,NonDemented,0
C:\Users\HP\OneDrive\Documents\GitHub\MAJOR-PROJECT\archive\OriginalDataset\VeryMildDemented\verymildDem1724.jpg,VeryMildDemented,1
C:\Users\HP\OneDrive\Documents\GitHub\MAJOR-PROJECT\archive\OriginalDataset\VeryMildDemented\verymildDem282.jpg,VeryMildDemented,1
C:\Users\HP\OneDrive\Documents\GitHub\MAJOR-PROJECT\archive\OriginalDataset\NonDemented\nonDem187.jpg,NonDemented,0
C:\Users\HP\OneDrive\Documents\GitHub\MAJOR-PROJECT\archive\OriginalDataset\NonDemented\nonDem463.jpg,NonDemented,0
C:\Users\HP\OneDrive\Documents\GitHub\MAJOR-PROJECT\archive\OriginalDataset\NonDemented\nonDem2169.jpg,NonDemented,0
C:\Users\HP\OneDrive\Documents\GitHub\MAJOR-PROJECT\archive\OriginalDataset\NonDemented\nonDem1177.jpg,NonDemented,0
C:\Users\HP\OneDrive\Documents\GitHub\MAJOR-PROJECT\archive\OriginalDataset\VeryMildDemented\32 (19).jpg,VeryMildDemented,1
C:\Users\HP\OneDrive\Documents\GitHub\MAJOR-PROJECT\archive\OriginalDataset\VeryMildDemented\verymildDem60.jpg,VeryMildDemented,1
C:\Users\HP\OneDrive\Documents\GitHub\MAJOR-PROJECT\archive\OriginalDataset\VeryMildDemented\26 (59).jpg,VeryMildDemented,1
C:\Users\HP\OneDrive\Documents\GitHub\MAJOR-PROJECT\archive\OriginalDataset\NonDemented\nonDem305.jpg,NonDemented,0
C:\Users\HP\OneDrive\Documents\GitHub\MAJOR-PROJECT\archive\OriginalDataset\NonDemented\nonDem1818.jpg,NonDemented,0
C:\Users\HP\OneDrive\Documents\GitHub\MAJOR-PROJECT\archive\OriginalDataset\NonDemented\30 (22).jpg,NonDemented,0
C:\Users\HP\OneDrive\Documents\GitHub\MAJOR-PROJECT\archive\OriginalDataset\MildDemented\mildDem561.jpg,MildDemented,1
C:\Users\HP\OneDrive\Documents\GitHub\MAJOR-PROJECT\archive\OriginalDataset\MildDemented\mildDem320.jpg,MildDemented,1
C:\Users\HP\OneDrive\Documents\GitHub\MAJOR-PROJECT\archive\OriginalDataset\VeryMildDemented\verymildDem1129.jpg,VeryMildDemented,1
C:\Users\HP\OneDrive\Documents\GitHub\MAJOR-PROJECT\archive\OriginalDataset\VeryMildDemented\30 (3).jpg,VeryMildDemented,1
C:\Users\HP\OneDrive\Documents\GitHub\MAJOR-PROJECT\archive\OriginalDataset\NonDemented\nonDem2176.jpg,NonDemented,0
C:\Users\HP\OneDrive\Documents\GitHub\MAJOR-PROJECT\archive\OriginalDataset\NonDemented\nonDem744.jpg,NonDemented,0
C:\Users\HP\OneDrive\Documents\GitHub\MAJOR-PROJECT\archive\OriginalDataset\NonDemented\28 (76).jpg,NonDemented,0
C:\Users\HP\OneDrive\Documents\GitHub\MAJOR-PROJECT\archive\OriginalDataset\VeryMildDemented\verymildDem1071.jpg,VeryMildDemented,1
C:\Users\HP\OneDrive\Documents\GitHub\MAJOR-PROJECT\archive\OriginalDataset\VeryMildDemented\verymildDem1334.jpg,VeryMildDemented,1
C:\Users\HP\OneDrive\Documents\GitHub\MAJOR-PROJECT\archive\OriginalDataset\VeryMildDemented\verymildDem1352.jpg,VeryMildDemented,1
C:\Users\HP\OneDrive\Documents\GitHub\MAJOR-PROJECT\archive\OriginalDataset\MildDemented\mildDem197.jpg,MildDemented,1
C:\Users\HP\OneDrive\Documents\GitHub\MAJOR-PROJECT\archive\OriginalDataset\VeryMildDemented\verymildDem858.jpg,VeryMildDemented,1
C:\Users\HP\OneDrive\Documents\GitHub\MAJOR-PROJECT\archive\OriginalDataset\MildDemented\mildDem499.jpg,MildDemented,1
C:\Users\HP\OneDrive\Documents\GitHub\MAJOR-PROJECT\archive\OriginalDataset\NonDemented\27 (56).jpg,NonDemented,0
C:\Users\HP\OneDrive\Documents\GitHub\MAJOR-PROJECT\archive\OriginalDataset\VeryMildDemented\verymildDem1390.jpg,VeryMildDemented,1
C:\Users\HP\OneDrive\Documents\GitHub\MAJOR-PROJECT\archive\OriginalDataset\VeryMildDemented\32 (24).jpg,VeryMildDemented,1
C:\Users\HP\OneDrive\Documents\GitHub\MAJOR-PROJECT\archive\OriginalDataset\VeryMildDemented\verymildDem1158.jpg,VeryMildDemented,1
C:\Users\HP\OneDrive\Documents\GitHub\MAJOR-PROJECT\archive\OriginalDataset\NonDemented\nonDem1198.jpg,NonDemented,0
C:\Users\HP\OneDrive\Documents\GitHub\MAJOR-PROJECT\archive\OriginalDataset\NonDemented\nonDem142.jpg,NonDemented,0
C:\Users\HP\OneDrive\Documents\GitHub\MAJOR-PROJECT\archive\OriginalDataset\NonDemented\nonDem1030.jpg,NonDemented,0
C:\Users\HP\OneDrive\Documents\GitHub\MAJOR-PROJECT\archive\OriginalDataset\VeryMildDemented\verymildDem842.jpg,VeryMildDemented,1
C:\Users\HP\OneDrive\Documents\GitHub\MAJOR-PROJECT\archive\OriginalDataset\NonDemented\29 (93).jpg,NonDemented,0
C:\Users\HP\OneDrive\Documents\GitHub\MAJOR-PROJECT\archive\OriginalDataset\NonDemented\32 (72).jpg,NonDemented,0
C:\Users\HP\OneDrive\Documents\GitHub\MAJOR-PROJECT\archive\OriginalDataset\VeryMildDemented\verymildDem1378.jpg,VeryMildDemented,1
C:\Users\HP\OneDrive\Documents\GitHub\MAJOR-PROJECT\archive\OriginalDataset\VeryMildDemented\verymildDem75.jpg,VeryMildDemented,1
C:\Users\HP\OneDrive\Documents\GitHub\MAJOR-PROJECT\archive\OriginalDataset\NonDemented\nonDem102.jpg,NonDemented,0
C:\Users\HP\OneDrive\Documents\GitHub\MAJOR-PROJECT\archive\OriginalDataset\VeryMildDemented\29 (62).jpg,VeryMildDemented,1
C:\Users\HP\OneDrive\Documents\GitHub\MAJOR-PROJECT\archive\OriginalDataset\NonDemented\nonDem1505.jpg,NonDemented,0
C:\Users\HP\OneDrive\Documents\GitHub\MAJOR-PROJECT\archive\OriginalDataset\VeryMildDemented\28 (10).jpg,VeryMildDemented,1
C:\Users\HP\OneDrive\Documents\GitHub\MAJOR-PROJECT\archive\OriginalDataset\NonDemented\30 (65).jpg,NonDemented,0
C:\Users\HP\OneDrive\Documents\GitHub\MAJOR-PROJECT\archive\OriginalDataset\NonDemented\nonDem488.jpg,NonDemented,0
C:\Users\HP\OneDrive\Documents\GitHub\MAJOR-PROJECT\archive\OriginalDataset\NonDemented\nonDem1374.jpg,NonDemented,0
C:\Users\HP\OneDrive\Documents\GitHub\MAJOR-PROJECT\archive\OriginalDataset\NonDemented\nonDem2131.jpg,NonDemented,0
C:\Users\HP\OneDrive\Documents\GitHub\MAJOR-PROJECT\archive\OriginalDataset\MildDemented\27 (27).jpg,MildDemented,1
C:\Users\HP\OneDrive\Documents\GitHub\MAJOR-PROJECT\archive\OriginalDataset\NonDemented\nonDem178.jpg,NonDemented,0
C:\Users\HP\OneDrive\Documents\GitHub\MAJOR-PROJECT\archive\OriginalDataset\MildDemented\mildDem492.jpg,MildDemented,1
C:\Users\HP\OneDrive\Documents\GitHub\MAJOR-PROJECT\archive\OriginalDataset\NonDemented\nonDem1324.jpg,NonDemented,0
C:\Users\HP\OneDrive\Documents\GitHub\MAJOR-PROJECT\archive\OriginalDataset\NonDemented\nonDem1158.jpg,NonDemented,0
C:\Users\HP\OneDrive\Documents\GitHub\MAJOR-PROJECT\archive\OriginalDataset\NonDemented\nonDem2348.jpg,NonDemented,0
C:\Users\HP\OneDrive\Documents\GitHub\MAJOR-PROJECT\archive\OriginalDataset\MildDemented\31 (20).jpg,MildDemented,1
C:\Users\HP\OneDrive\Documents\GitHub\MAJOR-PROJECT\archive\OriginalDataset\MildDemented\mildDem621.jpg,MildDemented,1
C:\Users\HP\OneDrive\Documents\GitHub\MAJOR-PROJECT\archive\OriginalDataset\VeryMildDemented\verymildDem1027.jpg,VeryMildDemented,1
C:\Users\HP\OneDrive\Documents\GitHub\MAJOR-PROJECT\archive\OriginalDataset\VeryMildDemented\29 (6).jpg,VeryMildDemented,1
C:\Users\HP\OneDrive\Documents\GitHub\MAJOR-PROJECT\archive\OriginalDataset\VeryMildDemented\verymildDem421.jpg,VeryMildDemented,1
C:\Users\HP\OneDrive\Documents\GitHub\MAJOR-PROJECT\archive\OriginalDataset\VeryMildDemented\verymildDem1626.jpg,VeryMildDemented,1
C:\Users\HP\OneDrive\Documents\GitHub\MAJOR-PROJECT\archive\OriginalDataset\VeryMildDemented\verymildDem502.jpg,VeryMildDemented,1
C:\Users\HP\OneDrive\Documents\GitHub\MAJOR-PROJECT\archive\OriginalDataset\VeryMildDemented\verymildDem553.jpg,VeryMildDemented,1
C:\Users\HP\OneDrive\Documents\GitHub\MAJOR-PROJECT\archive\OriginalDataset\MildDemented\mildDem313.jpg,MildDemented,1
C:\Users\HP\OneDrive\Documents\GitHub\MAJOR-PROJECT\archive\OriginalDataset\VeryMildDemented\verymildDem213.jpg,VeryMildDemented,1
C:\Users\HP\OneDrive\Documents\GitHub\MAJOR-PROJECT\archive\OriginalDataset\VeryMildDemented\verymildDem96.jpg,VeryMildDemented,1
C:\Users\HP\OneDrive\Documents\GitHub\MAJOR-PROJECT\archive\OriginalDataset\VeryMildDemented\verymildDem1713.jpg,VeryMildDemented,1
C:\Users\HP\OneDrive\Documents\GitHub\MAJOR-PROJECT\archive\OriginalDataset\NonDemented\nonDem698.jpg,NonDemented,0
C:\Users\HP\OneDrive\Documents\GitHub\MAJOR-PROJECT\archive\OriginalDataset\VeryMildDemented\verymildDem1435.jpg,VeryMildDemented,1
C:\Users\HP\OneDrive\Documents\GitHub\MAJOR-PROJECT\archive\OriginalDataset\NonDemented\nonDem2324.jpg,NonDemented,0
C:\Users\HP\OneDrive\Documents\GitHub\MAJOR-PROJECT\archive\OriginalDataset\NonDemented\nonDem234.jpg,NonDemented,0
C:\Users\HP\OneDrive\Documents\GitHub\MAJOR-PROJECT\archive\OriginalDataset\NonDemented\27 (83).jpg,NonDemented,0
C:\Users\HP\OneDrive\Documents\GitHub\MAJOR-PROJECT\archive\OriginalDataset\NonDemented\nonDem455.jpg,NonDemented,0
C:\Users\HP\OneDrive\Documents\GitHub\MAJOR-PROJECT\archive\OriginalDataset\MildDemented\mildDem390.jpg,MildDemented,1
C:\Users\HP\OneDrive\Documents\GitHub\MAJOR-PROJECT\archive\OriginalDataset\VeryMildDemented\verymildDem490.jpg,VeryMildDemented,1
C:\Users\HP\OneDrive\Documents\GitHub\MAJOR-PROJECT\archive\OriginalDataset\NonDemented\nonDem738.jpg,NonDemented,0
C:\Users\HP\OneDrive\Documents\GitHub\MAJOR-PROJECT\archive\OriginalDataset\VeryMildDemented\verymildDem1593.jpg,VeryMildDemented,1
C:\Users\HP\OneDrive\Documents\GitHub\MAJOR-PROJECT\archive\OriginalDataset\NonDemented\nonDem607.jpg,NonDemented,0
C:\Users\HP\OneDrive\Documents\GitHub\MAJOR-PROJECT\archive\OriginalDataset\NonDemented\nonDem2442.jpg,NonDemented,0
C:\Users\HP\OneDrive\Documents\GitHub\MAJOR-PROJECT\archive\OriginalDataset\NonDemented\nonDem1089.jpg,NonDemented,0
C:\Users\HP\OneDrive\Documents\GitHub\MAJOR-PROJECT\archive\OriginalDataset\NonDemented\nonDem2496.jpg,NonDemented,0
C:\Users\HP\OneDrive\Documents\GitHub\MAJOR-PROJECT\archive\OriginalDataset\VeryMildDemented\verymildDem1037.jpg,VeryMildDemented,1
C:\Users\HP\OneDrive\Documents\GitHub\MAJOR-PROJECT\archive\OriginalDataset\NonDemented\nonDem1394.jpg,NonDemented,0
C:\Users\HP\OneDrive\Documents\GitHub\MAJOR-PROJECT\archive\OriginalDataset\NonDemented\28 (70).jpg,NonDemented,0
C:\Users\HP\OneDrive\Documents\GitHub\MAJOR-PROJECT\archive\OriginalDataset\NonDemented\nonDem2293.jpg,NonDemented,0
C:\Users\HP\OneDrive\Documents\GitHub\MAJOR-PROJECT\archive\OriginalDataset\NonDemented\nonDem1829.jpg,NonDemented,0
C:\Users\HP\OneDrive\Documents\GitHub\MAJOR-PROJECT\archive\OriginalDataset\NonDemented\nonDem1607.jpg,NonDemented,0
C:\Users\HP\OneDrive\Documents\GitHub\MAJOR-PROJECT\archive\OriginalDataset\NonDemented\nonDem2317.jpg,NonDemented,0
C:\Users\HP\OneDrive\Documents\GitHub\MAJOR-PROJECT\archive\OriginalDataset\VeryMildDemented\verymildDem356.jpg,VeryMildDemented,1
C:\Users\HP\OneDrive\Documents\GitHub\MAJOR-PROJECT\archive\OriginalDataset\VeryMildDemented\verymildDem689.jpg,VeryMildDemented,1
C:\Users\HP\OneDrive\Documents\GitHub\MAJOR-PROJECT\archive\OriginalDataset\VeryMildDemented\29 (47).jpg,VeryMildDemented,1
C:\Users\HP\OneDrive\Documents\GitHub\MAJOR-PROJECT\archive\OriginalDataset\NonDemented\nonDem396.jpg,NonDemented,0
C:\Users\HP\OneDrive\Documents\GitHub\MAJOR-PROJECT\archive\OriginalDataset\NonDemented\30 (71).jpg,NonDemented,0
C:\Users\HP\OneDrive\Documents\GitHub\MAJOR-PROJECT\archive\OriginalDataset\VeryMildDemented\31 (23).jpg,VeryMildDemented,1
C:\Users\HP\OneDrive\Documents\GitHub\MAJOR-PROJECT\archive\OriginalDataset\MildDemented\mildDem175.jpg,MildDemented,1
C:\Users\HP\OneDrive\Documents\GitHub\MAJOR-PROJECT\archive\OriginalDataset\NonDemented\nonDem754.jpg,NonDemented,0
C:\Users\HP\OneDrive\Documents\GitHub\MAJOR-PROJECT\archive\OriginalDataset\MildDemented\mildDem60.jpg,MildDemented,1
C:\Users\HP\OneDrive\Documents\GitHub\MAJOR-PROJECT\archive\OriginalDataset\NonDemented\nonDem2148.jpg,NonDemented,0
C:\Users\HP\OneDrive\Documents\GitHub\MAJOR-PROJECT\archive\OriginalDataset\NonDemented\nonDem531.jpg,NonDemented,0
C:\Users\HP\OneDrive\Documents\GitHub\MAJOR-PROJECT\archive\OriginalDataset\MildDemented\mildDem71.jpg,MildDemented,1
C:\Users\HP\OneDrive\Documents\GitHub\MAJOR-PROJECT\archive\OriginalDataset\VeryMildDemented\verymildDem395.jpg,VeryMildDemented,1
C:\Users\HP\OneDrive\Documents\GitHub\MAJOR-PROJECT\archive\OriginalDataset\NonDemented\nonDem1985.jpg,NonDemented,0
C:\Users\HP\OneDrive\Documents\GitHub\MAJOR-PROJECT\archive\OriginalDataset\MildDemented\mildDem392.jpg,MildDemented,1
C:\Users\HP\OneDrive\Documents\GitHub\MAJOR-PROJECT\archive\OriginalDataset\NonDemented\nonDem195.jpg,NonDemented,0
C:\Users\HP\OneDrive\Documents\GitHub\MAJOR-PROJECT\archive\OriginalDataset\NonDemented\27 (38).jpg,NonDemented,0
C:\Users\HP\OneDrive\Documents\GitHub\MAJOR-PROJECT\archive\OriginalDataset\NonDemented\nonDem1958.jpg,NonDemented,0
C:\Users\HP\OneDrive\Documents\GitHub\MAJOR-PROJECT\archive\OriginalDataset\MildDemented\32 (14).jpg,MildDemented,1
C:\Users\HP\OneDrive\Documents\GitHub\MAJOR-PROJECT\archive\OriginalDataset\VeryMildDemented\verymildDem1553.jpg,VeryMildDemented,1
C:\Users\HP\OneDrive\Documents\GitHub\MAJOR-PROJECT\archive\OriginalDataset\MildDemented\mildDem501.jpg,MildDemented,1
C:\Users\HP\OneDrive\Documents\GitHub\MAJOR-PROJECT\archive\OriginalDataset\MildDemented\mildDem633.jpg,MildDemented,1
C:\Users\HP\OneDrive\Documents\GitHub\MAJOR-PROJECT\archive\OriginalDataset\VeryMildDemented\verymildDem1285.jpg,VeryMildDemented,1
C:\Users\HP\OneDrive\Documents\GitHub\MAJOR-PROJECT\archive\OriginalDataset\NonDemented\nonDem761.jpg,NonDemented,0
C:\Users\HP\OneDrive\Documents\GitHub\MAJOR-PROJECT\archive\OriginalDataset\NonDemented\nonDem2495.jpg,NonDemented,0
C:\Users\HP\OneDrive\Documents\GitHub\MAJOR-PROJECT\archive\OriginalDataset\NonDemented\nonDem2454.jpg,NonDemented,0
C:\Users\HP\OneDrive\Documents\GitHub\MAJOR-PROJECT\archive\OriginalDataset\NonDemented\nonDem2103.jpg,NonDemented,0
C:\Users\HP\OneDrive\Documents\GitHub\MAJOR-PROJECT\archive\OriginalDataset\NonDemented\nonDem1548.jpg,NonDemented,0
C:\Users\HP\OneDrive\Documents\GitHub\MAJOR-PROJECT\archive\OriginalDataset\VeryMildDemented\verymildDem2.jpg,VeryMildDemented,1
C:\Users\HP\OneDrive\Documents\GitHub\MAJOR-PROJECT\archive\OriginalDataset\MildDemented\mildDem446.jpg,MildDemented,1
C:\Users\HP\OneDrive\Documents\GitHub\MAJOR-PROJECT\archive\OriginalDataset\NonDemented\nonDem906.jpg,NonDemented,0
C:\Users\HP\OneDrive\Documents\GitHub\MAJOR-PROJECT\archive\OriginalDataset\VeryMildDemented\verymildDem241.jpg,VeryMildDemented,1
C:\Users\HP\OneDrive\Documents\GitHub\MAJOR-PROJECT\archive\OriginalDataset\VeryMildDemented\29 (59).jpg,VeryMildDemented,1
C:\Users\HP\OneDrive\Documents\GitHub\MAJOR-PROJECT\archive\OriginalDataset\NonDemented\nonDem89.jpg,NonDemented,0
C:\Users\HP\OneDrive\Documents\GitHub\MAJOR-PROJECT\archive\OriginalDataset\NonDemented\nonDem244.jpg,NonDemented,0
C:\Users\HP\OneDrive\Documents\GitHub\MAJOR-PROJECT\archive\OriginalDataset\MildDemented\30 (27).jpg,MildDemented,1
C:\Users\HP\OneDrive\Documents\GitHub\MAJOR-PROJECT\archive\OriginalDataset\NonDemented\nonDem2133.jpg,NonDemented,0
C:\Users\HP\OneDrive\Documents\GitHub\MAJOR-PROJECT\archive\OriginalDataset\MildDemented\mildDem681.jpg,MildDemented,1
C:\Users\HP\OneDrive\Documents\GitHub\MAJOR-PROJECT\archive\OriginalDataset\MildDemented\mildDem271.jpg,MildDemented,1
C:\Users\HP\OneDrive\Documents\GitHub\MAJOR-PROJECT\archive\OriginalDataset\VeryMildDemented\31 (70).jpg,VeryMildDemented,1
C:\Users\HP\OneDrive\Documents\GitHub\MAJOR-PROJECT\archive\OriginalDataset\VeryMildDemented\verymildDem571.jpg,VeryMildDemented,1
C:\Users\HP\OneDrive\Documents\GitHub\MAJOR-PROJECT\archive\OriginalDataset\MildDemented\mildDem231.jpg,MildDemented,1
C:\Users\HP\OneDrive\Documents\GitHub\MAJOR-PROJECT\archive\OriginalDataset\NonDemented\nonDem1082.jpg,NonDemented,0
C:\Users\HP\OneDrive\Documents\GitHub\MAJOR-PROJECT\archive\OriginalDataset\NonDemented\nonDem1737.jpg,NonDemented,0
C:\Users\HP\OneDrive\Documents\GitHub\MAJOR-PROJECT\archive\OriginalDataset\VeryMildDemented\verymildDem1693.jpg,VeryMildDemented,1
C:\Users\HP\OneDrive\Documents\GitHub\MAJOR-PROJECT\archive\OriginalDataset\NonDemented\nonDem1049.jpg,NonDemented,0
C:\Users\HP\OneDrive\Documents\GitHub\MAJOR-PROJECT\archive\OriginalDataset\VeryMildDemented\31 (15).jpg,VeryMildDemented,1
C:\Users\HP\OneDrive\Documents\GitHub\MAJOR-PROJECT\archive\OriginalDataset\NonDemented\nonDem592.jpg,NonDemented,0
C:\Users\HP\OneDrive\Documents\GitHub\MAJOR-PROJECT\archive\OriginalDataset\NonDemented\nonDem2520.jpg,NonDemented,0
C:\Users\HP\OneDrive\Documents\GitHub\MAJOR-PROJECT\archive\OriginalDataset\MildDemented\mildDem2.jpg,MildDemented,1
C:\Users\HP\OneDrive\Documents\GitHub\MAJOR-PROJECT\archive\OriginalDataset\NonDemented\nonDem1047.jpg,NonDemented,0
C:\Users\HP\OneDrive\Documents\GitHub\MAJOR-PROJECT\archive\OriginalDataset\MildDemented\mildDem689.jpg,MildDemented,1
C:\Users\HP\OneDrive\Documents\GitHub\MAJOR-PROJECT\archive\OriginalDataset\NonDemented\nonDem945.jpg,NonDemented,0
C:\Users\HP\OneDrive\Documents\GitHub\MAJOR-PROJECT\archive\OriginalDataset\VeryMildDemented\verymildDem763.jpg,VeryMildDemented,1
C:\Users\HP\OneDrive\Documents\GitHub\MAJOR-PROJECT\archive\OriginalDataset\VeryMildDemented\verymildDem1177.jpg,VeryMildDemented,1
C:\Users\HP\OneDrive\Documents\GitHub\MAJOR-PROJECT\archive\OriginalDataset\VeryMildDemented\verymildDem1660.jpg,VeryMildDemented,1
C:\Users\HP\OneDrive\Documents\GitHub\MAJOR-PROJECT\archive\OriginalDataset\NonDemented\nonDem1493.jpg,NonDemented,0
C:\Users\HP\OneDrive\Documents\GitHub\MAJOR-PROJECT\archive\OriginalDataset\ModerateDemented\moderateDem26.jpg,ModerateDemented,1
C:\Users\HP\OneDrive\Documents\GitHub\MAJOR-PROJECT\archive\OriginalDataset\NonDemented\nonDem1143.jpg,NonDemented,0
C:\Users\HP\OneDrive\Documents\GitHub\MAJOR-PROJECT\archive\OriginalDataset\NonDemented\nonDem1055.jpg,NonDemented,0
C:\Users\HP\OneDrive\Documents\GitHub\MAJOR-PROJECT\archive\OriginalDataset\NonDemented\nonDem845.jpg,NonDemented,0
C:\Users\HP\OneDrive\Documents\GitHub\MAJOR-PROJECT\archive\OriginalDataset\NonDemented\31 (54).jpg,NonDemented,0
C:\Users\HP\OneDrive\Documents\GitHub\MAJOR-PROJECT\archive\OriginalDataset\VeryMildDemented\verymildDem1326.jpg,VeryMildDemented,1
C:\Users\HP\OneDrive\Documents\GitHub\MAJOR-PROJECT\archive\OriginalDataset\VeryMildDemented\verymildDem1530.jpg,VeryMildDemented,1
C:\Users\HP\OneDrive\Documents\GitHub\MAJOR-PROJECT\archive\OriginalDataset\VeryMildDemented\verymildDem104.jpg,VeryMildDemented,1
C:\Users\HP\OneDrive\Documents\GitHub\MAJOR-PROJECT\archive\OriginalDataset\NonDemented\26 (93).jpg,NonDemented,0
C:\Users\HP\OneDrive\Documents\GitHub\MAJOR-PROJECT\archive\OriginalDataset\NonDemented\nonDem1871.jpg,NonDemented,0
C:\Users\HP\OneDrive\Documents\GitHub\MAJOR-PROJECT\archive\OriginalDataset\NonDemented\nonDem2250.jpg,NonDemented,0
C:\Users\HP\OneDrive\Documents\GitHub\MAJOR-PROJECT\archive\OriginalDataset\MildDemented\mildDem283.jpg,MildDemented,1
C:\Users\HP\OneDrive\Documents\GitHub\MAJOR-PROJECT\archive\OriginalDataset\VeryMildDemented\verymildDem1323.jpg,VeryMildDemented,1
C:\Users\HP\OneDrive\Documents\GitHub\MAJOR-PROJECT\archive\OriginalDataset\VeryMildDemented\verymildDem606.jpg,VeryMildDemented,1
C:\Users\HP\OneDrive\Documents\GitHub\MAJOR-PROJECT\archive\OriginalDataset\NonDemented\nonDem886.jpg,NonDemented,0
C:\Users\HP\OneDrive\Documents\GitHub\MAJOR-PROJECT\archive\OriginalDataset\VeryMildDemented\verymildDem1776.jpg,VeryMildDemented,1
C:\Users\HP\OneDrive\Documents\GitHub\MAJOR-PROJECT\archive\OriginalDataset\VeryMildDemented\verymildDem1292.jpg,VeryMildDemented,1
C:\Users\HP\OneDrive\Documents\GitHub\MAJOR-PROJECT\archive\OriginalDataset\NonDemented\29 (62).jpg,NonDemented,0
C:\Users\HP\OneDrive\Documents\GitHub\MAJOR-PROJECT\archive\OriginalDataset\MildDemented\31 (16).jpg,MildDemented,1
C:\Users\HP\OneDrive\Documents\GitHub\MAJOR-PROJECT\archive\OriginalDataset\NonDemented\nonDem840.jpg,NonDemented,0
C:\Users\HP\OneDrive\Documents\GitHub\MAJOR-PROJECT\archive\OriginalDataset\VeryMildDemented\28 (13).jpg,VeryMildDemented,1
C:\Users\HP\OneDrive\Documents\GitHub\MAJOR-PROJECT\archive\OriginalDataset\MildDemented\mildDem367.jpg,MildDemented,1
C:\Users\HP\OneDrive\Documents\GitHub\MAJOR-PROJECT\archive\OriginalDataset\VeryMildDemented\verymildDem274.jpg,VeryMildDemented,1
C:\Users\HP\OneDrive\Documents\GitHub\MAJOR-PROJECT\archive\OriginalDataset\NonDemented\nonDem1967.jpg,NonDemented,0
C:\Users\HP\OneDrive\Documents\GitHub\MAJOR-PROJECT\archive\OriginalDataset\VeryMildDemented\verymildDem16.jpg,VeryMildDemented,1
C:\Users\HP\OneDrive\Documents\GitHub\MAJOR-PROJECT\archive\OriginalDataset\NonDemented\nonDem283.jpg,NonDemented,0
C:\Users\HP\OneDrive\Documents\GitHub\MAJOR-PROJECT\archive\OriginalDataset\VeryMildDemented\verymildDem982.jpg,VeryMildDemented,1
C:\Users\HP\OneDrive\Documents\GitHub\MAJOR-PROJECT\archive\OriginalDataset\VeryMildDemented\verymildDem560.jpg,VeryMildDemented,1
C:\Users\HP\OneDrive\Documents\GitHub\MAJOR-PROJECT\archive\OriginalDataset\VeryMildDemented\verymildDem880.jpg,VeryMildDemented,1
C:\Users\HP\OneDrive\Documents\GitHub\MAJOR-PROJECT\archive\OriginalDataset\NonDemented\31 (95).jpg,NonDemented,0
C:\Users\HP\OneDrive\Documents\GitHub\MAJOR-PROJECT\archive\OriginalDataset\MildDemented\mildDem251.jpg,MildDemented,1
C:\Users\HP\OneDrive\Documents\GitHub\MAJOR-PROJECT\archive\OriginalDataset\NonDemented\nonDem578.jpg,NonDemented,0
C:\Users\HP\OneDrive\Documents\GitHub\MAJOR-PROJECT\archive\OriginalDataset\NonDemented\nonDem2202.jpg,NonDemented,0
C:\Users\HP\OneDrive\Documents\GitHub\MAJOR-PROJECT\archive\OriginalDataset\NonDemented\nonDem1954.jpg,NonDemented,0
C:\Users\HP\OneDrive\Documents\GitHub\MAJOR-PROJECT\archive\OriginalDataset\NonDemented\32 (83).jpg,NonDemented,0
C:\Users\HP\OneDrive\Documents\GitHub\MAJOR-PROJECT\archive\OriginalDataset\VeryMildDemented\verymildDem111.jpg,VeryMildDemented,1
C:\Users\HP\OneDrive\Documents\GitHub\MAJOR-PROJECT\archive\OriginalDataset\NonDemented\nonDem972.jpg,NonDemented,0
C:\Users\HP\OneDrive\Documents\GitHub\MAJOR-PROJECT\archive\OriginalDataset\NonDemented\nonDem616.jpg,NonDemented,0
C:\Users\HP\OneDrive\Documents\GitHub\MAJOR-PROJECT\archive\OriginalDataset\VeryMildDemented\verymildDem1424.jpg,VeryMildDemented,1
C:\Users\HP\OneDrive\Documents\GitHub\MAJOR-PROJECT\archive\OriginalDataset\VeryMildDemented\verymildDem211.jpg,VeryMildDemented,1
C:\Users\HP\OneDrive\Documents\GitHub\MAJOR-PROJECT\archive\OriginalDataset\VeryMildDemented\verymildDem268.jpg,VeryMildDemented,1
C:\Users\HP\OneDrive\Documents\GitHub\MAJOR-PROJECT\archive\OriginalDataset\ModerateDemented\moderateDem33.jpg,ModerateDemented,1
C:\Users\HP\OneDrive\Documents\GitHub\MAJOR-PROJECT\archive\OriginalDataset\VeryMildDemented\verymildDem0.jpg,VeryMildDemented,1
C:\Users\HP\OneDrive\Documents\GitHub\MAJOR-PROJECT\archive\OriginalDataset\VeryMildDemented\verymildDem807.jpg,VeryMildDemented,1
C:\Users\HP\OneDrive\Documents\GitHub\MAJOR-PROJECT\archive\OriginalDataset\MildDemented\mildDem363.jpg,MildDemented,1
C:\Users\HP\OneDrive\Documents\GitHub\MAJOR-PROJECT\archive\OriginalDataset\NonDemented\nonDem2219.jpg,NonDemented,0
C:\Users\HP\OneDrive\Documents\GitHub\MAJOR-PROJECT\archive\OriginalDataset\NonDemented\nonDem2242.jpg,NonDemented,0
C:\Users\HP\OneDrive\Documents\GitHub\MAJOR-PROJECT\archive\OriginalDataset\VeryMildDemented\verymildDem1357.jpg,VeryMildDemented,1
C:\Users\HP\OneDrive\Documents\GitHub\MAJOR-PROJECT\archive\OriginalDataset\VeryMildDemented\verymildDem1016.jpg,VeryMildDemented,1
C:\Users\HP\OneDrive\Documents\GitHub\MAJOR-PROJECT\archive\OriginalDataset\NonDemented\30 (78).jpg,NonDemented,0
C:\Users\HP\OneDrive\Documents\GitHub\MAJOR-PROJECT\archive\OriginalDataset\MildDemented\28 (18).jpg,MildDemented,1
C:\Users\HP\OneDrive\Documents\GitHub\MAJOR-PROJECT\archive\OriginalDataset\MildDemented\mildDem474.jpg,MildDemented,1
C:\Users\HP\OneDrive\Documents\GitHub\MAJOR-PROJECT\archive\OriginalDataset\NonDemented\nonDem1220.jpg,NonDemented,0
C:\Users\HP\OneDrive\Documents\GitHub\MAJOR-PROJECT\archive\OriginalDataset\NonDemented\nonDem1483.jpg,NonDemented,0
C:\Users\HP\OneDrive\Documents\GitHub\MAJOR-PROJECT\archive\OriginalDataset\MildDemented\mildDem488.jpg,MildDemented,1
C:\Users\HP\OneDrive\Documents\GitHub\MAJOR-PROJECT\archive\OriginalDataset\NonDemented\nonDem2249.jpg,NonDemented,0
C:\Users\HP\OneDrive\Documents\GitHub\MAJOR-PROJECT\archive\OriginalDataset\VeryMildDemented\verymildDem1019.jpg,VeryMildDemented,1
C:\Users\HP\OneDrive\Documents\GitHub\MAJOR-PROJECT\archive\OriginalDataset\NonDemented\nonDem828.jpg,NonDemented,0
C:\Users\HP\OneDrive\Documents\GitHub\MAJOR-PROJECT\archive\OriginalDataset\NonDemented\nonDem2310.jpg,NonDemented,0
C:\Users\HP\OneDrive\Documents\GitHub\MAJOR-PROJECT\archive\OriginalDataset\VeryMildDemented\verymildDem190.jpg,VeryMildDemented,1
C:\Users\HP\OneDrive\Documents\GitHub\MAJOR-PROJECT\archive\OriginalDataset\NonDemented\nonDem1788.jpg,NonDemented,0
C:\Users\HP\OneDrive\Documents\GitHub\MAJOR-PROJECT\archive\OriginalDataset\NonDemented\nonDem2090.jpg,NonDemented,0
C:\Users\HP\OneDrive\Documents\GitHub\MAJOR-PROJECT\archive\OriginalDataset\NonDemented\27 (68).jpg,NonDemented,0
C:\Users\HP\OneDrive\Documents\GitHub\MAJOR-PROJECT\archive\OriginalDataset\NonDemented\nonDem1231.jpg,NonDemented,0
C:\Users\HP\OneDrive\Documents\GitHub\MAJOR-PROJECT\archive\OriginalDataset\VeryMildDemented\verymildDem1652.jpg,VeryMildDemented,1
C:\Users\HP\OneDrive\Documents\GitHub\MAJOR-PROJECT\archive\OriginalDataset\VeryMildDemented\verymildDem1365.jpg,VeryMildDemented,1
C:\Users\HP\OneDrive\Documents\GitHub\MAJOR-PROJECT\archive\OriginalDataset\MildDemented\mildDem616.jpg,MildDemented,1
C:\Users\HP\OneDrive\Documents\GitHub\MAJOR-PROJECT\archive\OriginalDataset\NonDemented\nonDem2070.jpg,NonDemented,0
C:\Users\HP\OneDrive\Documents\GitHub\MAJOR-PROJECT\archive\OriginalDataset\VeryMildDemented\verymildDem1645.jpg,VeryMildDemented,1
C:\Users\HP\OneDrive\Documents\GitHub\MAJOR-PROJECT\archive\OriginalDataset\NonDemented\nonDem837.jpg,NonDemented,0
C:\Users\HP\OneDrive\Documents\GitHub\MAJOR-PROJECT\archive\OriginalDataset\VeryMildDemented\30 (60).jpg,VeryMildDemented,1
C:\Users\HP\OneDrive\Documents\GitHub\MAJOR-PROJECT\archive\OriginalDataset\MildDemented\mildDem268.jpg,MildDemented,1
C:\Users\HP\OneDrive\Documents\GitHub\MAJOR-PROJECT\archive\OriginalDataset\MildDemented\mildDem106.jpg,MildDemented,1
C:\Users\HP\OneDrive\Documents\GitHub\MAJOR-PROJECT\archive\OriginalDataset\NonDemented\nonDem2548.jpg,NonDemented,0
C:\Users\HP\OneDrive\Documents\GitHub\MAJOR-PROJECT\archive\OriginalDataset\NonDemented\nonDem417.jpg,NonDemented,0
C:\Users\HP\OneDrive\Documents\GitHub\MAJOR-PROJECT\archive\OriginalDataset\VeryMildDemented\31 (32).jpg,VeryMildDemented,1
C:\Users\HP\OneDrive\Documents\GitHub\MAJOR-PROJECT\archive\OriginalDataset\MildDemented\mildDem403.jpg,MildDemented,1
C:\Users\HP\OneDrive\Documents\GitHub\MAJOR-PROJECT\archive\OriginalDataset\NonDemented\nonDem998.jpg,NonDemented,0
C:\Users\HP\OneDrive\Documents\GitHub\MAJOR-PROJECT\archive\OriginalDataset\VeryMildDemented\verymildDem813.jpg,VeryMildDemented,1
C:\Users\HP\OneDrive\Documents\GitHub\MAJOR-PROJECT\archive\OriginalDataset\VeryMildDemented\31 (4).jpg,VeryMildDemented,1
C:\Users\HP\OneDrive\Documents\GitHub\MAJOR-PROJECT\archive\OriginalDataset\NonDemented\nonDem956.jpg,NonDemented,0
C:\Users\HP\OneDrive\Documents\GitHub\MAJOR-PROJECT\archive\OriginalDataset\NonDemented\nonDem538.jpg,NonDemented,0
C:\Users\HP\OneDrive\Documents\GitHub\MAJOR-PROJECT\archive\OriginalDataset\NonDemented\nonDem2267.jpg,NonDemented,0
C:\Users\HP\OneDrive\Documents\GitHub\MAJOR-PROJECT\archive\OriginalDataset\NonDemented\nonDem513.jpg,NonDemented,0
C:\Users\HP\OneDrive\Documents\GitHub\MAJOR-PROJECT\archive\OriginalDataset\NonDemented\30 (15).jpg,NonDemented,0
C:\Users\HP\OneDrive\Documents\GitHub\MAJOR-PROJECT\archive\OriginalDataset\VeryMildDemented\verymildDem774.jpg,VeryMildDemented,1
C:\Users\HP\OneDrive\Documents\GitHub\MAJOR-PROJECT\archive\OriginalDataset\MildDemented\mildDem349.jpg,MildDemented,1
C:\Users\HP\OneDrive\Documents\GitHub\MAJOR-PROJECT\archive\OriginalDataset\VeryMildDemented\verymildDem1120.jpg,VeryMildDemented,1
C:\Users\HP\OneDrive\Documents\GitHub\MAJOR-PROJECT\archive\OriginalDataset\NonDemented\nonDem1741.jpg,NonDemented,0
C:\Users\HP\OneDrive\Documents\GitHub\MAJOR-PROJECT\archive\OriginalDataset\VeryMildDemented\28 (31).jpg,VeryMildDemented,1
C:\Users\HP\OneDrive\Documents\GitHub\MAJOR-PROJECT\archive\OriginalDataset\NonDemented\nonDem2403.jpg,NonDemented,0
C:\Users\HP\OneDrive\Documents\GitHub\MAJOR-PROJECT\archive\OriginalDataset\VeryMildDemented\verymildDem1460.jpg,VeryMildDemented,1
C:\Users\HP\OneDrive\Documents\GitHub\MAJOR-PROJECT\archive\OriginalDataset\VeryMildDemented\verymildDem1042.jpg,VeryMildDemented,1
C:\Users\HP\OneDrive\Documents\GitHub\MAJOR-PROJECT\archive\OriginalDataset\NonDemented\nonDem382.jpg,NonDemented,0
C:\Users\HP\OneDrive\Documents\GitHub\MAJOR-PROJECT\archive\OriginalDataset\NonDemented\27 (37).jpg,NonDemented,0
C:\Users\HP\OneDrive\Documents\GitHub\MAJOR-PROJECT\archive\OriginalDataset\NonDemented\nonDem1678.jpg,NonDemented,0
C:\Users\HP\OneDrive\Documents\GitHub\MAJOR-PROJECT\archive\OriginalDataset\NonDemented\nonDem726.jpg,NonDemented,0
C:\Users\HP\OneDrive\Documents\GitHub\MAJOR-PROJECT\archive\OriginalDataset\VeryMildDemented\verymildDem291.jpg,VeryMildDemented,1
C:\Users\HP\OneDrive\Documents\GitHub\MAJOR-PROJECT\archive\OriginalDataset\MildDemented\mildDem80.jpg,MildDemented,1
C:\Users\HP\OneDrive\Documents\GitHub\MAJOR-PROJECT\archive\OriginalDataset\VeryMildDemented\verymildDem9.jpg,VeryMildDemented,1
C:\Users\HP\OneDrive\Documents\GitHub\MAJOR-PROJECT\archive\OriginalDataset\VeryMildDemented\verymildDem1287.jpg,VeryMildDemented,1
C:\Users\HP\OneDrive\Documents\GitHub\MAJOR-PROJECT\archive\OriginalDataset\NonDemented\nonDem1319.jpg,NonDemented,0
C:\Users\HP\OneDrive\Documents\GitHub\MAJOR-PROJECT\archive\OriginalDataset\VeryMildDemented\verymildDem1354.jpg,VeryMildDemented,1
C:\Users\HP\OneDrive\Documents\GitHub\MAJOR-PROJECT\archive\OriginalDataset\VeryMildDemented\verymildDem821.jpg,VeryMildDemented,1
C:\Users\HP\OneDrive\Documents\GitHub\MAJOR-PROJECT\archive\OriginalDataset\VeryMildDemented\verymildDem525.jpg,VeryMildDemented,1
C:\Users\HP\OneDrive\Documents\GitHub\MAJOR-PROJECT\archive\OriginalDataset\MildDemented\mildDem4.jpg,MildDemented,1
C:\Users\HP\OneDrive\Documents\GitHub\MAJOR-PROJECT\archive\OriginalDataset\VeryMildDemented\verymildDem817.jpg,VeryMildDemented,1
C:\Users\HP\OneDrive\Documents\GitHub\MAJOR-PROJECT\archive\OriginalDataset\VeryMildDemented\verymildDem806.jpg,VeryMildDemented,1
C:\Users\HP\OneDrive\Documents\GitHub\MAJOR-PROJECT\archive\OriginalDataset\VeryMildDemented\verymildDem17.jpg,VeryMildDemented,1
C:\Users\HP\OneDrive\Documents\GitHub\MAJOR-PROJECT\archive\OriginalDataset\VeryMildDemented\verymildDem1154.jpg,VeryMildDemented,1
C:\Users\HP\OneDrive\Documents\GitHub\MAJOR-PROJECT\archive\OriginalDataset\MildDemented\mildDem408.jpg,MildDemented,1
C:\Users\HP\OneDrive\Documents\GitHub\MAJOR-PROJECT\archive\OriginalDataset\NonDemented\nonDem2235.jpg,NonDemented,0
C:\Users\HP\OneDrive\Documents\GitHub\MAJOR-PROJECT\archive\OriginalDataset\NonDemented\nonDem1803.jpg,NonDemented,0
C:\Users\HP\OneDrive\Documents\GitHub\MAJOR-PROJECT\archive\OriginalDataset\MildDemented\mildDem470.jpg,MildDemented,1
C:\Users\HP\OneDrive\Documents\GitHub\MAJOR-PROJECT\archive\OriginalDataset\MildDemented\mildDem236.jpg,MildDemented,1
C:\Users\HP\OneDrive\Documents\GitHub\MAJOR-PROJECT\archive\OriginalDataset\VeryMildDemented\26 (65).jpg,VeryMildDemented,1
C:\Users\HP\OneDrive\Documents\GitHub\MAJOR-PROJECT\archive\OriginalDataset\NonDemented\27 (14).jpg,NonDemented,0
C:\Users\HP\OneDrive\Documents\GitHub\MAJOR-PROJECT\archive\OriginalDataset\VeryMildDemented\32 (35).jpg,VeryMildDemented,1
C:\Users\HP\OneDrive\Documents\GitHub\MAJOR-PROJECT\archive\OriginalDataset\NonDemented\nonDem498.jpg,NonDemented,0
C:\Users\HP\OneDrive\Documents\GitHub\MAJOR-PROJECT\archive\OriginalDataset\NonDemented\nonDem928.jpg,NonDemented,0
C:\Users\HP\OneDrive\Documents\GitHub\MAJOR-PROJECT\archive\OriginalDataset\NonDemented\nonDem442.jpg,NonDemented,0
C:\Users\HP\OneDrive\Documents\GitHub\MAJOR-PROJECT\archive\OriginalDataset\VeryMildDemented\verymildDem706.jpg,VeryMildDemented,1
C:\Users\HP\OneDrive\Documents\GitHub\MAJOR-PROJECT\archive\OriginalDataset\NonDemented\nonDem84.jpg,NonDemented,0
C:\Users\HP\OneDrive\Documents\GitHub\MAJOR-PROJECT\archive\OriginalDataset\VeryMildDemented\verymildDem1488.jpg,VeryMildDemented,1
C:\Users\HP\OneDrive\Documents\GitHub\MAJOR-PROJECT\archive\OriginalDataset\NonDemented\32 (57).jpg,NonDemented,0
C:\Users\HP\OneDrive\Documents\GitHub\MAJOR-PROJECT\archive\OriginalDataset\MildDemented\mildDem10.jpg,MildDemented,1
C:\Users\HP\OneDrive\Documents\GitHub\MAJOR-PROJECT\archive\OriginalDataset\NonDemented\nonDem1299.jpg,NonDemented,0
C:\Users\HP\OneDrive\Documents\GitHub\MAJOR-PROJECT\archive\OriginalDataset\VeryMildDemented\verymildDem1333.jpg,VeryMildDemented,1
C:\Users\HP\OneDrive\Documents\GitHub\MAJOR-PROJECT\archive\OriginalDataset\NonDemented\nonDem1330.jpg,NonDemented,0
C:\Users\HP\OneDrive\Documents\GitHub\MAJOR-PROJECT\archive\OriginalDataset\VeryMildDemented\28 (65).jpg,VeryMildDemented,1
C:\Users\HP\OneDrive\Documents\GitHub\MAJOR-PROJECT\archive\OriginalDataset\NonDemented\nonDem279.jpg,NonDemented,0
C:\Users\HP\OneDrive\Documents\GitHub\MAJOR-PROJECT\archive\OriginalDataset\VeryMildDemented\verymildDem643.jpg,VeryMildDemented,1
C:\Users\HP\OneDrive\Documents\GitHub\MAJOR-PROJECT\archive\OriginalDataset\VeryMildDemented\verymildDem1356.jpg,VeryMildDemented,1
C:\Users\HP\OneDrive\Documents\GitHub\MAJOR-PROJECT\archive\OriginalDataset\NonDemented\nonDem1694.jpg,NonDemented,0
C:\Users\HP\OneDrive\Documents\GitHub\MAJOR-PROJECT\archive\OriginalDataset\MildDemented\28 (20).jpg,MildDemented,1
C:\Users\HP\OneDrive\Documents\GitHub\MAJOR-PROJECT\archive\OriginalDataset\NonDemented\nonDem2476.jpg,NonDemented,0
C:\Users\HP\OneDrive\Documents\GitHub\MAJOR-PROJECT\archive\OriginalDataset\NonDemented\nonDem783.jpg,NonDemented,0
C:\Users\HP\OneDrive\Documents\GitHub\MAJOR-PROJECT\archive\OriginalDataset\VeryMildDemented\verymildDem1458.jpg,VeryMildDemented,1
C:\Users\HP\OneDrive\Documents\GitHub\MAJOR-PROJECT\archive\OriginalDataset\NonDemented\nonDem1043.jpg,NonDemented,0
C:\Users\HP\OneDrive\Documents\GitHub\MAJOR-PROJECT\archive\OriginalDataset\NonDemented\32 (32).jpg,NonDemented,0
C:\Users\HP\OneDrive\Documents\GitHub\MAJOR-PROJECT\archive\OriginalDataset\VeryMildDemented\verymildDem1054.jpg,VeryMildDemented,1
C:\Users\HP\OneDrive\Documents\GitHub\MAJOR-PROJECT\archive\OriginalDataset\VeryMildDemented\verymildDem565.jpg,VeryMildDemented,1
C:\Users\HP\OneDrive\Documents\GitHub\MAJOR-PROJECT\archive\OriginalDataset\VeryMildDemented\verymildDem1558.jpg,VeryMildDemented,1
C:\Users\HP\OneDrive\Documents\GitHub\MAJOR-PROJECT\archive\OriginalDataset\VeryMildDemented\27 (9).jpg,VeryMildDemented,1
C:\Users\HP\OneDrive\Documents\GitHub\MAJOR-PROJECT\archive\OriginalDataset\MildDemented\mildDem418.jpg,MildDemented,1
C:\Users\HP\OneDrive\Documents\GitHub\MAJOR-PROJECT\archive\OriginalDataset\ModerateDemented\moderateDem30.jpg,ModerateDemented,1
C:\Users\HP\OneDrive\Documents\GitHub\MAJOR-PROJECT\archive\OriginalDataset\VeryMildDemented\verymildDem4.jpg,VeryMildDemented,1
C:\Users\HP\OneDrive\Documents\GitHub\MAJOR-PROJECT\archive\OriginalDataset\NonDemented\nonDem1123.jpg,NonDemented,0
C:\Users\HP\OneDrive\Documents\GitHub\MAJOR-PROJECT\archive\OriginalDataset\NonDemented\31 (94).jpg,NonDemented,0
C:\Users\HP\OneDrive\Documents\GitHub\MAJOR-PROJECT\archive\OriginalDataset\MildDemented\27 (14).jpg,MildDemented,1
C:\Users\HP\OneDrive\Documents\GitHub\MAJOR-PROJECT\archive\OriginalDataset\NonDemented\nonDem352.jpg,NonDemented,0
C:\Users\HP\OneDrive\Documents\GitHub\MAJOR-PROJECT\archive\OriginalDataset\VeryMildDemented\verymildDem330.jpg,VeryMildDemented,1
C:\Users\HP\OneDrive\Documents\GitHub\MAJOR-PROJECT\archive\OriginalDataset\NonDemented\30 (26).jpg,NonDemented,0
C:\Users\HP\OneDrive\Documents\GitHub\MAJOR-PROJECT\archive\OriginalDataset\NonDemented\nonDem2255.jpg,NonDemented,0
C:\Users\HP\OneDrive\Documents\GitHub\MAJOR-PROJECT\archive\OriginalDataset\NonDemented\nonDem1070.jpg,NonDemented,0
C:\Users\HP\OneDrive\Documents\GitHub\MAJOR-PROJECT\archive\OriginalDataset\VeryMildDemented\verymildDem1267.jpg,VeryMildDemented,1
C:\Users\HP\OneDrive\Documents\GitHub\MAJOR-PROJECT\archive\OriginalDataset\VeryMildDemented\verymildDem1520.jpg,VeryMildDemented,1
C:\Users\HP\OneDrive\Documents\GitHub\MAJOR-PROJECT\archive\OriginalDataset\NonDemented\nonDem1986.jpg,NonDemented,0
C:\Users\HP\OneDrive\Documents\GitHub\MAJOR-PROJECT\archive\OriginalDataset\MildDemented\mildDem298.jpg,MildDemented,1
C:\Users\HP\OneDrive\Documents\GitHub\MAJOR-PROJECT\archive\OriginalDataset\NonDemented\nonDem2304.jpg,NonDemented,0
C:\Users\HP\OneDrive\Documents\GitHub\MAJOR-PROJECT\archive\OriginalDataset\NonDemented\28 (35).jpg,NonDemented,0
C:\Users\HP\OneDrive\Documents\GitHub\MAJOR-PROJECT\archive\OriginalDataset\VeryMildDemented\verymildDem611.jpg,VeryMildDemented,1
C:\Users\HP\OneDrive\Documents\GitHub\MAJOR-PROJECT\archive\OriginalDataset\MildDemented\mildDem264.jpg,MildDemented,1
C:\Users\HP\OneDrive\Documents\GitHub\MAJOR-PROJECT\archive\OriginalDataset\NonDemented\nonDem2113.jpg,NonDemented,0
C:\Users\HP\OneDrive\Documents\GitHub\MAJOR-PROJECT\archive\OriginalDataset\NonDemented\28 (80).jpg,NonDemented,0
C:\Users\HP\OneDrive\Documents\GitHub\MAJOR-PROJECT\archive\OriginalDataset\NonDemented\32 (45).jpg,NonDemented,0
C:\Users\HP\OneDrive\Documents\GitHub\MAJOR-PROJECT\archive\OriginalDataset\VeryMildDemented\verymildDem1631.jpg,VeryMildDemented,1
C:\Users\HP\OneDrive\Documents\GitHub\MAJOR-PROJECT\archive\OriginalDataset\MildDemented\mildDem14.jpg,MildDemented,1
C:\Users\HP\OneDrive\Documents\GitHub\MAJOR-PROJECT\archive\OriginalDataset\VeryMildDemented\27 (65).jpg,VeryMildDemented,1
C:\Users\HP\OneDrive\Documents\GitHub\MAJOR-PROJECT\archive\OriginalDataset\VeryMildDemented\verymildDem1386.jpg,VeryMildDemented,1
C:\Users\HP\OneDrive\Documents\GitHub\MAJOR-PROJECT\archive\OriginalDataset\VeryMildDemented\verymildDem1704.jpg,VeryMildDemented,1
C:\Users\HP\OneDrive\Documents\GitHub\MAJOR-PROJECT\archive\OriginalDataset\VeryMildDemented\verymildDem376.jpg,VeryMildDemented,1
C:\Users\HP\OneDrive\Documents\GitHub\MAJOR-PROJECT\archive\OriginalDataset\VeryMildDemented\31 (60).jpg,VeryMildDemented,1
C:\Users\HP\OneDrive\Documents\GitHub\MAJOR-PROJECT\archive\OriginalDataset\VeryMildDemented\verymildDem1414.jpg,VeryMildDemented,1
C:\Users\HP\OneDrive\Documents\GitHub\MAJOR-PROJECT\archive\OriginalDataset\VeryMildDemented\verymildDem1295.jpg,VeryMildDemented,1
C:\Users\HP\OneDrive\Documents\GitHub\MAJOR-PROJECT\archive\OriginalDataset\NonDemented\nonDem1294.jpg,NonDemented,0
C:\Users\HP\OneDrive\Documents\GitHub\MAJOR-PROJECT\archive\OriginalDataset\NonDemented\nonDem2158.jpg,NonDemented,0
C:\Users\HP\OneDrive\Documents\GitHub\MAJOR-PROJECT\archive\OriginalDataset\VeryMildDemented\verymildDem1502.jpg,VeryMildDemented,1
C:\Users\HP\OneDrive\Documents\GitHub\MAJOR-PROJECT\archive\OriginalDataset\NonDemented\nonDem1016.jpg,NonDemented,0
C:\Users\HP\OneDrive\Documents\GitHub\MAJOR-PROJECT\archive\OriginalDataset\NonDemented\nonDem1443.jpg,NonDemented,0
C:\Users\HP\OneDrive\Documents\GitHub\MAJOR-PROJECT\archive\OriginalDataset\VeryMildDemented\verymildDem1422.jpg,VeryMildDemented,1
C:\Users\HP\OneDrive\Documents\GitHub\MAJOR-PROJECT\archive\OriginalDataset\NonDemented\nonDem334.jpg,NonDemented,0
C:\Users\HP\OneDrive\Documents\GitHub\MAJOR-PROJECT\archive\OriginalDataset\NonDemented\nonDem2528.jpg,NonDemented,0
C:\Users\HP\OneDrive\Documents\GitHub\MAJOR-PROJECT\archive\OriginalDataset\VeryMildDemented\verymildDem1764.jpg,VeryMildDemented,1
C:\Users\HP\OneDrive\Documents\GitHub\MAJOR-PROJECT\archive\OriginalDataset\VeryMildDemented\verymildDem1670.jpg,VeryMildDemented,1
C:\Users\HP\OneDrive\Documents\GitHub\MAJOR-PROJECT\archive\OriginalDataset\NonDemented\nonDem778.jpg,NonDemented,0
C:\Users\HP\OneDrive\Documents\GitHub\MAJOR-PROJECT\archive\OriginalDataset\NonDemented\28 (23).jpg,NonDemented,0
C:\Users\HP\OneDrive\Documents\GitHub\MAJOR-PROJECT\archive\OriginalDataset\NonDemented\nonDem896.jpg,NonDemented,0
C:\Users\HP\OneDrive\Documents\GitHub\MAJOR-PROJECT\archive\OriginalDataset\NonDemented\nonDem1659.jpg,NonDemented,0
C:\Users\HP\OneDrive\Documents\GitHub\MAJOR-PROJECT\archive\OriginalDataset\VeryMildDemented\verymildDem482.jpg,VeryMildDemented,1
C:\Users\HP\OneDrive\Documents\GitHub\MAJOR-PROJECT\archive\OriginalDataset\MildDemented\mildDem667.jpg,MildDemented,1
C:\Users\HP\OneDrive\Documents\GitHub\MAJOR-PROJECT\archive\OriginalDataset\NonDemented\nonDem876.jpg,NonDemented,0
C:\Users\HP\OneDrive\Documents\GitHub\MAJOR-PROJECT\archive\OriginalDataset\VeryMildDemented\verymildDem1116.jpg,VeryMildDemented,1
C:\Users\HP\OneDrive\Documents\GitHub\MAJOR-PROJECT\archive\OriginalDataset\NonDemented\nonDem2251.jpg,NonDemented,0
C:\Users\HP\OneDrive\Documents\GitHub\MAJOR-PROJECT\archive\OriginalDataset\NonDemented\nonDem136.jpg,NonDemented,0
C:\Users\HP\OneDrive\Documents\GitHub\MAJOR-PROJECT\archive\OriginalDataset\MildDemented\mildDem112.jpg,MildDemented,1
C:\Users\HP\OneDrive\Documents\GitHub\MAJOR-PROJECT\archive\OriginalDataset\NonDemented\nonDem251.jpg,NonDemented,0
C:\Users\HP\OneDrive\Documents\GitHub\MAJOR-PROJECT\archive\OriginalDataset\NonDemented\nonDem1118.jpg,NonDemented,0
C:\Users\HP\OneDrive\Documents\GitHub\MAJOR-PROJECT\archive\OriginalDataset\NonDemented\nonDem2391.jpg,NonDemented,0
C:\Users\HP\OneDrive\Documents\GitHub\MAJOR-PROJECT\archive\OriginalDataset\VeryMildDemented\verymildDem1036.jpg,VeryMildDemented,1
C:\Users\HP\OneDrive\Documents\GitHub\MAJOR-PROJECT\archive\OriginalDataset\NonDemented\nonDem2558.jpg,NonDemented,0
C:\Users\HP\OneDrive\Documents\GitHub\MAJOR-PROJECT\archive\OriginalDataset\NonDemented\nonDem1153.jpg,NonDemented,0
C:\Users\HP\OneDrive\Documents\GitHub\MAJOR-PROJECT\archive\OriginalDataset\VeryMildDemented\verymildDem1081.jpg,VeryMildDemented,1
C:\Users\HP\OneDrive\Documents\GitHub\MAJOR-PROJECT\archive\OriginalDataset\MildDemented\mildDem515.jpg,MildDemented,1
C:\Users\HP\OneDrive\Documents\GitHub\MAJOR-PROJECT\archive\OriginalDataset\VeryMildDemented\29 (67).jpg,VeryMildDemented,1
C:\Users\HP\OneDrive\Documents\GitHub\MAJOR-PROJECT\archive\OriginalDataset\VeryMildDemented\verymildDem279.jpg,VeryMildDemented,1
C:\Users\HP\OneDrive\Documents\GitHub\MAJOR-PROJECT\archive\OriginalDataset\VeryMildDemented\26 (46).jpg,VeryMildDemented,1
C:\Users\HP\OneDrive\Documents\GitHub\MAJOR-PROJECT\archive\OriginalDataset\MildDemented\mildDem182.jpg,MildDemented,1
C:\Users\HP\OneDrive\Documents\GitHub\MAJOR-PROJECT\archive\OriginalDataset\NonDemented\nonDem1992.jpg,NonDemented,0
C:\Users\HP\OneDrive\Documents\GitHub\MAJOR-PROJECT\archive\OriginalDataset\MildDemented\mildDem595.jpg,MildDemented,1
C:\Users\HP\OneDrive\Documents\GitHub\MAJOR-PROJECT\archive\OriginalDataset\NonDemented\nonDem1168.jpg,NonDemented,0
C:\Users\HP\OneDrive\Documents\GitHub\MAJOR-PROJECT\archive\OriginalDataset\NonDemented\nonDem993.jpg,NonDemented,0
C:\Users\HP\OneDrive\Documents\GitHub\MAJOR-PROJECT\archive\OriginalDataset\NonDemented\nonDem571.jpg,NonDemented,0
C:\Users\HP\OneDrive\Documents\GitHub\MAJOR-PROJECT\archive\OriginalDataset\NonDemented\nonDem1453.jpg,NonDemented,0
C:\Users\HP\OneDrive\Documents\GitHub\MAJOR-PROJECT\archive\OriginalDataset\NonDemented\nonDem1238.jpg,NonDemented,0
C:\Users\HP\OneDrive\Documents\GitHub\MAJOR-PROJECT\archive\OriginalDataset\MildDemented\mildDem507.jpg,MildDemented,1
C:\Users\HP\OneDrive\Documents\GitHub\MAJOR-PROJECT\archive\OriginalDataset\NonDemented\27 (70).jpg,NonDemented,0
C:\Users\HP\OneDrive\Documents\GitHub\MAJOR-PROJECT\archive\OriginalDataset\VeryMildDemented\verymildDem536.jpg,VeryMildDemented,1
C:\Users\HP\OneDrive\Documents\GitHub\MAJOR-PROJECT\archive\OriginalDataset\NonDemented\nonDem1315.jpg,NonDemented,0
C:\Users\HP\OneDrive\Documents\GitHub\MAJOR-PROJECT\archive\OriginalDataset\VeryMildDemented\verymildDem782.jpg,VeryMildDemented,1
C:\Users\HP\OneDrive\Documents\GitHub\MAJOR-PROJECT\archive\OriginalDataset\NonDemented\nonDem2445.jpg,NonDemented,0
C:\Users\HP\OneDrive\Documents\GitHub\MAJOR-PROJECT\archive\OriginalDataset\NonDemented\nonDem818.jpg,NonDemented,0
C:\Users\HP\OneDrive\Documents\GitHub\MAJOR-PROJECT\archive\OriginalDataset\NonDemented\nonDem1068.jpg,NonDemented,0
C:\Users\HP\OneDrive\Documents\GitHub\MAJOR-PROJECT\archive\OriginalDataset\NonDemented\nonDem1193.jpg,NonDemented,0
C:\Users\HP\OneDrive\Documents\GitHub\MAJOR-PROJECT\archive\OriginalDataset\VeryMildDemented\verymildDem1588.jpg,VeryMildDemented,1
C:\Users\HP\OneDrive\Documents\GitHub\MAJOR-PROJECT\archive\OriginalDataset\NonDemented\nonDem2429.jpg,NonDemented,0
C:\Users\HP\OneDrive\Documents\GitHub\MAJOR-PROJECT\archive\OriginalDataset\VeryMildDemented\verymildDem879.jpg,VeryMildDemented,1
C:\Users\HP\OneDrive\Documents\GitHub\MAJOR-PROJECT\archive\OriginalDataset\NonDemented\30 (49).jpg,NonDemented,0
C:\Users\HP\OneDrive\Documents\GitHub\MAJOR-PROJECT\archive\OriginalDataset\NonDemented\nonDem694.jpg,NonDemented,0
C:\Users\HP\OneDrive\Documents\GitHub\MAJOR-PROJECT\archive\OriginalDataset\VeryMildDemented\verymildDem1557.jpg,VeryMildDemented,1
C:\Users\HP\OneDrive\Documents\GitHub\MAJOR-PROJECT\archive\OriginalDataset\VeryMildDemented\27 (29).jpg,VeryMildDemented,1
C:\Users\HP\OneDrive\Documents\GitHub\MAJOR-PROJECT\archive\OriginalDataset\VeryMildDemented\26 (61).jpg,VeryMildDemented,1
C:\Users\HP\OneDrive\Documents\GitHub\MAJOR-PROJECT\archive\OriginalDataset\NonDemented\nonDem1876.jpg,NonDemented,0
C:\Users\HP\OneDrive\Documents\GitHub\MAJOR-PROJECT\archive\OriginalDataset\NonDemented\nonDem1489.jpg,NonDemented,0
C:\Users\HP\OneDrive\Documents\GitHub\MAJOR-PROJECT\archive\OriginalDataset\VeryMildDemented\verymildDem819.jpg,VeryMildDemented,1
C:\Users\HP\OneDrive\Documents\GitHub\MAJOR-PROJECT\archive\OriginalDataset\NonDemented\nonDem819.jpg,NonDemented,0
C:\Users\HP\OneDrive\Documents\GitHub\MAJOR-PROJECT\archive\OriginalDataset\MildDemented\31 (11).jpg,MildDemented,1
C:\Users\HP\OneDrive\Documents\GitHub\MAJOR-PROJECT\archive\OriginalDataset\NonDemented\nonDem1544.jpg,NonDemented,0
C:\Users\HP\OneDrive\Documents\GitHub\MAJOR-PROJECT\archive\OriginalDataset\NonDemented\32 (42).jpg,NonDemented,0
C:\Users\HP\OneDrive\Documents\GitHub\MAJOR-PROJECT\archive\OriginalDataset\MildDemented\mildDem23.jpg,MildDemented,1
C:\Users\HP\OneDrive\Documents\GitHub\MAJOR-PROJECT\archive\OriginalDataset\NonDemented\nonDem1284.jpg,NonDemented,0
C:\Users\HP\OneDrive\Documents\GitHub\MAJOR-PROJECT\archive\OriginalDataset\NonDemented\nonDem671.jpg,NonDemented,0
C:\Users\HP\OneDrive\Documents\GitHub\MAJOR-PROJECT\archive\OriginalDataset\VeryMildDemented\verymildDem626.jpg,VeryMildDemented,1
C:\Users\HP\OneDrive\Documents\GitHub\MAJOR-PROJECT\archive\OriginalDataset\VeryMildDemented\verymildDem937.jpg,VeryMildDemented,1
C:\Users\HP\OneDrive\Documents\GitHub\MAJOR-PROJECT\archive\OriginalDataset\NonDemented\nonDem453.jpg,NonDemented,0
C:\Users\HP\OneDrive\Documents\GitHub\MAJOR-PROJECT\archive\OriginalDataset\NonDemented\27 (64).jpg,NonDemented,0
C:\Users\HP\OneDrive\Documents\GitHub\MAJOR-PROJECT\archive\OriginalDataset\VeryMildDemented\verymildDem1685.jpg,VeryMildDemented,1
C:\Users\HP\OneDrive\Documents\GitHub\MAJOR-PROJECT\archive\OriginalDataset\VeryMildDemented\30 (14).jpg,VeryMildDemented,1
C:\Users\HP\OneDrive\Documents\GitHub\MAJOR-PROJECT\archive\OriginalDataset\NonDemented\nonDem1509.jpg,NonDemented,0
C:\Users\HP\OneDrive\Documents\GitHub\MAJOR-PROJECT\archive\OriginalDataset\VeryMildDemented\verymildDem1783.jpg,VeryMildDemented,1
C:\Users\HP\OneDrive\Documents\GitHub\MAJOR-PROJECT\archive\OriginalDataset\MildDemented\mildDem331.jpg,MildDemented,1
C:\Users\HP\OneDrive\Documents\GitHub\MAJOR-PROJECT\archive\OriginalDataset\MildDemented\mildDem323.jpg,MildDemented,1
C:\Users\HP\OneDrive\Documents\GitHub\MAJOR-PROJECT\archive\OriginalDataset\MildDemented\mildDem284.jpg,MildDemented,1
C:\Users\HP\OneDrive\Documents\GitHub\MAJOR-PROJECT\archive\OriginalDataset\NonDemented\nonDem669.jpg,NonDemented,0
C:\Users\HP\OneDrive\Documents\GitHub\MAJOR-PROJECT\archive\OriginalDataset\NonDemented\28 (26).jpg,NonDemented,0
C:\Users\HP\OneDrive\Documents\GitHub\MAJOR-PROJECT\archive\OriginalDataset\VeryMildDemented\verymildDem1315.jpg,VeryMildDemented,1
C:\Users\HP\OneDrive\Documents\GitHub\MAJOR-PROJECT\archive\OriginalDataset\VeryMildDemented\verymildDem1421.jpg,VeryMildDemented,1
C:\Users\HP\OneDrive\Documents\GitHub\MAJOR-PROJECT\archive\OriginalDataset\NonDemented\nonDem2178.jpg,NonDemented,0
C:\Users\HP\OneDrive\Documents\GitHub\MAJOR-PROJECT\archive\OriginalDataset\MildDemented\30 (10).jpg,MildDemented,1
C:\Users\HP\OneDrive\Documents\GitHub\MAJOR-PROJECT\archive\OriginalDataset\NonDemented\nonDem1304.jpg,NonDemented,0
C:\Users\HP\OneDrive\Documents\GitHub\MAJOR-PROJECT\archive\OriginalDataset\MildDemented\mildDem325.jpg,MildDemented,1
C:\Users\HP\OneDrive\Documents\GitHub\MAJOR-PROJECT\archive\OriginalDataset\NonDemented\nonDem437.jpg,NonDemented,0
C:\Users\HP\OneDrive\Documents\GitHub\MAJOR-PROJECT\archive\OriginalDataset\MildDemented\mildDem461.jpg,MildDemented,1
C:\Users\HP\OneDrive\Documents\GitHub\MAJOR-PROJECT\archive\OriginalDataset\NonDemented\nonDem1209.jpg,NonDemented,0
C:\Users\HP\OneDrive\Documents\GitHub\MAJOR-PROJECT\archive\OriginalDataset\VeryMildDemented\26 (52).jpg,VeryMildDemented,1
C:\Users\HP\OneDrive\Documents\GitHub\MAJOR-PROJECT\archive\OriginalDataset\VeryMildDemented\verymildDem1091.jpg,VeryMildDemented,1
C:\Users\HP\OneDrive\Documents\GitHub\MAJOR-PROJECT\archive\OriginalDataset\NonDemented\30 (3).jpg,NonDemented,0
C:\Users\HP\OneDrive\Documents\GitHub\MAJOR-PROJECT\archive\OriginalDataset\VeryMildDemented\verymildDem1.jpg,VeryMildDemented,1
C:\Users\HP\OneDrive\Documents\GitHub\MAJOR-PROJECT\archive\OriginalDataset\VeryMildDemented\verymildDem310.jpg,VeryMildDemented,1
C:\Users\HP\OneDrive\Documents\GitHub\MAJOR-PROJECT\archive\OriginalDataset\MildDemented\mildDem358.jpg,MildDemented,1
C:\Users\HP\OneDrive\Documents\GitHub\MAJOR-PROJECT\archive\OriginalDataset\NonDemented\nonDem1943.jpg,NonDemented,0
C:\Users\HP\OneDrive\Documents\GitHub\MAJOR-PROJECT\archive\OriginalDataset\NonDemented\nonDem2308.jpg,NonDemented,0
C:\Users\HP\OneDrive\Documents\GitHub\MAJOR-PROJECT\archive\OriginalDataset\NonDemented\nonDem348.jpg,NonDemented,0
C:\Users\HP\OneDrive\Documents\GitHub\MAJOR-PROJECT\archive\OriginalDataset\VeryMildDemented\verymildDem860.jpg,VeryMildDemented,1
C:\Users\HP\OneDrive\Documents\GitHub\MAJOR-PROJECT\archive\OriginalDataset\MildDemented\28 (14).jpg,MildDemented,1
C:\Users\HP\OneDrive\Documents\GitHub\MAJOR-PROJECT\archive\OriginalDataset\VeryMildDemented\verymildDem1665.jpg,VeryMildDemented,1
C:\Users\HP\OneDrive\Documents\GitHub\MAJOR-PROJECT\archive\OriginalDataset\NonDemented\nonDem2041.jpg,NonDemented,0
C:\Users\HP\OneDrive\Documents\GitHub\MAJOR-PROJECT\archive\OriginalDataset\NonDemented\nonDem1298.jpg,NonDemented,0
C:\Users\HP\OneDrive\Documents\GitHub\MAJOR-PROJECT\archive\OriginalDataset\VeryMildDemented\verymildDem1786.jpg,VeryMildDemented,1
C:\Users\HP\OneDrive\Documents\GitHub\MAJOR-PROJECT\archive\OriginalDataset\NonDemented\nonDem595.jpg,NonDemented,0
C:\Users\HP\OneDrive\Documents\GitHub\MAJOR-PROJECT\archive\OriginalDataset\NonDemented\nonDem1754.jpg,NonDemented,0
C:\Users\HP\OneDrive\Documents\GitHub\MAJOR-PROJECT\archive\OriginalDataset\MildDemented\mildDem220.jpg,MildDemented,1
C:\Users\HP\OneDrive\Documents\GitHub\MAJOR-PROJECT\archive\OriginalDataset\MildDemented\mildDem371.jpg,MildDemented,1
C:\Users\HP\OneDrive\Documents\GitHub\MAJOR-PROJECT\archive\OriginalDataset\VeryMildDemented\verymildDem424.jpg,VeryMildDemented,1
C:\Users\HP\OneDrive\Documents\GitHub\MAJOR-PROJECT\archive\OriginalDataset\NonDemented\nonDem1270.jpg,NonDemented,0
C:\Users\HP\OneDrive\Documents\GitHub\MAJOR-PROJECT\archive\OriginalDataset\MildDemented\mildDem5.jpg,MildDemented,1
C:\Users\HP\OneDrive\Documents\GitHub\MAJOR-PROJECT\archive\OriginalDataset\VeryMildDemented\verymildDem1643.jpg,VeryMildDemented,1
C:\Users\HP\OneDrive\Documents\GitHub\MAJOR-PROJECT\archive\OriginalDataset\VeryMildDemented\verymildDem1423.jpg,VeryMildDemented,1
C:\Users\HP\OneDrive\Documents\GitHub\MAJOR-PROJECT\archive\OriginalDataset\NonDemented\nonDem1557.jpg,NonDemented,0
C:\Users\HP\OneDrive\Documents\GitHub\MAJOR-PROJECT\archive\OriginalDataset\VeryMildDemented\verymildDem546.jpg,VeryMildDemented,1
C:\Users\HP\OneDrive\Documents\GitHub\MAJOR-PROJECT\archive\OriginalDataset\NonDemented\nonDem1661.jpg,NonDemented,0
C:\Users\HP\OneDrive\Documents\GitHub\MAJOR-PROJECT\archive\OriginalDataset\NonDemented\nonDem1984.jpg,NonDemented,0
C:\Users\HP\OneDrive\Documents\GitHub\MAJOR-PROJECT\archive\OriginalDataset\VeryMildDemented\verymildDem1680.jpg,VeryMildDemented,1
C:\Users\HP\OneDrive\Documents\GitHub\MAJOR-PROJECT\archive\OriginalDataset\VeryMildDemented\verymildDem14.jpg,VeryMildDemented,1
C:\Users\HP\OneDrive\Documents\GitHub\MAJOR-PROJECT\archive\OriginalDataset\VeryMildDemented\verymildDem209.jpg,VeryMildDemented,1
C:\Users\HP\OneDrive\Documents\GitHub\MAJOR-PROJECT\archive\OriginalDataset\NonDemented\nonDem2537.jpg,NonDemented,0
C:\Users\HP\OneDrive\Documents\GitHub\MAJOR-PROJECT\archive\OriginalDataset\VeryMildDemented\30 (28).jpg,VeryMildDemented,1
C:\Users\HP\OneDrive\Documents\GitHub\MAJOR-PROJECT\archive\OriginalDataset\NonDemented\nonDem528.jpg,NonDemented,0
C:\Users\HP\OneDrive\Documents\GitHub\MAJOR-PROJECT\archive\OriginalDataset\NonDemented\nonDem2230.jpg,NonDemented,0
C:\Users\HP\OneDrive\Documents\GitHub\MAJOR-PROJECT\archive\OriginalDataset\NonDemented\nonDem1927.jpg,NonDemented,0
C:\Users\HP\OneDrive\Documents\GitHub\MAJOR-PROJECT\archive\OriginalDataset\NonDemented\nonDem842.jpg,NonDemented,0
C:\Users\HP\OneDrive\Documents\GitHub\MAJOR-PROJECT\archive\OriginalDataset\NonDemented\nonDem1729.jpg,NonDemented,0
C:\Users\HP\OneDrive\Documents\GitHub\MAJOR-PROJECT\archive\OriginalDataset\MildDemented\mildDem370.jpg,MildDemented,1
C:\Users\HP\OneDrive\Documents\GitHub\MAJOR-PROJECT\archive\OriginalDataset\VeryMildDemented\verymildDem969.jpg,VeryMildDemented,1
C:\Users\HP\OneDrive\Documents\GitHub\MAJOR-PROJECT\archive\OriginalDataset\NonDemented\nonDem1710.jpg,NonDemented,0
C:\Users\HP\OneDrive\Documents\GitHub\MAJOR-PROJECT\archive\OriginalDataset\NonDemented\nonDem1229.jpg,NonDemented,0
C:\Users\HP\OneDrive\Documents\GitHub\MAJOR-PROJECT\archive\OriginalDataset\VeryMildDemented\verymildDem478.jpg,VeryMildDemented,1
C:\Users\HP\OneDrive\Documents\GitHub\MAJOR-PROJECT\archive\OriginalDataset\VeryMildDemented\verymildDem373.jpg,VeryMildDemented,1
C:\Users\HP\OneDrive\Documents\GitHub\MAJOR-PROJECT\archive\OriginalDataset\NonDemented\nonDem1111.jpg,NonDemented,0
C:\Users\HP\OneDrive\Documents\GitHub\MAJOR-PROJECT\archive\OriginalDataset\VeryMildDemented\30 (17).jpg,VeryMildDemented,1
C:\Users\HP\OneDrive\Documents\GitHub\MAJOR-PROJECT\archive\OriginalDataset\NonDemented\nonDem143.jpg,NonDemented,0
C:\Users\HP\OneDrive\Documents\GitHub\MAJOR-PROJECT\archive\OriginalDataset\NonDemented\nonDem554.jpg,NonDemented,0
C:\Users\HP\OneDrive\Documents\GitHub\MAJOR-PROJECT\archive\OriginalDataset\NonDemented\29 (41).jpg,NonDemented,0
C:\Users\HP\OneDrive\Documents\GitHub\MAJOR-PROJECT\archive\OriginalDataset\NonDemented\nonDem1325.jpg,NonDemented,0
C:\Users\HP\OneDrive\Documents\GitHub\MAJOR-PROJECT\archive\OriginalDataset\VeryMildDemented\verymildDem932.jpg,VeryMildDemented,1
C:\Users\HP\OneDrive\Documents\GitHub\MAJOR-PROJECT\archive\OriginalDataset\NonDemented\32 (13).jpg,NonDemented,0
C:\Users\HP\OneDrive\Documents\GitHub\MAJOR-PROJECT\archive\OriginalDataset\MildDemented\mildDem540.jpg,MildDemented,1
C:\Users\HP\OneDrive\Documents\GitHub\MAJOR-PROJECT\archive\OriginalDataset\NonDemented\nonDem1501.jpg,NonDemented,0
C:\Users\HP\OneDrive\Documents\GitHub\MAJOR-PROJECT\archive\OriginalDataset\NonDemented\nonDem1935.jpg,NonDemented,0
C:\Users\HP\OneDrive\Documents\GitHub\MAJOR-PROJECT\archive\OriginalDataset\VeryMildDemented\verymildDem143.jpg,VeryMildDemented,1
C:\Users\HP\OneDrive\Documents\GitHub\MAJOR-PROJECT\archive\OriginalDataset\VeryMildDemented\verymildDem759.jpg,VeryMildDemented,1
C:\Users\HP\OneDrive\Documents\GitHub\MAJOR-PROJECT\archive\OriginalDataset\NonDemented\nonDem176.jpg,NonDemented,0
C:\Users\HP\OneDrive\Documents\GitHub\MAJOR-PROJECT\archive\OriginalDataset\NonDemented\28 (11).jpg,NonDemented,0
C:\Users\HP\OneDrive\Documents\GitHub\MAJOR-PROJECT\archive\OriginalDataset\VeryMildDemented\verymildDem745.jpg,VeryMildDemented,1
C:\Users\HP\OneDrive\Documents\GitHub\MAJOR-PROJECT\archive\OriginalDataset\NonDemented\nonDem2106.jpg,NonDemented,0
C:\Users\HP\OneDrive\Documents\GitHub\MAJOR-PROJECT\archive\OriginalDataset\VeryMildDemented\verymildDem178.jpg,VeryMildDemented,1
C:\Users\HP\OneDrive\Documents\GitHub\MAJOR-PROJECT\archive\OriginalDataset\NonDemented\nonDem728.jpg,NonDemented,0
C:\Users\HP\OneDrive\Documents\GitHub\MAJOR-PROJECT\archive\OriginalDataset\NonDemented\nonDem1415.jpg,NonDemented,0
C:\Users\HP\OneDrive\Documents\GitHub\MAJOR-PROJECT\archive\OriginalDataset\NonDemented\nonDem1216.jpg,NonDemented,0
C:\Users\HP\OneDrive\Documents\GitHub\MAJOR-PROJECT\archive\OriginalDataset\VeryMildDemented\verymildDem1627.jpg,VeryMildDemented,1
C:\Users\HP\OneDrive\Documents\GitHub\MAJOR-PROJECT\archive\OriginalDataset\NonDemented\nonDem73.jpg,NonDemented,0
C:\Users\HP\OneDrive\Documents\GitHub\MAJOR-PROJECT\archive\OriginalDataset\NonDemented\nonDem2488.jpg,NonDemented,0
C:\Users\HP\OneDrive\Documents\GitHub\MAJOR-PROJECT\archive\OriginalDataset\VeryMildDemented\verymildDem1521.jpg,VeryMildDemented,1
C:\Users\HP\OneDrive\Documents\GitHub\MAJOR-PROJECT\archive\OriginalDataset\VeryMildDemented\verymildDem726.jpg,VeryMildDemented,1
C:\Users\HP\OneDrive\Documents\GitHub\MAJOR-PROJECT\archive\OriginalDataset\MildDemented\28 (23).jpg,MildDemented,1
C:\Users\HP\OneDrive\Documents\GitHub\MAJOR-PROJECT\archive\OriginalDataset\NonDemented\nonDem49.jpg,NonDemented,0
C:\Users\HP\OneDrive\Documents\GitHub\MAJOR-PROJECT\archive\OriginalDataset\VeryMildDemented\verymildDem305.jpg,VeryMildDemented,1
C:\Users\HP\OneDrive\Documents\GitHub\MAJOR-PROJECT\archive\OriginalDataset\VeryMildDemented\29 (60).jpg,VeryMildDemented,1
C:\Users\HP\OneDrive\Documents\GitHub\MAJOR-PROJECT\archive\OriginalDataset\NonDemented\nonDem1024.jpg,NonDemented,0
C:\Users\HP\OneDrive\Documents\GitHub\MAJOR-PROJECT\archive\OriginalDataset\NonDemented\nonDem565.jpg,NonDemented,0
C:\Users\HP\OneDrive\Documents\GitHub\MAJOR-PROJECT\archive\OriginalDataset\VeryMildDemented\verymildDem1294.jpg,VeryMildDemented,1
C:\Users\HP\OneDrive\Documents\GitHub\MAJOR-PROJECT\archive\OriginalDataset\NonDemented\nonDem699.jpg,NonDemented,0
C:\Users\HP\OneDrive\Documents\GitHub\MAJOR-PROJECT\archive\OriginalDataset\NonDemented\29 (61).jpg,NonDemented,0
C:\Users\HP\OneDrive\Documents\GitHub\MAJOR-PROJECT\archive\OriginalDataset\VeryMildDemented\verymildDem1463.jpg,VeryMildDemented,1
C:\Users\HP\OneDrive\Documents\GitHub\MAJOR-PROJECT\archive\OriginalDataset\VeryMildDemented\verymildDem530.jpg,VeryMildDemented,1
C:\Users\HP\OneDrive\Documents\GitHub\MAJOR-PROJECT\archive\OriginalDataset\VeryMildDemented\verymildDem1779.jpg,VeryMildDemented,1
C:\Users\HP\OneDrive\Documents\GitHub\MAJOR-PROJECT\archive\OriginalDataset\VeryMildDemented\verymildDem532.jpg,VeryMildDemented,1
C:\Users\HP\OneDrive\Documents\GitHub\MAJOR-PROJECT\archive\OriginalDataset\NonDemented\nonDem2136.jpg,NonDemented,0
C:\Users\HP\OneDrive\Documents\GitHub\MAJOR-PROJECT\archive\OriginalDataset\NonDemented\nonDem763.jpg,NonDemented,0
C:\Users\HP\OneDrive\Documents\GitHub\MAJOR-PROJECT\archive\OriginalDataset\NonDemented\nonDem1585.jpg,NonDemented,0
C:\Users\HP\OneDrive\Documents\GitHub\MAJOR-PROJECT\archive\OriginalDataset\NonDemented\nonDem196.jpg,NonDemented,0
C:\Users\HP\OneDrive\Documents\GitHub\MAJOR-PROJECT\archive\OriginalDataset\NonDemented\nonDem912.jpg,NonDemented,0
C:\Users\HP\OneDrive\Documents\GitHub\MAJOR-PROJECT\archive\OriginalDataset\VeryMildDemented\verymildDem682.jpg,VeryMildDemented,1
C:\Users\HP\OneDrive\Documents\GitHub\MAJOR-PROJECT\archive\OriginalDataset\VeryMildDemented\verymildDem1604.jpg,VeryMildDemented,1
C:\Users\HP\OneDrive\Documents\GitHub\MAJOR-PROJECT\archive\OriginalDataset\VeryMildDemented\verymildDem1679.jpg,VeryMildDemented,1
C:\Users\HP\OneDrive\Documents\GitHub\MAJOR-PROJECT\archive\OriginalDataset\VeryMildDemented\verymildDem1205.jpg,VeryMildDemented,1
C:\Users\HP\OneDrive\Documents\GitHub\MAJOR-PROJECT\archive\OriginalDataset\VeryMildDemented\verymildDem251.jpg,VeryMildDemented,1
C:\Users\HP\OneDrive\Documents\GitHub\MAJOR-PROJECT\archive\OriginalDataset\VeryMildDemented\verymildDem576.jpg,VeryMildDemented,1
C:\Users\HP\OneDrive\Documents\GitHub\MAJOR-PROJECT\archive\OriginalDataset\NonDemented\nonDem2001.jpg,NonDemented,0
C:\Users\HP\OneDrive\Documents\GitHub\MAJOR-PROJECT\archive\OriginalDataset\MildDemented\mildDem163.jpg,MildDemented,1
C:\Users\HP\OneDrive\Documents\GitHub\MAJOR-PROJECT\archive\OriginalDataset\NonDemented\nonDem2426.jpg,NonDemented,0
C:\Users\HP\OneDrive\Documents\GitHub\MAJOR-PROJECT\archive\OriginalDataset\NonDemented\29 (95).jpg,NonDemented,0
C:\Users\HP\OneDrive\Documents\GitHub\MAJOR-PROJECT\archive\OriginalDataset\NonDemented\27 (85).jpg,NonDemented,0
C:\Users\HP\OneDrive\Documents\GitHub\MAJOR-PROJECT\archive\OriginalDataset\NonDemented\nonDem2307.jpg,NonDemented,0
C:\Users\HP\OneDrive\Documents\GitHub\MAJOR-PROJECT\archive\OriginalDataset\NonDemented\32 (73).jpg,NonDemented,0
C:\Users\HP\OneDrive\Documents\GitHub\MAJOR-PROJECT\archive\OriginalDataset\NonDemented\nonDem1840.jpg,NonDemented,0
C:\Users\HP\OneDrive\Documents\GitHub\MAJOR-PROJECT\archive\OriginalDataset\NonDemented\nonDem460.jpg,NonDemented,0
C:\Users\HP\OneDrive\Documents\GitHub\MAJOR-PROJECT\archive\OriginalDataset\VeryMildDemented\verymildDem191.jpg,VeryMildDemented,1
C:\Users\HP\OneDrive\Documents\GitHub\MAJOR-PROJECT\archive\OriginalDataset\NonDemented\nonDem661.jpg,NonDemented,0
C:\Users\HP\OneDrive\Documents\GitHub\MAJOR-PROJECT\archive\OriginalDataset\MildDemented\mildDem534.jpg,MildDemented,1
C:\Users\HP\OneDrive\Documents\GitHub\MAJOR-PROJECT\archive\OriginalDataset\NonDemented\28 (52).jpg,NonDemented,0
C:\Users\HP\OneDrive\Documents\GitHub\MAJOR-PROJECT\archive\OriginalDataset\MildDemented\26 (19).jpg,MildDemented,1
C:\Users\HP\OneDrive\Documents\GitHub\MAJOR-PROJECT\archive\OriginalDataset\MildDemented\31 (7).jpg,MildDemented,1
C:\Users\HP\OneDrive\Documents\GitHub\MAJOR-PROJECT\archive\OriginalDataset\VeryMildDemented\26 (53).jpg,VeryMildDemented,1
C:\Users\HP\OneDrive\Documents\GitHub\MAJOR-PROJECT\archive\OriginalDataset\VeryMildDemented\28 (11).jpg,VeryMildDemented,1
C:\Users\HP\OneDrive\Documents\GitHub\MAJOR-PROJECT\archive\OriginalDataset\NonDemented\nonDem2536.jpg,NonDemented,0
C:\Users\HP\OneDrive\Documents\GitHub\MAJOR-PROJECT\archive\OriginalDataset\VeryMildDemented\28 (62).jpg,VeryMildDemented,1
C:\Users\HP\OneDrive\Documents\GitHub\MAJOR-PROJECT\archive\OriginalDataset\VeryMildDemented\verymildDem634.jpg,VeryMildDemented,1
C:\Users\HP\OneDrive\Documents\GitHub\MAJOR-PROJECT\archive\OriginalDataset\MildDemented\mildDem471.jpg,MildDemented,1
C:\Users\HP\OneDrive\Documents\GitHub\MAJOR-PROJECT\archive\OriginalDataset\VeryMildDemented\verymildDem121.jpg,VeryMildDemented,1
C:\Users\HP\OneDrive\Documents\GitHub\MAJOR-PROJECT\archive\OriginalDataset\NonDemented\nonDem848.jpg,NonDemented,0
C:\Users\HP\OneDrive\Documents\GitHub\MAJOR-PROJECT\archive\OriginalDataset\NonDemented\nonDem1305.jpg,NonDemented,0
C:\Users\HP\OneDrive\Documents\GitHub\MAJOR-PROJECT\archive\OriginalDataset\VeryMildDemented\verymildDem1210.jpg,VeryMildDemented,1
C:\Users\HP\OneDrive\Documents\GitHub\MAJOR-PROJECT\archive\OriginalDataset\NonDemented\26 (89).jpg,NonDemented,0
C:\Users\HP\OneDrive\Documents\GitHub\MAJOR-PROJECT\archive\OriginalDataset\NonDemented\nonDem562.jpg,NonDemented,0
C:\Users\HP\OneDrive\Documents\GitHub\MAJOR-PROJECT\archive\OriginalDataset\NonDemented\nonDem691.jpg,NonDemented,0
C:\Users\HP\OneDrive\Documents\GitHub\MAJOR-PROJECT\archive\OriginalDataset\VeryMildDemented\verymildDem950.jpg,VeryMildDemented,1
C:\Users\HP\OneDrive\Documents\GitHub\MAJOR-PROJECT\archive\OriginalDataset\VeryMildDemented\29 (38).jpg,VeryMildDemented,1
C:\Users\HP\OneDrive\Documents\GitHub\MAJOR-PROJECT\archive\OriginalDataset\NonDemented\nonDem1458.jpg,NonDemented,0
C:\Users\HP\OneDrive\Documents\GitHub\MAJOR-PROJECT\archive\OriginalDataset\VeryMildDemented\28 (18).jpg,VeryMildDemented,1
C:\Users\HP\OneDrive\Documents\GitHub\MAJOR-PROJECT\archive\OriginalDataset\VeryMildDemented\verymildDem1489.jpg,VeryMildDemented,1
C:\Users\HP\OneDrive\Documents\GitHub\MAJOR-PROJECT\archive\OriginalDataset\VeryMildDemented\26 (48).jpg,VeryMildDemented,1
C:\Users\HP\OneDrive\Documents\GitHub\MAJOR-PROJECT\archive\OriginalDataset\NonDemented\32 (59).jpg,NonDemented,0
C:\Users\HP\OneDrive\Documents\GitHub\MAJOR-PROJECT\archive\OriginalDataset\VeryMildDemented\29 (18).jpg,VeryMildDemented,1
C:\Users\HP\OneDrive\Documents\GitHub\MAJOR-PROJECT\archive\OriginalDataset\NonDemented\29 (92).jpg,NonDemented,0
C:\Users\HP\OneDrive\Documents\GitHub\MAJOR-PROJECT\archive\OriginalDataset\VeryMildDemented\verymildDem948.jpg,VeryMildDemented,1
C:\Users\HP\OneDrive\Documents\GitHub\MAJOR-PROJECT\archive\OriginalDataset\NonDemented\nonDem1819.jpg,NonDemented,0
C:\Users\HP\OneDrive\Documents\GitHub\MAJOR-PROJECT\archive\OriginalDataset\NonDemented\nonDem926.jpg,NonDemented,0
C:\Users\HP\OneDrive\Documents\GitHub\MAJOR-PROJECT\archive\OriginalDataset\NonDemented\30 (38).jpg,NonDemented,0
C:\Users\HP\OneDrive\Documents\GitHub\MAJOR-PROJECT\archive\OriginalDataset\MildDemented\mildDem50.jpg,MildDemented,1
C:\Users\HP\OneDrive\Documents\GitHub\MAJOR-PROJECT\archive\OriginalDataset\NonDemented\31 (70).jpg,NonDemented,0
C:\Users\HP\OneDrive\Documents\GitHub\MAJOR-PROJECT\archive\OriginalDataset\VeryMildDemented\verymildDem663.jpg,VeryMildDemented,1
C:\Users\HP\OneDrive\Documents\GitHub\MAJOR-PROJECT\archive\OriginalDataset\NonDemented\nonDem1093.jpg,NonDemented,0
C:\Users\HP\OneDrive\Documents\GitHub\MAJOR-PROJECT\archive\OriginalDataset\NonDemented\26 (81).jpg,NonDemented,0
C:\Users\HP\OneDrive\Documents\GitHub\MAJOR-PROJECT\archive\OriginalDataset\VeryMildDemented\verymildDem845.jpg,VeryMildDemented,1
C:\Users\HP\OneDrive\Documents\GitHub\MAJOR-PROJECT\archive\OriginalDataset\MildDemented\26 (21).jpg,MildDemented,1
C:\Users\HP\OneDrive\Documents\GitHub\MAJOR-PROJECT\archive\OriginalDataset\MildDemented\mildDem643.jpg,MildDemented,1
C:\Users\HP\OneDrive\Documents\GitHub\MAJOR-PROJECT\archive\OriginalDataset\VeryMildDemented\verymildDem591.jpg,VeryMildDemented,1
C:\Users\HP\OneDrive\Documents\GitHub\MAJOR-PROJECT\archive\OriginalDataset\NonDemented\nonDem1666.jpg,NonDemented,0
C:\Users\HP\OneDrive\Documents\GitHub\MAJOR-PROJECT\archive\OriginalDataset\VeryMildDemented\verymildDem1026.jpg,VeryMildDemented,1
C:\Users\HP\OneDrive\Documents\GitHub\MAJOR-PROJECT\archive\OriginalDataset\NonDemented\nonDem2392.jpg,NonDemented,0
C:\Users\HP\OneDrive\Documents\GitHub\MAJOR-PROJECT\archive\OriginalDataset\NonDemented\nonDem765.jpg,NonDemented,0
C:\Users\HP\OneDrive\Documents\GitHub\MAJOR-PROJECT\archive\OriginalDataset\NonDemented\nonDem1467.jpg,NonDemented,0
C:\Users\HP\OneDrive\Documents\GitHub\MAJOR-PROJECT\archive\OriginalDataset\VeryMildDemented\verymildDem58.jpg,VeryMildDemented,1
C:\Users\HP\OneDrive\Documents\GitHub\MAJOR-PROJECT\archive\OriginalDataset\VeryMildDemented\30 (23).jpg,VeryMildDemented,1
C:\Users\HP\OneDrive\Documents\GitHub\MAJOR-PROJECT\archive\OriginalDataset\NonDemented\nonDem1159.jpg,NonDemented,0
C:\Users\HP\OneDrive\Documents\GitHub\MAJOR-PROJECT\archive\OriginalDataset\NonDemented\nonDem472.jpg,NonDemented,0
C:\Users\HP\OneDrive\Documents\GitHub\MAJOR-PROJECT\archive\OriginalDataset\VeryMildDemented\30 (29).jpg,VeryMildDemented,1
C:\Users\HP\OneDrive\Documents\GitHub\MAJOR-PROJECT\archive\OriginalDataset\MildDemented\mildDem304.jpg,MildDemented,1
C:\Users\HP\OneDrive\Documents\GitHub\MAJOR-PROJECT\archive\OriginalDataset\VeryMildDemented\verymildDem381.jpg,VeryMildDemented,1
C:\Users\HP\OneDrive\Documents\GitHub\MAJOR-PROJECT\archive\OriginalDataset\MildDemented\mildDem606.jpg,MildDemented,1
C:\Users\HP\OneDrive\Documents\GitHub\MAJOR-PROJECT\archive\OriginalDataset\VeryMildDemented\27 (57).jpg,VeryMildDemented,1
C:\Users\HP\OneDrive\Documents\GitHub\MAJOR-PROJECT\archive\OriginalDataset\MildDemented\mildDem555.jpg,MildDemented,1
C:\Users\HP\OneDrive\Documents\GitHub\MAJOR-PROJECT\archive\OriginalDataset\MildDemented\mildDem594.jpg,MildDemented,1
C:\Users\HP\OneDrive\Documents\GitHub\MAJOR-PROJECT\archive\OriginalDataset\MildDemented\mildDem451.jpg,MildDemented,1
C:\Users\HP\OneDrive\Documents\GitHub\MAJOR-PROJECT\archive\OriginalDataset\VeryMildDemented\verymildDem1475.jpg,VeryMildDemented,1
C:\Users\HP\OneDrive\Documents\GitHub\MAJOR-PROJECT\archive\OriginalDataset\VeryMildDemented\verymildDem1741.jpg,VeryMildDemented,1
C:\Users\HP\OneDrive\Documents\GitHub\MAJOR-PROJECT\archive\OriginalDataset\MildDemented\mildDem162.jpg,MildDemented,1
C:\Users\HP\OneDrive\Documents\GitHub\MAJOR-PROJECT\archive\OriginalDataset\VeryMildDemented\verymildDem1446.jpg,VeryMildDemented,1
C:\Users\HP\OneDrive\Documents\GitHub\MAJOR-PROJECT\archive\OriginalDataset\MildDemented\mildDem368.jpg,MildDemented,1
C:\Users\HP\OneDrive\Documents\GitHub\MAJOR-PROJECT\archive\OriginalDataset\VeryMildDemented\31 (44).jpg,VeryMildDemented,1
C:\Users\HP\OneDrive\Documents\GitHub\MAJOR-PROJECT\archive\OriginalDataset\NonDemented\28 (43).jpg,NonDemented,0
C:\Users\HP\OneDrive\Documents\GitHub\MAJOR-PROJECT\archive\OriginalDataset\VeryMildDemented\verymildDem65.jpg,VeryMildDemented,1
C:\Users\HP\OneDrive\Documents\GitHub\MAJOR-PROJECT\archive\OriginalDataset\NonDemented\26 (94).jpg,NonDemented,0
C:\Users\HP\OneDrive\Documents\GitHub\MAJOR-PROJECT\archive\OriginalDataset\NonDemented\32 (25).jpg,NonDemented,0
C:\Users\HP\OneDrive\Documents\GitHub\MAJOR-PROJECT\archive\OriginalDataset\VeryMildDemented\verymildDem677.jpg,VeryMildDemented,1
C:\Users\HP\OneDrive\Documents\GitHub\MAJOR-PROJECT\archive\OriginalDataset\NonDemented\30 (88).jpg,NonDemented,0
C:\Users\HP\OneDrive\Documents\GitHub\MAJOR-PROJECT\archive\OriginalDataset\VeryMildDemented\32 (40).jpg,VeryMildDemented,1
C:\Users\HP\OneDrive\Documents\GitHub\MAJOR-PROJECT\archive\OriginalDataset\VeryMildDemented\verymildDem1709.jpg,VeryMildDemented,1
C:\Users\HP\OneDrive\Documents\GitHub\MAJOR-PROJECT\archive\OriginalDataset\NonDemented\nonDem255.jpg,NonDemented,0
C:\Users\HP\OneDrive\Documents\GitHub\MAJOR-PROJECT\archive\OriginalDataset\MildDemented\31 (17).jpg,MildDemented,1
C:\Users\HP\OneDrive\Documents\GitHub\MAJOR-PROJECT\archive\OriginalDataset\NonDemented\nonDem478.jpg,NonDemented,0
C:\Users\HP\OneDrive\Documents\GitHub\MAJOR-PROJECT\archive\OriginalDataset\VeryMildDemented\verymildDem1411.jpg,VeryMildDemented,1
C:\Users\HP\OneDrive\Documents\GitHub\MAJOR-PROJECT\archive\OriginalDataset\NonDemented\nonDem130.jpg,NonDemented,0
C:\Users\HP\OneDrive\Documents\GitHub\MAJOR-PROJECT\archive\OriginalDataset\NonDemented\nonDem340.jpg,NonDemented,0
C:\Users\HP\OneDrive\Documents\GitHub\MAJOR-PROJECT\archive\OriginalDataset\MildDemented\mildDem326.jpg,MildDemented,1
C:\Users\HP\OneDrive\Documents\GitHub\MAJOR-PROJECT\archive\OriginalDataset\VeryMildDemented\verymildDem1112.jpg,VeryMildDemented,1
C:\Users\HP\OneDrive\Documents\GitHub\MAJOR-PROJECT\archive\OriginalDataset\NonDemented\nonDem1869.jpg,NonDemented,0
C:\Users\HP\OneDrive\Documents\GitHub\MAJOR-PROJECT\archive\OriginalDataset\MildDemented\mildDem217.jpg,MildDemented,1
C:\Users\HP\OneDrive\Documents\GitHub\MAJOR-PROJECT\archive\OriginalDataset\MildDemented\mildDem608.jpg,MildDemented,1
C:\Users\HP\OneDrive\Documents\GitHub\MAJOR-PROJECT\archive\OriginalDataset\VeryMildDemented\verymildDem1089.jpg,VeryMildDemented,1
C:\Users\HP\OneDrive\Documents\GitHub\MAJOR-PROJECT\archive\OriginalDataset\VeryMildDemented\verymildDem1789.jpg,VeryMildDemented,1
C:\Users\HP\OneDrive\Documents\GitHub\MAJOR-PROJECT\archive\OriginalDataset\VeryMildDemented\verymildDem628.jpg,VeryMildDemented,1
C:\Users\HP\OneDrive\Documents\GitHub\MAJOR-PROJECT\archive\OriginalDataset\VeryMildDemented\30 (8).jpg,VeryMildDemented,1
C:\Users\HP\OneDrive\Documents\GitHub\MAJOR-PROJECT\archive\OriginalDataset\VeryMildDemented\verymildDem709.jpg,VeryMildDemented,1
C:\Users\HP\OneDrive\Documents\GitHub\MAJOR-PROJECT\archive\OriginalDataset\NonDemented\nonDem1520.jpg,NonDemented,0
C:\Users\HP\OneDrive\Documents\GitHub\MAJOR-PROJECT\archive\OriginalDataset\NonDemented\nonDem1569.jpg,NonDemented,0
C:\Users\HP\OneDrive\Documents\GitHub\MAJOR-PROJECT\archive\OriginalDataset\NonDemented\27 (12).jpg,NonDemented,0
C:\Users\HP\OneDrive\Documents\GitHub\MAJOR-PROJECT\archive\OriginalDataset\VeryMildDemented\27 (34).jpg,VeryMildDemented,1
C:\Users\HP\OneDrive\Documents\GitHub\MAJOR-PROJECT\archive\OriginalDataset\NonDemented\nonDem983.jpg,NonDemented,0
C:\Users\HP\OneDrive\Documents\GitHub\MAJOR-PROJECT\archive\OriginalDataset\NonDemented\nonDem1988.jpg,NonDemented,0
C:\Users\HP\OneDrive\Documents\GitHub\MAJOR-PROJECT\archive\OriginalDataset\VeryMildDemented\verymildDem390.jpg,VeryMildDemented,1
C:\Users\HP\OneDrive\Documents\GitHub\MAJOR-PROJECT\archive\OriginalDataset\NonDemented\nonDem320.jpg,NonDemented,0
C:\Users\HP\OneDrive\Documents\GitHub\MAJOR-PROJECT\archive\OriginalDataset\NonDemented\nonDem1581.jpg,NonDemented,0
C:\Users\HP\OneDrive\Documents\GitHub\MAJOR-PROJECT\archive\OriginalDataset\NonDemented\nonDem900.jpg,NonDemented,0
C:\Users\HP\OneDrive\Documents\GitHub\MAJOR-PROJECT\archive\OriginalDataset\VeryMildDemented\verymildDem1186.jpg,VeryMildDemented,1
C:\Users\HP\OneDrive\Documents\GitHub\MAJOR-PROJECT\archive\OriginalDataset\NonDemented\nonDem1320.jpg,NonDemented,0
C:\Users\HP\OneDrive\Documents\GitHub\MAJOR-PROJECT\archive\OriginalDataset\VeryMildDemented\verymildDem1342.jpg,VeryMildDemented,1
C:\Users\HP\OneDrive\Documents\GitHub\MAJOR-PROJECT\archive\OriginalDataset\VeryMildDemented\verymildDem1418.jpg,VeryMildDemented,1
C:\Users\HP\OneDrive\Documents\GitHub\MAJOR-PROJECT\archive\OriginalDataset\NonDemented\nonDem584.jpg,NonDemented,0
C:\Users\HP\OneDrive\Documents\GitHub\MAJOR-PROJECT\archive\OriginalDataset\VeryMildDemented\verymildDem1250.jpg,VeryMildDemented,1
C:\Users\HP\OneDrive\Documents\GitHub\MAJOR-PROJECT\archive\OriginalDataset\NonDemented\29 (72).jpg,NonDemented,0
C:\Users\HP\OneDrive\Documents\GitHub\MAJOR-PROJECT\archive\OriginalDataset\NonDemented\nonDem2179.jpg,NonDemented,0
C:\Users\HP\OneDrive\Documents\GitHub\MAJOR-PROJECT\archive\OriginalDataset\NonDemented\31 (51).jpg,NonDemented,0
C:\Users\HP\OneDrive\Documents\GitHub\MAJOR-PROJECT\archive\OriginalDataset\VeryMildDemented\32.jpg,VeryMildDemented,1
C:\Users\HP\OneDrive\Documents\GitHub\MAJOR-PROJECT\archive\OriginalDataset\MildDemented\32.jpg,MildDemented,1
C:\Users\HP\OneDrive\Documents\GitHub\MAJOR-PROJECT\archive\OriginalDataset\VeryMildDemented\verymildDem1577.jpg,VeryMildDemented,1
C:\Users\HP\OneDrive\Documents\GitHub\MAJOR-PROJECT\archive\OriginalDataset\NonDemented\30.jpg,NonDemented,0
C:\Users\HP\OneDrive\Documents\GitHub\MAJOR-PROJECT\archive\OriginalDataset\VeryMildDemented\verymildDem1605.jpg,VeryMildDemented,1
C:\Users\HP\OneDrive\Documents\GitHub\MAJOR-PROJECT\archive\OriginalDataset\VeryMildDemented\verymildDem1067.jpg,VeryMildDemented,1
C:\Users\HP\OneDrive\Documents\GitHub\MAJOR-PROJECT\archive\OriginalDataset\VeryMildDemented\verymildDem149.jpg,VeryMildDemented,1
C:\Users\HP\OneDrive\Documents\GitHub\MAJOR-PROJECT\archive\OriginalDataset\NonDemented\nonDem1974.jpg,NonDemented,0
C:\Users\HP\OneDrive\Documents\GitHub\MAJOR-PROJECT\archive\OriginalDataset\VeryMildDemented\verymildDem1745.jpg,VeryMildDemented,1
C:\Users\HP\OneDrive\Documents\GitHub\MAJOR-PROJECT\archive\OriginalDataset\NonDemented\nonDem2234.jpg,NonDemented,0
C:\Users\HP\OneDrive\Documents\GitHub\MAJOR-PROJECT\archive\OriginalDataset\VeryMildDemented\verymildDem1668.jpg,VeryMildDemented,1
C:\Users\HP\OneDrive\Documents\GitHub\MAJOR-PROJECT\archive\OriginalDataset\MildDemented\mildDem11.jpg,MildDemented,1
C:\Users\HP\OneDrive\Documents\GitHub\MAJOR-PROJECT\archive\OriginalDataset\VeryMildDemented\verymildDem1756.jpg,VeryMildDemented,1
C:\Users\HP\OneDrive\Documents\GitHub\MAJOR-PROJECT\archive\OriginalDataset\VeryMildDemented\verymildDem57.jpg,VeryMildDemented,1
C:\Users\HP\OneDrive\Documents\GitHub\MAJOR-PROJECT\archive\OriginalDataset\VeryMildDemented\verymildDem126.jpg,VeryMildDemented,1
C:\Users\HP\OneDrive\Documents\GitHub\MAJOR-PROJECT\archive\OriginalDataset\MildDemented\mildDem476.jpg,MildDemented,1
C:\Users\HP\OneDrive\Documents\GitHub\MAJOR-PROJECT\archive\OriginalDataset\VeryMildDemented\32 (39).jpg,VeryMildDemented,1
C:\Users\HP\OneDrive\Documents\GitHub\MAJOR-PROJECT\archive\OriginalDataset\MildDemented\mildDem653.jpg,MildDemented,1
C:\Users\HP\OneDrive\Documents\GitHub\MAJOR-PROJECT\archive\OriginalDataset\VeryMildDemented\verymildDem459.jpg,VeryMildDemented,1
C:\Users\HP\OneDrive\Documents\GitHub\MAJOR-PROJECT\archive\OriginalDataset\VeryMildDemented\verymildDem1015.jpg,VeryMildDemented,1
C:\Users\HP\OneDrive\Documents\GitHub\MAJOR-PROJECT\archive\OriginalDataset\NonDemented\30 (81).jpg,NonDemented,0
C:\Users\HP\OneDrive\Documents\GitHub\MAJOR-PROJECT\archive\OriginalDataset\NonDemented\31 (3).jpg,NonDemented,0
C:\Users\HP\OneDrive\Documents\GitHub\MAJOR-PROJECT\archive\OriginalDataset\MildDemented\mildDem292.jpg,MildDemented,1
C:\Users\HP\OneDrive\Documents\GitHub\MAJOR-PROJECT\archive\OriginalDataset\NonDemented\nonDem1920.jpg,NonDemented,0
C:\Users\HP\OneDrive\Documents\GitHub\MAJOR-PROJECT\archive\OriginalDataset\VeryMildDemented\verymildDem972.jpg,VeryMildDemented,1
C:\Users\HP\OneDrive\Documents\GitHub\MAJOR-PROJECT\archive\OriginalDataset\VeryMildDemented\verymildDem1763.jpg,VeryMildDemented,1
C:\Users\HP\OneDrive\Documents\GitHub\MAJOR-PROJECT\archive\OriginalDataset\VeryMildDemented\verymildDem1753.jpg,VeryMildDemented,1
C:\Users\HP\OneDrive\Documents\GitHub\MAJOR-PROJECT\archive\OriginalDataset\VeryMildDemented\30 (40).jpg,VeryMildDemented,1
C:\Users\HP\OneDrive\Documents\GitHub\MAJOR-PROJECT\archive\OriginalDataset\ModerateDemented\28.jpg,ModerateDemented,1
C:\Users\HP\OneDrive\Documents\GitHub\MAJOR-PROJECT\archive\OriginalDataset\NonDemented\nonDem1563.jpg,NonDemented,0
C:\Users\HP\OneDrive\Documents\GitHub\MAJOR-PROJECT\archive\OriginalDataset\VeryMildDemented\verymildDem1182.jpg,VeryMildDemented,1
C:\Users\HP\OneDrive\Documents\GitHub\MAJOR-PROJECT\archive\OriginalDataset\NonDemented\nonDem1884.jpg,NonDemented,0
C:\Users\HP\OneDrive\Documents\GitHub\MAJOR-PROJECT\archive\OriginalDataset\VeryMildDemented\29 (3).jpg,VeryMildDemented,1
C:\Users\HP\OneDrive\Documents\GitHub\MAJOR-PROJECT\archive\OriginalDataset\NonDemented\nonDem1327.jpg,NonDemented,0
C:\Users\HP\OneDrive\Documents\GitHub\MAJOR-PROJECT\archive\OriginalDataset\MildDemented\mildDem12.jpg,MildDemented,1
C:\Users\HP\OneDrive\Documents\GitHub\MAJOR-PROJECT\archive\OriginalDataset\NonDemented\nonDem1437.jpg,NonDemented,0
C:\Users\HP\OneDrive\Documents\GitHub\MAJOR-PROJECT\archive\OriginalDataset\NonDemented\nonDem1264.jpg,NonDemented,0
C:\Users\HP\OneDrive\Documents\GitHub\MAJOR-PROJECT\archive\OriginalDataset\NonDemented\nonDem1267.jpg,NonDemented,0
C:\Users\HP\OneDrive\Documents\GitHub\MAJOR-PROJECT\archive\OriginalDataset\VeryMildDemented\verymildDem979.jpg,VeryMildDemented,1
C:\Users\HP\OneDrive\Documents\GitHub\MAJOR-PROJECT\archive\OriginalDataset\NonDemented\nonDem369.jpg,NonDemented,0
C:\Users\HP\OneDrive\Documents\GitHub\MAJOR-PROJECT\archive\OriginalDataset\NonDemented\29 (32).jpg,NonDemented,0
C:\Users\HP\OneDrive\Documents\GitHub\MAJOR-PROJECT\archive\OriginalDataset\NonDemented\29 (13).jpg,NonDemented,0
C:\Users\HP\OneDrive\Documents\GitHub\MAJOR-PROJECT\archive\OriginalDataset\NonDemented\nonDem450.jpg,NonDemented,0
C:\Users\HP\OneDrive\Documents\GitHub\MAJOR-PROJECT\archive\OriginalDataset\MildDemented\mildDem452.jpg,MildDemented,1
C:\Users\HP\OneDrive\Documents\GitHub\MAJOR-PROJECT\archive\OriginalDataset\NonDemented\nonDem1580.jpg,NonDemented,0
C:\Users\HP\OneDrive\Documents\GitHub\MAJOR-PROJECT\archive\OriginalDataset\VeryMildDemented\verymildDem971.jpg,VeryMildDemented,1
C:\Users\HP\OneDrive\Documents\GitHub\MAJOR-PROJECT\archive\OriginalDataset\VeryMildDemented\verymildDem1008.jpg,VeryMildDemented,1
C:\Users\HP\OneDrive\Documents\GitHub\MAJOR-PROJECT\archive\OriginalDataset\MildDemented\28 (9).jpg,MildDemented,1
C:\Users\HP\OneDrive\Documents\GitHub\MAJOR-PROJECT\archive\OriginalDataset\NonDemented\nonDem1642.jpg,NonDemented,0
C:\Users\HP\OneDrive\Documents\GitHub\MAJOR-PROJECT\archive\OriginalDataset\NonDemented\nonDem561.jpg,NonDemented,0
C:\Users\HP\OneDrive\Documents\GitHub\MAJOR-PROJECT\archive\OriginalDataset\NonDemented\nonDem395.jpg,NonDemented,0
C:\Users\HP\OneDrive\Documents\GitHub\MAJOR-PROJECT\archive\OriginalDataset\NonDemented\nonDem820.jpg,NonDemented,0
C:\Users\HP\OneDrive\Documents\GitHub\MAJOR-PROJECT\archive\OriginalDataset\NonDemented\nonDem2393.jpg,NonDemented,0
C:\Users\HP\OneDrive\Documents\GitHub\MAJOR-PROJECT\archive\OriginalDataset\NonDemented\nonDem2175.jpg,NonDemented,0
C:\Users\HP\OneDrive\Documents\GitHub\MAJOR-PROJECT\archive\OriginalDataset\NonDemented\31 (82).jpg,NonDemented,0
C:\Users\HP\OneDrive\Documents\GitHub\MAJOR-PROJECT\archive\OriginalDataset\NonDemented\nonDem2292.jpg,NonDemented,0
C:\Users\HP\OneDrive\Documents\GitHub\MAJOR-PROJECT\archive\OriginalDataset\NonDemented\29 (27).jpg,NonDemented,0
C:\Users\HP\OneDrive\Documents\GitHub\MAJOR-PROJECT\archive\OriginalDataset\VeryMildDemented\verymildDem662.jpg,VeryMildDemented,1
C:\Users\HP\OneDrive\Documents\GitHub\MAJOR-PROJECT\archive\OriginalDataset\VeryMildDemented\verymildDem743.jpg,VeryMildDemented,1
C:\Users\HP\OneDrive\Documents\GitHub\MAJOR-PROJECT\archive\OriginalDataset\NonDemented\30 (42).jpg,NonDemented,0
C:\Users\HP\OneDrive\Documents\GitHub\MAJOR-PROJECT\archive\OriginalDataset\VeryMildDemented\verymildDem541.jpg,VeryMildDemented,1
C:\Users\HP\OneDrive\Documents\GitHub\MAJOR-PROJECT\archive\OriginalDataset\NonDemented\nonDem344.jpg,NonDemented,0
C:\Users\HP\OneDrive\Documents\GitHub\MAJOR-PROJECT\archive\OriginalDataset\VeryMildDemented\verymildDem1504.jpg,VeryMildDemented,1
C:\Users\HP\OneDrive\Documents\GitHub\MAJOR-PROJECT\archive\OriginalDataset\NonDemented\nonDem1383.jpg,NonDemented,0
C:\Users\HP\OneDrive\Documents\GitHub\MAJOR-PROJECT\archive\OriginalDataset\VeryMildDemented\verymildDem1040.jpg,VeryMildDemented,1
C:\Users\HP\OneDrive\Documents\GitHub\MAJOR-PROJECT\archive\OriginalDataset\MildDemented\mildDem385.jpg,MildDemented,1
C:\Users\HP\OneDrive\Documents\GitHub\MAJOR-PROJECT\archive\OriginalDataset\VeryMildDemented\verymildDem881.jpg,VeryMildDemented,1
C:\Users\HP\OneDrive\Documents\GitHub\MAJOR-PROJECT\archive\OriginalDataset\NonDemented\nonDem2022.jpg,NonDemented,0
C:\Users\HP\OneDrive\Documents\GitHub\MAJOR-PROJECT\archive\OriginalDataset\NonDemented\nonDem2418.jpg,NonDemented,0
C:\Users\HP\OneDrive\Documents\GitHub\MAJOR-PROJECT\archive\OriginalDataset\VeryMildDemented\verymildDem120.jpg,VeryMildDemented,1
C:\Users\HP\OneDrive\Documents\GitHub\MAJOR-PROJECT\archive\OriginalDataset\MildDemented\mildDem417.jpg,MildDemented,1
C:\Users\HP\OneDrive\Documents\GitHub\MAJOR-PROJECT\archive\OriginalDataset\MildDemented\mildDem427.jpg,MildDemented,1
C:\Users\HP\OneDrive\Documents\GitHub\MAJOR-PROJECT\archive\OriginalDataset\VeryMildDemented\verymildDem660.jpg,VeryMildDemented,1
C:\Users\HP\OneDrive\Documents\GitHub\MAJOR-PROJECT\archive\OriginalDataset\NonDemented\nonDem657.jpg,NonDemented,0
C:\Users\HP\OneDrive\Documents\GitHub\MAJOR-PROJECT\archive\OriginalDataset\VeryMildDemented\verymildDem1436.jpg,VeryMildDemented,1
C:\Users\HP\OneDrive\Documents\GitHub\MAJOR-PROJECT\archive\OriginalDataset\NonDemented\nonDem2187.jpg,NonDemented,0
C:\Users\HP\OneDrive\Documents\GitHub\MAJOR-PROJECT\archive\OriginalDataset\NonDemented\nonDem1883.jpg,NonDemented,0
C:\Users\HP\OneDrive\Documents\GitHub\MAJOR-PROJECT\archive\OriginalDataset\NonDemented\nonDem1963.jpg,NonDemented,0
C:\Users\HP\OneDrive\Documents\GitHub\MAJOR-PROJECT\archive\OriginalDataset\VeryMildDemented\verymildDem794.jpg,VeryMildDemented,1
C:\Users\HP\OneDrive\Documents\GitHub\MAJOR-PROJECT\archive\OriginalDataset\NonDemented\27 (80).jpg,NonDemented,0
C:\Users\HP\OneDrive\Documents\GitHub\MAJOR-PROJECT\archive\OriginalDataset\NonDemented\nonDem965.jpg,NonDemented,0
C:\Users\HP\OneDrive\Documents\GitHub\MAJOR-PROJECT\archive\OriginalDataset\VeryMildDemented\verymildDem1712.jpg,VeryMildDemented,1
C:\Users\HP\OneDrive\Documents\GitHub\MAJOR-PROJECT\archive\OriginalDataset\NonDemented\nonDem788.jpg,NonDemented,0
C:\Users\HP\OneDrive\Documents\GitHub\MAJOR-PROJECT\archive\OriginalDataset\NonDemented\nonDem2167.jpg,NonDemented,0
C:\Users\HP\OneDrive\Documents\GitHub\MAJOR-PROJECT\archive\OriginalDataset\MildDemented\mildDem413.jpg,MildDemented,1
C:\Users\HP\OneDrive\Documents\GitHub\MAJOR-PROJECT\archive\OriginalDataset\VeryMildDemented\verymildDem1125.jpg,VeryMildDemented,1
C:\Users\HP\OneDrive\Documents\GitHub\MAJOR-PROJECT\archive\OriginalDataset\NonDemented\30 (91).jpg,NonDemented,0
C:\Users\HP\OneDrive\Documents\GitHub\MAJOR-PROJECT\archive\OriginalDataset\MildDemented\mildDem705.jpg,MildDemented,1
C:\Users\HP\OneDrive\Documents\GitHub\MAJOR-PROJECT\archive\OriginalDataset\VeryMildDemented\verymildDem930.jpg,VeryMildDemented,1
C:\Users\HP\OneDrive\Documents\GitHub\MAJOR-PROJECT\archive\OriginalDataset\NonDemented\nonDem648.jpg,NonDemented,0
C:\Users\HP\OneDrive\Documents\GitHub\MAJOR-PROJECT\archive\OriginalDataset\NonDemented\nonDem435.jpg,NonDemented,0
C:\Users\HP\OneDrive\Documents\GitHub\MAJOR-PROJECT\archive\OriginalDataset\VeryMildDemented\31 (38).jpg,VeryMildDemented,1
C:\Users\HP\OneDrive\Documents\GitHub\MAJOR-PROJECT\archive\OriginalDataset\VeryMildDemented\verymildDem911.jpg,VeryMildDemented,1
C:\Users\HP\OneDrive\Documents\GitHub\MAJOR-PROJECT\archive\OriginalDataset\NonDemented\nonDem2413.jpg,NonDemented,0
C:\Users\HP\OneDrive\Documents\GitHub\MAJOR-PROJECT\archive\OriginalDataset\VeryMildDemented\verymildDem408.jpg,VeryMildDemented,1
C:\Users\HP\OneDrive\Documents\GitHub\MAJOR-PROJECT\archive\OriginalDataset\VeryMildDemented\32 (16).jpg,VeryMildDemented,1
C:\Users\HP\OneDrive\Documents\GitHub\MAJOR-PROJECT\archive\OriginalDataset\NonDemented\nonDem882.jpg,NonDemented,0
C:\Users\HP\OneDrive\Documents\GitHub\MAJOR-PROJECT\archive\OriginalDataset\VeryMildDemented\verymildDem1031.jpg,VeryMildDemented,1
C:\Users\HP\OneDrive\Documents\GitHub\MAJOR-PROJECT\archive\OriginalDataset\NonDemented\nonDem1541.jpg,NonDemented,0
C:\Users\HP\OneDrive\Documents\GitHub\MAJOR-PROJECT\archive\OriginalDataset\VeryMildDemented\verymildDem159.jpg,VeryMildDemented,1
C:\Users\HP\OneDrive\Documents\GitHub\MAJOR-PROJECT\archive\OriginalDataset\NonDemented\nonDem1032.jpg,NonDemented,0
C:\Users\HP\OneDrive\Documents\GitHub\MAJOR-PROJECT\archive\OriginalDataset\VeryMildDemented\verymildDem1039.jpg,VeryMildDemented,1
C:\Users\HP\OneDrive\Documents\GitHub\MAJOR-PROJECT\archive\OriginalDataset\NonDemented\nonDem1436.jpg,NonDemented,0
C:\Users\HP\OneDrive\Documents\GitHub\MAJOR-PROJECT\archive\OriginalDataset\NonDemented\nonDem2397.jpg,NonDemented,0
C:\Users\HP\OneDrive\Documents\GitHub\MAJOR-PROJECT\archive\OriginalDataset\NonDemented\nonDem449.jpg,NonDemented,0
C:\Users\HP\OneDrive\Documents\GitHub\MAJOR-PROJECT\archive\OriginalDataset\NonDemented\nonDem907.jpg,NonDemented,0
C:\Users\HP\OneDrive\Documents\GitHub\MAJOR-PROJECT\archive\OriginalDataset\VeryMildDemented\verymildDem204.jpg,VeryMildDemented,1
C:\Users\HP\OneDrive\Documents\GitHub\MAJOR-PROJECT\archive\OriginalDataset\NonDemented\nonDem2243.jpg,NonDemented,0
C:\Users\HP\OneDrive\Documents\GitHub\MAJOR-PROJECT\archive\OriginalDataset\VeryMildDemented\verymildDem348.jpg,VeryMildDemented,1
C:\Users\HP\OneDrive\Documents\GitHub\MAJOR-PROJECT\archive\OriginalDataset\VeryMildDemented\verymildDem874.jpg,VeryMildDemented,1
C:\Users\HP\OneDrive\Documents\GitHub\MAJOR-PROJECT\archive\OriginalDataset\NonDemented\nonDem475.jpg,NonDemented,0
C:\Users\HP\OneDrive\Documents\GitHub\MAJOR-PROJECT\archive\OriginalDataset\VeryMildDemented\verymildDem457.jpg,VeryMildDemented,1
C:\Users\HP\OneDrive\Documents\GitHub\MAJOR-PROJECT\archive\OriginalDataset\NonDemented\nonDem261.jpg,NonDemented,0
C:\Users\HP\OneDrive\Documents\GitHub\MAJOR-PROJECT\archive\OriginalDataset\VeryMildDemented\verymildDem835.jpg,VeryMildDemented,1
C:\Users\HP\OneDrive\Documents\GitHub\MAJOR-PROJECT\archive\OriginalDataset\NonDemented\nonDem881.jpg,NonDemented,0
C:\Users\HP\OneDrive\Documents\GitHub\MAJOR-PROJECT\archive\OriginalDataset\VeryMildDemented\verymildDem596.jpg,VeryMildDemented,1
C:\Users\HP\OneDrive\Documents\GitHub\MAJOR-PROJECT\archive\OriginalDataset\ModerateDemented\moderateDem42.jpg,ModerateDemented,1
C:\Users\HP\OneDrive\Documents\GitHub\MAJOR-PROJECT\archive\OriginalDataset\VeryMildDemented\verymildDem296.jpg,VeryMildDemented,1
C:\Users\HP\OneDrive\Documents\GitHub\MAJOR-PROJECT\archive\OriginalDataset\NonDemented\nonDem2189.jpg,NonDemented,0
C:\Users\HP\OneDrive\Documents\GitHub\MAJOR-PROJECT\archive\OriginalDataset\NonDemented\31 (6).jpg,NonDemented,0
C:\Users\HP\OneDrive\Documents\GitHub\MAJOR-PROJECT\archive\OriginalDataset\NonDemented\nonDem1450.jpg,NonDemented,0
C:\Users\HP\OneDrive\Documents\GitHub\MAJOR-PROJECT\archive\OriginalDataset\NonDemented\nonDem1254.jpg,NonDemented,0
C:\Users\HP\OneDrive\Documents\GitHub\MAJOR-PROJECT\archive\OriginalDataset\MildDemented\mildDem129.jpg,MildDemented,1
C:\Users\HP\OneDrive\Documents\GitHub\MAJOR-PROJECT\archive\OriginalDataset\NonDemented\nonDem2033.jpg,NonDemented,0
C:\Users\HP\OneDrive\Documents\GitHub\MAJOR-PROJECT\archive\OriginalDataset\NonDemented\nonDem1003.jpg,NonDemented,0
C:\Users\HP\OneDrive\Documents\GitHub\MAJOR-PROJECT\archive\OriginalDataset\NonDemented\nonDem775.jpg,NonDemented,0
C:\Users\HP\OneDrive\Documents\GitHub\MAJOR-PROJECT\archive\OriginalDataset\VeryMildDemented\verymildDem983.jpg,VeryMildDemented,1
C:\Users\HP\OneDrive\Documents\GitHub\MAJOR-PROJECT\archive\OriginalDataset\VeryMildDemented\verymildDem1768.jpg,VeryMildDemented,1
C:\Users\HP\OneDrive\Documents\GitHub\MAJOR-PROJECT\archive\OriginalDataset\NonDemented\31 (46).jpg,NonDemented,0
C:\Users\HP\OneDrive\Documents\GitHub\MAJOR-PROJECT\archive\OriginalDataset\NonDemented\27 (63).jpg,NonDemented,0
C:\Users\HP\OneDrive\Documents\GitHub\MAJOR-PROJECT\archive\OriginalDataset\NonDemented\nonDem1757.jpg,NonDemented,0
C:\Users\HP\OneDrive\Documents\GitHub\MAJOR-PROJECT\archive\OriginalDataset\NonDemented\30 (99).jpg,NonDemented,0
C:\Users\HP\OneDrive\Documents\GitHub\MAJOR-PROJECT\archive\OriginalDataset\VeryMildDemented\verymildDem350.jpg,VeryMildDemented,1
C:\Users\HP\OneDrive\Documents\GitHub\MAJOR-PROJECT\archive\OriginalDataset\MildDemented\28 (25).jpg,MildDemented,1
C:\Users\HP\OneDrive\Documents\GitHub\MAJOR-PROJECT\archive\OriginalDataset\VeryMildDemented\verymildDem1361.jpg,VeryMildDemented,1
C:\Users\HP\OneDrive\Documents\GitHub\MAJOR-PROJECT\archive\OriginalDataset\VeryMildDemented\verymildDem703.jpg,VeryMildDemented,1
C:\Users\HP\OneDrive\Documents\GitHub\MAJOR-PROJECT\archive\OriginalDataset\NonDemented\nonDem887.jpg,NonDemented,0
C:\Users\HP\OneDrive\Documents\GitHub\MAJOR-PROJECT\archive\OriginalDataset\NonDemented\nonDem1373.jpg,NonDemented,0
C:\Users\HP\OneDrive\Documents\GitHub\MAJOR-PROJECT\archive\OriginalDataset\VeryMildDemented\verymildDem354.jpg,VeryMildDemented,1
C:\Users\HP\OneDrive\Documents\GitHub\MAJOR-PROJECT\archive\OriginalDataset\NonDemented\nonDem1863.jpg,NonDemented,0
C:\Users\HP\OneDrive\Documents\GitHub\MAJOR-PROJECT\archive\OriginalDataset\NonDemented\nonDem1924.jpg,NonDemented,0
C:\Users\HP\OneDrive\Documents\GitHub\MAJOR-PROJECT\archive\OriginalDataset\VeryMildDemented\verymildDem276.jpg,VeryMildDemented,1
C:\Users\HP\OneDrive\Documents\GitHub\MAJOR-PROJECT\archive\OriginalDataset\MildDemented\mildDem447.jpg,MildDemented,1
C:\Users\HP\OneDrive\Documents\GitHub\MAJOR-PROJECT\archive\OriginalDataset\NonDemented\27 (26).jpg,NonDemented,0
C:\Users\HP\OneDrive\Documents\GitHub\MAJOR-PROJECT\archive\OriginalDataset\VeryMildDemented\verymildDem69.jpg,VeryMildDemented,1
C:\Users\HP\OneDrive\Documents\GitHub\MAJOR-PROJECT\archive\OriginalDataset\VeryMildDemented\verymildDem382.jpg,VeryMildDemented,1
C:\Users\HP\OneDrive\Documents\GitHub\MAJOR-PROJECT\archive\OriginalDataset\VeryMildDemented\verymildDem1681.jpg,VeryMildDemented,1
C:\Users\HP\OneDrive\Documents\GitHub\MAJOR-PROJECT\archive\OriginalDataset\NonDemented\nonDem2467.jpg,NonDemented,0
C:\Users\HP\OneDrive\Documents\GitHub\MAJOR-PROJECT\archive\OriginalDataset\VeryMildDemented\verymildDem1143.jpg,VeryMildDemented,1
C:\Users\HP\OneDrive\Documents\GitHub\MAJOR-PROJECT\archive\OriginalDataset\VeryMildDemented\verymildDem537.jpg,VeryMildDemented,1
C:\Users\HP\OneDrive\Documents\GitHub\MAJOR-PROJECT\archive\OriginalDataset\VeryMildDemented\verymildDem231.jpg,VeryMildDemented,1
C:\Users\HP\OneDrive\Documents\GitHub\MAJOR-PROJECT\archive\OriginalDataset\VeryMildDemented\verymildDem319.jpg,VeryMildDemented,1
C:\Users\HP\OneDrive\Documents\GitHub\MAJOR-PROJECT\archive\OriginalDataset\NonDemented\27 (82).jpg,NonDemented,0
C:\Users\HP\OneDrive\Documents\GitHub\MAJOR-PROJECT\archive\OriginalDataset\NonDemented\nonDem1052.jpg,NonDemented,0
C:\Users\HP\OneDrive\Documents\GitHub\MAJOR-PROJECT\archive\OriginalDataset\NonDemented\nonDem2430.jpg,NonDemented,0
C:\Users\HP\OneDrive\Documents\GitHub\MAJOR-PROJECT\archive\OriginalDataset\VeryMildDemented\verymildDem649.jpg,VeryMildDemented,1
C:\Users\HP\OneDrive\Documents\GitHub\MAJOR-PROJECT\archive\OriginalDataset\MildDemented\mildDem651.jpg,MildDemented,1
C:\Users\HP\OneDrive\Documents\GitHub\MAJOR-PROJECT\archive\OriginalDataset\NonDemented\nonDem172.jpg,NonDemented,0
C:\Users\HP\OneDrive\Documents\GitHub\MAJOR-PROJECT\archive\OriginalDataset\NonDemented\nonDem710.jpg,NonDemented,0
C:\Users\HP\OneDrive\Documents\GitHub\MAJOR-PROJECT\archive\OriginalDataset\VeryMildDemented\verymildDem907.jpg,VeryMildDemented,1
C:\Users\HP\OneDrive\Documents\GitHub\MAJOR-PROJECT\archive\OriginalDataset\NonDemented\nonDem2071.jpg,NonDemented,0
C:\Users\HP\OneDrive\Documents\GitHub\MAJOR-PROJECT\archive\OriginalDataset\NonDemented\nonDem1875.jpg,NonDemented,0
C:\Users\HP\OneDrive\Documents\GitHub\MAJOR-PROJECT\archive\OriginalDataset\NonDemented\31 (59).jpg,NonDemented,0
C:\Users\HP\OneDrive\Documents\GitHub\MAJOR-PROJECT\archive\OriginalDataset\NonDemented\nonDem202.jpg,NonDemented,0
C:\Users\HP\OneDrive\Documents\GitHub\MAJOR-PROJECT\archive\OriginalDataset\NonDemented\nonDem1463.jpg,NonDemented,0
C:\Users\HP\OneDrive\Documents\GitHub\MAJOR-PROJECT\archive\OriginalDataset\NonDemented\30 (37).jpg,NonDemented,0
C:\Users\HP\OneDrive\Documents\GitHub\MAJOR-PROJECT\archive\OriginalDataset\NonDemented\nonDem1078.jpg,NonDemented,0
C:\Users\HP\OneDrive\Documents\GitHub\MAJOR-PROJECT\archive\OriginalDataset\VeryMildDemented\verymildDem1788.jpg,VeryMildDemented,1
C:\Users\HP\OneDrive\Documents\GitHub\MAJOR-PROJECT\archive\OriginalDataset\NonDemented\nonDem1244.jpg,NonDemented,0
C:\Users\HP\OneDrive\Documents\GitHub\MAJOR-PROJECT\archive\OriginalDataset\NonDemented\nonDem1995.jpg,NonDemented,0
C:\Users\HP\OneDrive\Documents\GitHub\MAJOR-PROJECT\archive\OriginalDataset\NonDemented\26 (76).jpg,NonDemented,0
C:\Users\HP\OneDrive\Documents\GitHub\MAJOR-PROJECT\archive\OriginalDataset\NonDemented\nonDem1417.jpg,NonDemented,0
C:\Users\HP\OneDrive\Documents\GitHub\MAJOR-PROJECT\archive\OriginalDataset\NonDemented\nonDem916.jpg,NonDemented,0
C:\Users\HP\OneDrive\Documents\GitHub\MAJOR-PROJECT\archive\OriginalDataset\NonDemented\nonDem2102.jpg,NonDemented,0
C:\Users\HP\OneDrive\Documents\GitHub\MAJOR-PROJECT\archive\OriginalDataset\MildDemented\mildDem227.jpg,MildDemented,1
C:\Users\HP\OneDrive\Documents\GitHub\MAJOR-PROJECT\archive\OriginalDataset\VeryMildDemented\verymildDem237.jpg,VeryMildDemented,1
C:\Users\HP\OneDrive\Documents\GitHub\MAJOR-PROJECT\archive\OriginalDataset\NonDemented\nonDem1322.jpg,NonDemented,0
C:\Users\HP\OneDrive\Documents\GitHub\MAJOR-PROJECT\archive\OriginalDataset\NonDemented\nonDem66.jpg,NonDemented,0
C:\Users\HP\OneDrive\Documents\GitHub\MAJOR-PROJECT\archive\OriginalDataset\VeryMildDemented\verymildDem668.jpg,VeryMildDemented,1
C:\Users\HP\OneDrive\Documents\GitHub\MAJOR-PROJECT\archive\OriginalDataset\VeryMildDemented\verymildDem486.jpg,VeryMildDemented,1
C:\Users\HP\OneDrive\Documents\GitHub\MAJOR-PROJECT\archive\OriginalDataset\MildDemented\mildDem374.jpg,MildDemented,1
C:\Users\HP\OneDrive\Documents\GitHub\MAJOR-PROJECT\archive\OriginalDataset\VeryMildDemented\29 (53).jpg,VeryMildDemented,1
C:\Users\HP\OneDrive\Documents\GitHub\MAJOR-PROJECT\archive\OriginalDataset\MildDemented\32 (16).jpg,MildDemented,1
C:\Users\HP\OneDrive\Documents\GitHub\MAJOR-PROJECT\archive\OriginalDataset\VeryMildDemented\verymildDem1649.jpg,VeryMildDemented,1
C:\Users\HP\OneDrive\Documents\GitHub\MAJOR-PROJECT\archive\OriginalDataset\MildDemented\mildDem221.jpg,MildDemented,1
C:\Users\HP\OneDrive\Documents\GitHub\MAJOR-PROJECT\archive\OriginalDataset\VeryMildDemented\verymildDem183.jpg,VeryMildDemented,1
C:\Users\HP\OneDrive\Documents\GitHub\MAJOR-PROJECT\archive\OriginalDataset\NonDemented\nonDem720.jpg,NonDemented,0
C:\Users\HP\OneDrive\Documents\GitHub\MAJOR-PROJECT\archive\OriginalDataset\VeryMildDemented\verymildDem441.jpg,VeryMildDemented,1
C:\Users\HP\OneDrive\Documents\GitHub\MAJOR-PROJECT\archive\OriginalDataset\NonDemented\nonDem2447.jpg,NonDemented,0
C:\Users\HP\OneDrive\Documents\GitHub\MAJOR-PROJECT\archive\OriginalDataset\VeryMildDemented\verymildDem359.jpg,VeryMildDemented,1
C:\Users\HP\OneDrive\Documents\GitHub\MAJOR-PROJECT\archive\OriginalDataset\NonDemented\nonDem1853.jpg,NonDemented,0
C:\Users\HP\OneDrive\Documents\GitHub\MAJOR-PROJECT\archive\OriginalDataset\NonDemented\nonDem1909.jpg,NonDemented,0
C:\Users\HP\OneDrive\Documents\GitHub\MAJOR-PROJECT\archive\OriginalDataset\NonDemented\nonDem755.jpg,NonDemented,0
C:\Users\HP\OneDrive\Documents\GitHub\MAJOR-PROJECT\archive\OriginalDataset\VeryMildDemented\32 (31).jpg,VeryMildDemented,1
C:\Users\HP\OneDrive\Documents\GitHub\MAJOR-PROJECT\archive\OriginalDataset\NonDemented\28 (31).jpg,NonDemented,0
C:\Users\HP\OneDrive\Documents\GitHub\MAJOR-PROJECT\archive\OriginalDataset\NonDemented\31 (38).jpg,NonDemented,0
C:\Users\HP\OneDrive\Documents\GitHub\MAJOR-PROJECT\archive\OriginalDataset\NonDemented\nonDem2129.jpg,NonDemented,0
C:\Users\HP\OneDrive\Documents\GitHub\MAJOR-PROJECT\archive\OriginalDataset\VeryMildDemented\verymildDem1582.jpg,VeryMildDemented,1
C:\Users\HP\OneDrive\Documents\GitHub\MAJOR-PROJECT\archive\OriginalDataset\NonDemented\nonDem2140.jpg,NonDemented,0
C:\Users\HP\OneDrive\Documents\GitHub\MAJOR-PROJECT\archive\OriginalDataset\VeryMildDemented\verymildDem1596.jpg,VeryMildDemented,1
C:\Users\HP\OneDrive\Documents\GitHub\MAJOR-PROJECT\archive\OriginalDataset\MildDemented\mildDem334.jpg,MildDemented,1
C:\Users\HP\OneDrive\Documents\GitHub\MAJOR-PROJECT\archive\OriginalDataset\VeryMildDemented\verymildDem1581.jpg,VeryMildDemented,1
C:\Users\HP\OneDrive\Documents\GitHub\MAJOR-PROJECT\archive\OriginalDataset\VeryMildDemented\27 (32).jpg,VeryMildDemented,1
C:\Users\HP\OneDrive\Documents\GitHub\MAJOR-PROJECT\archive\OriginalDataset\VeryMildDemented\verymildDem347.jpg,VeryMildDemented,1
C:\Users\HP\OneDrive\Documents\GitHub\MAJOR-PROJECT\archive\OriginalDataset\NonDemented\nonDem306.jpg,NonDemented,0
C:\Users\HP\OneDrive\Documents\GitHub\MAJOR-PROJECT\archive\OriginalDataset\NonDemented\nonDem1938.jpg,NonDemented,0
C:\Users\HP\OneDrive\Documents\GitHub\MAJOR-PROJECT\archive\OriginalDataset\VeryMildDemented\verymildDem245.jpg,VeryMildDemented,1
C:\Users\HP\OneDrive\Documents\GitHub\MAJOR-PROJECT\archive\OriginalDataset\VeryMildDemented\verymildDem1707.jpg,VeryMildDemented,1
C:\Users\HP\OneDrive\Documents\GitHub\MAJOR-PROJECT\archive\OriginalDataset\NonDemented\nonDem2220.jpg,NonDemented,0
C:\Users\HP\OneDrive\Documents\GitHub\MAJOR-PROJECT\archive\OriginalDataset\NonDemented\29 (60).jpg,NonDemented,0
C:\Users\HP\OneDrive\Documents\GitHub\MAJOR-PROJECT\archive\OriginalDataset\NonDemented\30 (2).jpg,NonDemented,0
C:\Users\HP\OneDrive\Documents\GitHub\MAJOR-PROJECT\archive\OriginalDataset\NonDemented\31 (29).jpg,NonDemented,0
C:\Users\HP\OneDrive\Documents\GitHub\MAJOR-PROJECT\archive\OriginalDataset\NonDemented\nonDem1611.jpg,NonDemented,0
C:\Users\HP\OneDrive\Documents\GitHub\MAJOR-PROJECT\archive\OriginalDataset\NonDemented\nonDem2222.jpg,NonDemented,0
C:\Users\HP\OneDrive\Documents\GitHub\MAJOR-PROJECT\archive\OriginalDataset\NonDemented\nonDem1572.jpg,NonDemented,0
C:\Users\HP\OneDrive\Documents\GitHub\MAJOR-PROJECT\archive\OriginalDataset\VeryMildDemented\verymildDem1002.jpg,VeryMildDemented,1
C:\Users\HP\OneDrive\Documents\GitHub\MAJOR-PROJECT\archive\OriginalDataset\NonDemented\nonDem1637.jpg,NonDemented,0
C:\Users\HP\OneDrive\Documents\GitHub\MAJOR-PROJECT\archive\OriginalDataset\MildDemented\mildDem202.jpg,MildDemented,1
C:\Users\HP\OneDrive\Documents\GitHub\MAJOR-PROJECT\archive\OriginalDataset\NonDemented\nonDem1601.jpg,NonDemented,0
C:\Users\HP\OneDrive\Documents\GitHub\MAJOR-PROJECT\archive\OriginalDataset\VeryMildDemented\verymildDem991.jpg,VeryMildDemented,1
C:\Users\HP\OneDrive\Documents\GitHub\MAJOR-PROJECT\archive\OriginalDataset\MildDemented\32 (25).jpg,MildDemented,1
C:\Users\HP\OneDrive\Documents\GitHub\MAJOR-PROJECT\archive\OriginalDataset\NonDemented\nonDem2196.jpg,NonDemented,0
C:\Users\HP\OneDrive\Documents\GitHub\MAJOR-PROJECT\archive\OriginalDataset\VeryMildDemented\31 (18).jpg,VeryMildDemented,1
C:\Users\HP\OneDrive\Documents\GitHub\MAJOR-PROJECT\archive\OriginalDataset\VeryMildDemented\verymildDem77.jpg,VeryMildDemented,1
C:\Users\HP\OneDrive\Documents\GitHub\MAJOR-PROJECT\archive\OriginalDataset\NonDemented\nonDem794.jpg,NonDemented,0
C:\Users\HP\OneDrive\Documents\GitHub\MAJOR-PROJECT\archive\OriginalDataset\VeryMildDemented\verymildDem1740.jpg,VeryMildDemented,1
C:\Users\HP\OneDrive\Documents\GitHub\MAJOR-PROJECT\archive\OriginalDataset\NonDemented\31 (43).jpg,NonDemented,0
C:\Users\HP\OneDrive\Documents\GitHub\MAJOR-PROJECT\archive\OriginalDataset\MildDemented\mildDem191.jpg,MildDemented,1
C:\Users\HP\OneDrive\Documents\GitHub\MAJOR-PROJECT\archive\OriginalDataset\NonDemented\nonDem697.jpg,NonDemented,0
C:\Users\HP\OneDrive\Documents\GitHub\MAJOR-PROJECT\archive\OriginalDataset\MildDemented\mildDem164.jpg,MildDemented,1
C:\Users\HP\OneDrive\Documents\GitHub\MAJOR-PROJECT\archive\OriginalDataset\NonDemented\nonDem269.jpg,NonDemented,0
C:\Users\HP\OneDrive\Documents\GitHub\MAJOR-PROJECT\archive\OriginalDataset\NonDemented\nonDem2046.jpg,NonDemented,0
C:\Users\HP\OneDrive\Documents\GitHub\MAJOR-PROJECT\archive\OriginalDataset\NonDemented\27 (78).jpg,NonDemented,0
C:\Users\HP\OneDrive\Documents\GitHub\MAJOR-PROJECT\archive\OriginalDataset\NonDemented\nonDem1057.jpg,NonDemented,0
C:\Users\HP\OneDrive\Documents\GitHub\MAJOR-PROJECT\archive\OriginalDataset\NonDemented\nonDem1732.jpg,NonDemented,0
C:\Users\HP\OneDrive\Documents\GitHub\MAJOR-PROJECT\archive\OriginalDataset\NonDemented\30 (10).jpg,NonDemented,0
C:\Users\HP\OneDrive\Documents\GitHub\MAJOR-PROJECT\archive\OriginalDataset\NonDemented\28 (72).jpg,NonDemented,0
C:\Users\HP\OneDrive\Documents\GitHub\MAJOR-PROJECT\archive\OriginalDataset\NonDemented\nonDem1625.jpg,NonDemented,0
C:\Users\HP\OneDrive\Documents\GitHub\MAJOR-PROJECT\archive\OriginalDataset\VeryMildDemented\27 (47).jpg,VeryMildDemented,1
C:\Users\HP\OneDrive\Documents\GitHub\MAJOR-PROJECT\archive\OriginalDataset\VeryMildDemented\verymildDem1203.jpg,VeryMildDemented,1
C:\Users\HP\OneDrive\Documents\GitHub\MAJOR-PROJECT\archive\OriginalDataset\NonDemented\28 (60).jpg,NonDemented,0
C:\Users\HP\OneDrive\Documents\GitHub\MAJOR-PROJECT\archive\OriginalDataset\MildDemented\29 (14).jpg,MildDemented,1
C:\Users\HP\OneDrive\Documents\GitHub\MAJOR-PROJECT\archive\OriginalDataset\NonDemented\nonDem897.jpg,NonDemented,0
C:\Users\HP\OneDrive\Documents\GitHub\MAJOR-PROJECT\archive\OriginalDataset\NonDemented\nonDem1596.jpg,NonDemented,0
C:\Users\HP\OneDrive\Documents\GitHub\MAJOR-PROJECT\archive\OriginalDataset\VeryMildDemented\verymildDem436.jpg,VeryMildDemented,1
C:\Users\HP\OneDrive\Documents\GitHub\MAJOR-PROJECT\archive\OriginalDataset\NonDemented\nonDem2525.jpg,NonDemented,0
C:\Users\HP\OneDrive\Documents\GitHub\MAJOR-PROJECT\archive\OriginalDataset\VeryMildDemented\verymildDem151.jpg,VeryMildDemented,1
C:\Users\HP\OneDrive\Documents\GitHub\MAJOR-PROJECT\archive\OriginalDataset\NonDemented\31 (81).jpg,NonDemented,0
C:\Users\HP\OneDrive\Documents\GitHub\MAJOR-PROJECT\archive\OriginalDataset\VeryMildDemented\27 (51).jpg,VeryMildDemented,1
C:\Users\HP\OneDrive\Documents\GitHub\MAJOR-PROJECT\archive\OriginalDataset\NonDemented\nonDem838.jpg,NonDemented,0
C:\Users\HP\OneDrive\Documents\GitHub\MAJOR-PROJECT\archive\OriginalDataset\VeryMildDemented\27 (6).jpg,VeryMildDemented,1
C:\Users\HP\OneDrive\Documents\GitHub\MAJOR-PROJECT\archive\OriginalDataset\NonDemented\nonDem2326.jpg,NonDemented,0
C:\Users\HP\OneDrive\Documents\GitHub\MAJOR-PROJECT\archive\OriginalDataset\VeryMildDemented\verymildDem80.jpg,VeryMildDemented,1
C:\Users\HP\OneDrive\Documents\GitHub\MAJOR-PROJECT\archive\OriginalDataset\MildDemented\mildDem24.jpg,MildDemented,1
C:\Users\HP\OneDrive\Documents\GitHub\MAJOR-PROJECT\archive\OriginalDataset\MildDemented\mildDem465.jpg,MildDemented,1
C:\Users\HP\OneDrive\Documents\GitHub\MAJOR-PROJECT\archive\OriginalDataset\NonDemented\nonDem293.jpg,NonDemented,0
C:\Users\HP\OneDrive\Documents\GitHub\MAJOR-PROJECT\archive\OriginalDataset\NonDemented\nonDem1409.jpg,NonDemented,0
C:\Users\HP\OneDrive\Documents\GitHub\MAJOR-PROJECT\archive\OriginalDataset\NonDemented\nonDem2535.jpg,NonDemented,0
C:\Users\HP\OneDrive\Documents\GitHub\MAJOR-PROJECT\archive\OriginalDataset\MildDemented\mildDem310.jpg,MildDemented,1
C:\Users\HP\OneDrive\Documents\GitHub\MAJOR-PROJECT\archive\OriginalDataset\MildDemented\mildDem49.jpg,MildDemented,1
C:\Users\HP\OneDrive\Documents\GitHub\MAJOR-PROJECT\archive\OriginalDataset\NonDemented\nonDem1504.jpg,NonDemented,0
C:\Users\HP\OneDrive\Documents\GitHub\MAJOR-PROJECT\archive\OriginalDataset\VeryMildDemented\verymildDem940.jpg,VeryMildDemented,1
C:\Users\HP\OneDrive\Documents\GitHub\MAJOR-PROJECT\archive\OriginalDataset\NonDemented\nonDem98.jpg,NonDemented,0
C:\Users\HP\OneDrive\Documents\GitHub\MAJOR-PROJECT\archive\OriginalDataset\VeryMildDemented\verymildDem266.jpg,VeryMildDemented,1
C:\Users\HP\OneDrive\Documents\GitHub\MAJOR-PROJECT\archive\OriginalDataset\VeryMildDemented\verymildDem488.jpg,VeryMildDemented,1
C:\Users\HP\OneDrive\Documents\GitHub\MAJOR-PROJECT\archive\OriginalDataset\NonDemented\nonDem52.jpg,NonDemented,0
C:\Users\HP\OneDrive\Documents\GitHub\MAJOR-PROJECT\archive\OriginalDataset\MildDemented\mildDem340.jpg,MildDemented,1
C:\Users\HP\OneDrive\Documents\GitHub\MAJOR-PROJECT\archive\OriginalDataset\NonDemented\28 (13).jpg,NonDemented,0
C:\Users\HP\OneDrive\Documents\GitHub\MAJOR-PROJECT\archive\OriginalDataset\VeryMildDemented\verymildDem793.jpg,VeryMildDemented,1
C:\Users\HP\OneDrive\Documents\GitHub\MAJOR-PROJECT\archive\OriginalDataset\NonDemented\nonDem1377.jpg,NonDemented,0
C:\Users\HP\OneDrive\Documents\GitHub\MAJOR-PROJECT\archive\OriginalDataset\VeryMildDemented\28 (69).jpg,VeryMildDemented,1
C:\Users\HP\OneDrive\Documents\GitHub\MAJOR-PROJECT\archive\OriginalDataset\VeryMildDemented\verymildDem1259.jpg,VeryMildDemented,1
C:\Users\HP\OneDrive\Documents\GitHub\MAJOR-PROJECT\archive\OriginalDataset\NonDemented\nonDem2180.jpg,NonDemented,0
C:\Users\HP\OneDrive\Documents\GitHub\MAJOR-PROJECT\archive\OriginalDataset\VeryMildDemented\30 (12).jpg,VeryMildDemented,1
C:\Users\HP\OneDrive\Documents\GitHub\MAJOR-PROJECT\archive\OriginalDataset\VeryMildDemented\28 (49).jpg,VeryMildDemented,1
C:\Users\HP\OneDrive\Documents\GitHub\MAJOR-PROJECT\archive\OriginalDataset\NonDemented\nonDem1977.jpg,NonDemented,0
C:\Users\HP\OneDrive\Documents\GitHub\MAJOR-PROJECT\archive\OriginalDataset\VeryMildDemented\29 (4).jpg,VeryMildDemented,1
C:\Users\HP\OneDrive\Documents\GitHub\MAJOR-PROJECT\archive\OriginalDataset\VeryMildDemented\verymildDem1769.jpg,VeryMildDemented,1
C:\Users\HP\OneDrive\Documents\GitHub\MAJOR-PROJECT\archive\OriginalDataset\VeryMildDemented\verymildDem987.jpg,VeryMildDemented,1
C:\Users\HP\OneDrive\Documents\GitHub\MAJOR-PROJECT\archive\OriginalDataset\NonDemented\nonDem115.jpg,NonDemented,0
C:\Users\HP\OneDrive\Documents\GitHub\MAJOR-PROJECT\archive\OriginalDataset\VeryMildDemented\verymildDem1090.jpg,VeryMildDemented,1
C:\Users\HP\OneDrive\Documents\GitHub\MAJOR-PROJECT\archive\OriginalDataset\NonDemented\nonDem2466.jpg,NonDemented,0
C:\Users\HP\OneDrive\Documents\GitHub\MAJOR-PROJECT\archive\OriginalDataset\MildDemented\26 (22).jpg,MildDemented,1
C:\Users\HP\OneDrive\Documents\GitHub\MAJOR-PROJECT\archive\OriginalDataset\NonDemented\nonDem1289.jpg,NonDemented,0
C:\Users\HP\OneDrive\Documents\GitHub\MAJOR-PROJECT\archive\OriginalDataset\NonDemented\nonDem2494.jpg,NonDemented,0
C:\Users\HP\OneDrive\Documents\GitHub\MAJOR-PROJECT\archive\OriginalDataset\VeryMildDemented\31 (49).jpg,VeryMildDemented,1
C:\Users\HP\OneDrive\Documents\GitHub\MAJOR-PROJECT\archive\OriginalDataset\VeryMildDemented\verymildDem601.jpg,VeryMildDemented,1
C:\Users\HP\OneDrive\Documents\GitHub\MAJOR-PROJECT\archive\OriginalDataset\NonDemented\nonDem521.jpg,NonDemented,0
C:\Users\HP\OneDrive\Documents\GitHub\MAJOR-PROJECT\archive\OriginalDataset\MildDemented\27 (5).jpg,MildDemented,1
C:\Users\HP\OneDrive\Documents\GitHub\MAJOR-PROJECT\archive\OriginalDataset\MildDemented\mildDem361.jpg,MildDemented,1
C:\Users\HP\OneDrive\Documents\GitHub\MAJOR-PROJECT\archive\OriginalDataset\NonDemented\nonDem1780.jpg,NonDemented,0
C:\Users\HP\OneDrive\Documents\GitHub\MAJOR-PROJECT\archive\OriginalDataset\VeryMildDemented\verymildDem1283.jpg,VeryMildDemented,1
C:\Users\HP\OneDrive\Documents\GitHub\MAJOR-PROJECT\archive\OriginalDataset\VeryMildDemented\verymildDem439.jpg,VeryMildDemented,1
C:\Users\HP\OneDrive\Documents\GitHub\MAJOR-PROJECT\archive\OriginalDataset\VeryMildDemented\verymildDem1087.jpg,VeryMildDemented,1
C:\Users\HP\OneDrive\Documents\GitHub\MAJOR-PROJECT\archive\OriginalDataset\NonDemented\nonDem1498.jpg,NonDemented,0
C:\Users\HP\OneDrive\Documents\GitHub\MAJOR-PROJECT\archive\OriginalDataset\VeryMildDemented\verymildDem534.jpg,VeryMildDemented,1
C:\Users\HP\OneDrive\Documents\GitHub\MAJOR-PROJECT\archive\OriginalDataset\NonDemented\nonDem281.jpg,NonDemented,0
C:\Users\HP\OneDrive\Documents\GitHub\MAJOR-PROJECT\archive\OriginalDataset\VeryMildDemented\verymildDem290.jpg,VeryMildDemented,1
C:\Users\HP\OneDrive\Documents\GitHub\MAJOR-PROJECT\archive\OriginalDataset\NonDemented\30 (14).jpg,NonDemented,0
C:\Users\HP\OneDrive\Documents\GitHub\MAJOR-PROJECT\archive\OriginalDataset\NonDemented\nonDem602.jpg,NonDemented,0
C:\Users\HP\OneDrive\Documents\GitHub\MAJOR-PROJECT\archive\OriginalDataset\NonDemented\30 (33).jpg,NonDemented,0
C:\Users\HP\OneDrive\Documents\GitHub\MAJOR-PROJECT\archive\OriginalDataset\VeryMildDemented\verymildDem1733.jpg,VeryMildDemented,1
C:\Users\HP\OneDrive\Documents\GitHub\MAJOR-PROJECT\archive\OriginalDataset\VeryMildDemented\verymildDem179.jpg,VeryMildDemented,1
C:\Users\HP\OneDrive\Documents\GitHub\MAJOR-PROJECT\archive\OriginalDataset\VeryMildDemented\verymildDem403.jpg,VeryMildDemented,1
C:\Users\HP\OneDrive\Documents\GitHub\MAJOR-PROJECT\archive\OriginalDataset\NonDemented\nonDem894.jpg,NonDemented,0
C:\Users\HP\OneDrive\Documents\GitHub\MAJOR-PROJECT\archive\OriginalDataset\VeryMildDemented\verymildDem173.jpg,VeryMildDemented,1
C:\Users\HP\OneDrive\Documents\GitHub\MAJOR-PROJECT\archive\OriginalDataset\VeryMildDemented\verymildDem605.jpg,VeryMildDemented,1
C:\Users\HP\OneDrive\Documents\GitHub\MAJOR-PROJECT\archive\OriginalDataset\MildDemented\mildDem315.jpg,MildDemented,1
C:\Users\HP\OneDrive\Documents\GitHub\MAJOR-PROJECT\archive\OriginalDataset\VeryMildDemented\verymildDem1438.jpg,VeryMildDemented,1
C:\Users\HP\OneDrive\Documents\GitHub\MAJOR-PROJECT\archive\OriginalDataset\NonDemented\nonDem604.jpg,NonDemented,0
C:\Users\HP\OneDrive\Documents\GitHub\MAJOR-PROJECT\archive\OriginalDataset\VeryMildDemented\26 (45).jpg,VeryMildDemented,1
C:\Users\HP\OneDrive\Documents\GitHub\MAJOR-PROJECT\archive\OriginalDataset\VeryMildDemented\27 (44).jpg,VeryMildDemented,1
C:\Users\HP\OneDrive\Documents\GitHub\MAJOR-PROJECT\archive\OriginalDataset\VeryMildDemented\verymildDem283.jpg,VeryMildDemented,1
C:\Users\HP\OneDrive\Documents\GitHub\MAJOR-PROJECT\archive\OriginalDataset\VeryMildDemented\verymildDem1382.jpg,VeryMildDemented,1
C:\Users\HP\OneDrive\Documents\GitHub\MAJOR-PROJECT\archive\OriginalDataset\NonDemented\nonDem260.jpg,NonDemented,0
C:\Users\HP\OneDrive\Documents\GitHub\MAJOR-PROJECT\archive\OriginalDataset\NonDemented\nonDem1828.jpg,NonDemented,0
C:\Users\HP\OneDrive\Documents\GitHub\MAJOR-PROJECT\archive\OriginalDataset\NonDemented\31 (48).jpg,NonDemented,0
C:\Users\HP\OneDrive\Documents\GitHub\MAJOR-PROJECT\archive\OriginalDataset\NonDemented\nonDem855.jpg,NonDemented,0
C:\Users\HP\OneDrive\Documents\GitHub\MAJOR-PROJECT\archive\OriginalDataset\NonDemented\29 (52).jpg,NonDemented,0
C:\Users\HP\OneDrive\Documents\GitHub\MAJOR-PROJECT\archive\OriginalDataset\VeryMildDemented\verymildDem1609.jpg,VeryMildDemented,1
C:\Users\HP\OneDrive\Documents\GitHub\MAJOR-PROJECT\archive\OriginalDataset\VeryMildDemented\30 (21).jpg,VeryMildDemented,1
C:\Users\HP\OneDrive\Documents\GitHub\MAJOR-PROJECT\archive\OriginalDataset\VeryMildDemented\verymildDem578.jpg,VeryMildDemented,1
C:\Users\HP\OneDrive\Documents\GitHub\MAJOR-PROJECT\archive\OriginalDataset\NonDemented\nonDem586.jpg,NonDemented,0
C:\Users\HP\OneDrive\Documents\GitHub\MAJOR-PROJECT\archive\OriginalDataset\VeryMildDemented\verymildDem968.jpg,VeryMildDemented,1
C:\Users\HP\OneDrive\Documents\GitHub\MAJOR-PROJECT\archive\OriginalDataset\NonDemented\nonDem1705.jpg,NonDemented,0
C:\Users\HP\OneDrive\Documents\GitHub\MAJOR-PROJECT\archive\OriginalDataset\VeryMildDemented\verymildDem174.jpg,VeryMildDemented,1
C:\Users\HP\OneDrive\Documents\GitHub\MAJOR-PROJECT\archive\OriginalDataset\NonDemented\nonDem2398.jpg,NonDemented,0
C:\Users\HP\OneDrive\Documents\GitHub\MAJOR-PROJECT\archive\OriginalDataset\NonDemented\nonDem2540.jpg,NonDemented,0
C:\Users\HP\OneDrive\Documents\GitHub\MAJOR-PROJECT\archive\OriginalDataset\NonDemented\nonDem1099.jpg,NonDemented,0
C:\Users\HP\OneDrive\Documents\GitHub\MAJOR-PROJECT\archive\OriginalDataset\NonDemented\nonDem1128.jpg,NonDemented,0
C:\Users\HP\OneDrive\Documents\GitHub\MAJOR-PROJECT\archive\OriginalDataset\VeryMildDemented\verymildDem1032.jpg,VeryMildDemented,1
C:\Users\HP\OneDrive\Documents\GitHub\MAJOR-PROJECT\archive\OriginalDataset\NonDemented\nonDem519.jpg,NonDemented,0
C:\Users\HP\OneDrive\Documents\GitHub\MAJOR-PROJECT\archive\OriginalDataset\VeryMildDemented\28 (41).jpg,VeryMildDemented,1
C:\Users\HP\OneDrive\Documents\GitHub\MAJOR-PROJECT\archive\OriginalDataset\NonDemented\nonDem2210.jpg,NonDemented,0
C:\Users\HP\OneDrive\Documents\GitHub\MAJOR-PROJECT\archive\OriginalDataset\NonDemented\nonDem2232.jpg,NonDemented,0
C:\Users\HP\OneDrive\Documents\GitHub\MAJOR-PROJECT\archive\OriginalDataset\VeryMildDemented\verymildDem523.jpg,VeryMildDemented,1
C:\Users\HP\OneDrive\Documents\GitHub\MAJOR-PROJECT\archive\OriginalDataset\NonDemented\nonDem416.jpg,NonDemented,0
C:\Users\HP\OneDrive\Documents\GitHub\MAJOR-PROJECT\archive\OriginalDataset\VeryMildDemented\28 (8).jpg,VeryMildDemented,1
C:\Users\HP\OneDrive\Documents\GitHub\MAJOR-PROJECT\archive\OriginalDataset\NonDemented\nonDem238.jpg,NonDemented,0
C:\Users\HP\OneDrive\Documents\GitHub\MAJOR-PROJECT\archive\OriginalDataset\VeryMildDemented\verymildDem1240.jpg,VeryMildDemented,1
C:\Users\HP\OneDrive\Documents\GitHub\MAJOR-PROJECT\archive\OriginalDataset\NonDemented\27 (53).jpg,NonDemented,0
C:\Users\HP\OneDrive\Documents\GitHub\MAJOR-PROJECT\archive\OriginalDataset\NonDemented\nonDem2213.jpg,NonDemented,0
C:\Users\HP\OneDrive\Documents\GitHub\MAJOR-PROJECT\archive\OriginalDataset\NonDemented\nonDem898.jpg,NonDemented,0
C:\Users\HP\OneDrive\Documents\GitHub\MAJOR-PROJECT\archive\OriginalDataset\MildDemented\mildDem16.jpg,MildDemented,1
C:\Users\HP\OneDrive\Documents\GitHub\MAJOR-PROJECT\archive\OriginalDataset\VeryMildDemented\verymildDem55.jpg,VeryMildDemented,1
C:\Users\HP\OneDrive\Documents\GitHub\MAJOR-PROJECT\archive\OriginalDataset\NonDemented\28 (62).jpg,NonDemented,0
C:\Users\HP\OneDrive\Documents\GitHub\MAJOR-PROJECT\archive\OriginalDataset\NonDemented\nonDem46.jpg,NonDemented,0
C:\Users\HP\OneDrive\Documents\GitHub\MAJOR-PROJECT\archive\OriginalDataset\MildDemented\32 (26).jpg,MildDemented,1
C:\Users\HP\OneDrive\Documents\GitHub\MAJOR-PROJECT\archive\OriginalDataset\VeryMildDemented\verymildDem124.jpg,VeryMildDemented,1
C:\Users\HP\OneDrive\Documents\GitHub\MAJOR-PROJECT\archive\OriginalDataset\NonDemented\nonDem67.jpg,NonDemented,0
C:\Users\HP\OneDrive\Documents\GitHub\MAJOR-PROJECT\archive\OriginalDataset\VeryMildDemented\verymildDem1684.jpg,VeryMildDemented,1
C:\Users\HP\OneDrive\Documents\GitHub\MAJOR-PROJECT\archive\OriginalDataset\VeryMildDemented\verymildDem865.jpg,VeryMildDemented,1
C:\Users\HP\OneDrive\Documents\GitHub\MAJOR-PROJECT\archive\OriginalDataset\NonDemented\nonDem970.jpg,NonDemented,0
C:\Users\HP\OneDrive\Documents\GitHub\MAJOR-PROJECT\archive\OriginalDataset\VeryMildDemented\verymildDem454.jpg,VeryMildDemented,1
C:\Users\HP\OneDrive\Documents\GitHub\MAJOR-PROJECT\archive\OriginalDataset\VeryMildDemented\verymildDem1634.jpg,VeryMildDemented,1
C:\Users\HP\OneDrive\Documents\GitHub\MAJOR-PROJECT\archive\OriginalDataset\NonDemented\nonDem937.jpg,NonDemented,0
C:\Users\HP\OneDrive\Documents\GitHub\MAJOR-PROJECT\archive\OriginalDataset\NonDemented\nonDem1713.jpg,NonDemented,0
C:\Users\HP\OneDrive\Documents\GitHub\MAJOR-PROJECT\archive\OriginalDataset\NonDemented\nonDem1497.jpg,NonDemented,0
C:\Users\HP\OneDrive\Documents\GitHub\MAJOR-PROJECT\archive\OriginalDataset\MildDemented\mildDem214.jpg,MildDemented,1
C:\Users\HP\OneDrive\Documents\GitHub\MAJOR-PROJECT\archive\OriginalDataset\MildDemented\mildDem419.jpg,MildDemented,1
C:\Users\HP\OneDrive\Documents\GitHub\MAJOR-PROJECT\archive\OriginalDataset\VeryMildDemented\verymildDem701.jpg,VeryMildDemented,1
C:\Users\HP\OneDrive\Documents\GitHub\MAJOR-PROJECT\archive\OriginalDataset\NonDemented\nonDem633.jpg,NonDemented,0
C:\Users\HP\OneDrive\Documents\GitHub\MAJOR-PROJECT\archive\OriginalDataset\VeryMildDemented\verymildDem496.jpg,VeryMildDemented,1
C:\Users\HP\OneDrive\Documents\GitHub\MAJOR-PROJECT\archive\OriginalDataset\MildDemented\mildDem525.jpg,MildDemented,1
C:\Users\HP\OneDrive\Documents\GitHub\MAJOR-PROJECT\archive\OriginalDataset\NonDemented\nonDem1590.jpg,NonDemented,0
C:\Users\HP\OneDrive\Documents\GitHub\MAJOR-PROJECT\archive\OriginalDataset\MildDemented\31 (19).jpg,MildDemented,1
C:\Users\HP\OneDrive\Documents\GitHub\MAJOR-PROJECT\archive\OriginalDataset\NonDemented\nonDem1321.jpg,NonDemented,0
C:\Users\HP\OneDrive\Documents\GitHub\MAJOR-PROJECT\archive\OriginalDataset\NonDemented\nonDem2416.jpg,NonDemented,0
C:\Users\HP\OneDrive\Documents\GitHub\MAJOR-PROJECT\archive\OriginalDataset\VeryMildDemented\verymildDem1448.jpg,VeryMildDemented,1
C:\Users\HP\OneDrive\Documents\GitHub\MAJOR-PROJECT\archive\OriginalDataset\NonDemented\nonDem153.jpg,NonDemented,0
C:\Users\HP\OneDrive\Documents\GitHub\MAJOR-PROJECT\archive\OriginalDataset\NonDemented\nonDem108.jpg,NonDemented,0
C:\Users\HP\OneDrive\Documents\GitHub\MAJOR-PROJECT\archive\OriginalDataset\VeryMildDemented\verymildDem1487.jpg,VeryMildDemented,1
C:\Users\HP\OneDrive\Documents\GitHub\MAJOR-PROJECT\archive\OriginalDataset\VeryMildDemented\verymildDem695.jpg,VeryMildDemented,1
C:\Users\HP\OneDrive\Documents\GitHub\MAJOR-PROJECT\archive\OriginalDataset\VeryMildDemented\verymildDem1755.jpg,VeryMildDemented,1
C:\Users\HP\OneDrive\Documents\GitHub\MAJOR-PROJECT\archive\OriginalDataset\NonDemented\nonDem167.jpg,NonDemented,0
C:\Users\HP\OneDrive\Documents\GitHub\MAJOR-PROJECT\archive\OriginalDataset\NonDemented\nonDem1996.jpg,NonDemented,0
C:\Users\HP\OneDrive\Documents\GitHub\MAJOR-PROJECT\archive\OriginalDataset\VeryMildDemented\verymildDem43.jpg,VeryMildDemented,1
C:\Users\HP\OneDrive\Documents\GitHub\MAJOR-PROJECT\archive\OriginalDataset\NonDemented\nonDem1638.jpg,NonDemented,0
C:\Users\HP\OneDrive\Documents\GitHub\MAJOR-PROJECT\archive\OriginalDataset\VeryMildDemented\verymildDem878.jpg,VeryMildDemented,1
C:\Users\HP\OneDrive\Documents\GitHub\MAJOR-PROJECT\archive\OriginalDataset\VeryMildDemented\verymildDem1682.jpg,VeryMildDemented,1
C:\Users\HP\OneDrive\Documents\GitHub\MAJOR-PROJECT\archive\OriginalDataset\VeryMildDemented\verymildDem1024.jpg,VeryMildDemented,1
C:\Users\HP\OneDrive\Documents\GitHub\MAJOR-PROJECT\archive\OriginalDataset\VeryMildDemented\verymildDem258.jpg,VeryMildDemented,1
C:\Users\HP\OneDrive\Documents\GitHub\MAJOR-PROJECT\archive\OriginalDataset\VeryMildDemented\verymildDem467.jpg,VeryMildDemented,1
C:\Users\HP\OneDrive\Documents\GitHub\MAJOR-PROJECT\archive\OriginalDataset\NonDemented\nonDem947.jpg,NonDemented,0
C:\Users\HP\OneDrive\Documents\GitHub\MAJOR-PROJECT\archive\OriginalDataset\VeryMildDemented\verymildDem461.jpg,VeryMildDemented,1
C:\Users\HP\OneDrive\Documents\GitHub\MAJOR-PROJECT\archive\OriginalDataset\VeryMildDemented\28 (36).jpg,VeryMildDemented,1
C:\Users\HP\OneDrive\Documents\GitHub\MAJOR-PROJECT\archive\OriginalDataset\NonDemented\nonDem1727.jpg,NonDemented,0
C:\Users\HP\OneDrive\Documents\GitHub\MAJOR-PROJECT\archive\OriginalDataset\NonDemented\nonDem1660.jpg,NonDemented,0
C:\Users\HP\OneDrive\Documents\GitHub\MAJOR-PROJECT\archive\OriginalDataset\NonDemented\nonDem1465.jpg,NonDemented,0
C:\Users\HP\OneDrive\Documents\GitHub\MAJOR-PROJECT\archive\OriginalDataset\NonDemented\29 (84).jpg,NonDemented,0
C:\Users\HP\OneDrive\Documents\GitHub\MAJOR-PROJECT\archive\OriginalDataset\NonDemented\nonDem275.jpg,NonDemented,0
C:\Users\HP\OneDrive\Documents\GitHub\MAJOR-PROJECT\archive\OriginalDataset\MildDemented\27 (28).jpg,MildDemented,1
C:\Users\HP\OneDrive\Documents\GitHub\MAJOR-PROJECT\archive\OriginalDataset\VeryMildDemented\verymildDem1188.jpg,VeryMildDemented,1
C:\Users\HP\OneDrive\Documents\GitHub\MAJOR-PROJECT\archive\OriginalDataset\MildDemented\mildDem584.jpg,MildDemented,1
C:\Users\HP\OneDrive\Documents\GitHub\MAJOR-PROJECT\archive\OriginalDataset\VeryMildDemented\verymildDem1004.jpg,VeryMildDemented,1
C:\Users\HP\OneDrive\Documents\GitHub\MAJOR-PROJECT\archive\OriginalDataset\VeryMildDemented\verymildDem1454.jpg,VeryMildDemented,1
C:\Users\HP\OneDrive\Documents\GitHub\MAJOR-PROJECT\archive\OriginalDataset\NonDemented\nonDem1516.jpg,NonDemented,0
C:\Users\HP\OneDrive\Documents\GitHub\MAJOR-PROJECT\archive\OriginalDataset\NonDemented\nonDem1738.jpg,NonDemented,0
C:\Users\HP\OneDrive\Documents\GitHub\MAJOR-PROJECT\archive\OriginalDataset\NonDemented\nonDem559.jpg,NonDemented,0
C:\Users\HP\OneDrive\Documents\GitHub\MAJOR-PROJECT\archive\OriginalDataset\VeryMildDemented\verymildDem1744.jpg,VeryMildDemented,1
C:\Users\HP\OneDrive\Documents\GitHub\MAJOR-PROJECT\archive\OriginalDataset\NonDemented\nonDem2007.jpg,NonDemented,0
C:\Users\HP\OneDrive\Documents\GitHub\MAJOR-PROJECT\archive\OriginalDataset\NonDemented\nonDem1714.jpg,NonDemented,0
C:\Users\HP\OneDrive\Documents\GitHub\MAJOR-PROJECT\archive\OriginalDataset\MildDemented\mildDem336.jpg,MildDemented,1
C:\Users\HP\OneDrive\Documents\GitHub\MAJOR-PROJECT\archive\OriginalDataset\NonDemented\28 (48).jpg,NonDemented,0
C:\Users\HP\OneDrive\Documents\GitHub\MAJOR-PROJECT\archive\OriginalDataset\NonDemented\nonDem490.jpg,NonDemented,0
C:\Users\HP\OneDrive\Documents\GitHub\MAJOR-PROJECT\archive\OriginalDataset\VeryMildDemented\28 (25).jpg,VeryMildDemented,1
C:\Users\HP\OneDrive\Documents\GitHub\MAJOR-PROJECT\archive\OriginalDataset\NonDemented\nonDem509.jpg,NonDemented,0
C:\Users\HP\OneDrive\Documents\GitHub\MAJOR-PROJECT\archive\OriginalDataset\NonDemented\nonDem1614.jpg,NonDemented,0
C:\Users\HP\OneDrive\Documents\GitHub\MAJOR-PROJECT\archive\OriginalDataset\NonDemented\29 (4).jpg,NonDemented,0
C:\Users\HP\OneDrive\Documents\GitHub\MAJOR-PROJECT\archive\OriginalDataset\VeryMildDemented\verymildDem1790.jpg,VeryMildDemented,1
C:\Users\HP\OneDrive\Documents\GitHub\MAJOR-PROJECT\archive\OriginalDataset\NonDemented\nonDem1822.jpg,NonDemented,0
C:\Users\HP\OneDrive\Documents\GitHub\MAJOR-PROJECT\archive\OriginalDataset\NonDemented\nonDem2186.jpg,NonDemented,0
C:\Users\HP\OneDrive\Documents\GitHub\MAJOR-PROJECT\archive\OriginalDataset\NonDemented\nonDem2206.jpg,NonDemented,0
C:\Users\HP\OneDrive\Documents\GitHub\MAJOR-PROJECT\archive\OriginalDataset\NonDemented\28 (71).jpg,NonDemented,0
C:\Users\HP\OneDrive\Documents\GitHub\MAJOR-PROJECT\archive\OriginalDataset\NonDemented\nonDem1247.jpg,NonDemented,0
C:\Users\HP\OneDrive\Documents\GitHub\MAJOR-PROJECT\archive\OriginalDataset\NonDemented\nonDem280.jpg,NonDemented,0
C:\Users\HP\OneDrive\Documents\GitHub\MAJOR-PROJECT\archive\OriginalDataset\NonDemented\nonDem1333.jpg,NonDemented,0
C:\Users\HP\OneDrive\Documents\GitHub\MAJOR-PROJECT\archive\OriginalDataset\VeryMildDemented\verymildDem1442.jpg,VeryMildDemented,1
C:\Users\HP\OneDrive\Documents\GitHub\MAJOR-PROJECT\archive\OriginalDataset\MildDemented\30 (21).jpg,MildDemented,1
C:\Users\HP\OneDrive\Documents\GitHub\MAJOR-PROJECT\archive\OriginalDataset\MildDemented\mildDem286.jpg,MildDemented,1
C:\Users\HP\OneDrive\Documents\GitHub\MAJOR-PROJECT\archive\OriginalDataset\VeryMildDemented\verymildDem138.jpg,VeryMildDemented,1
C:\Users\HP\OneDrive\Documents\GitHub\MAJOR-PROJECT\archive\OriginalDataset\NonDemented\nonDem1086.jpg,NonDemented,0
C:\Users\HP\OneDrive\Documents\GitHub\MAJOR-PROJECT\archive\OriginalDataset\NonDemented\nonDem583.jpg,NonDemented,0
C:\Users\HP\OneDrive\Documents\GitHub\MAJOR-PROJECT\archive\OriginalDataset\NonDemented\nonDem459.jpg,NonDemented,0
C:\Users\HP\OneDrive\Documents\GitHub\MAJOR-PROJECT\archive\OriginalDataset\VeryMildDemented\verymildDem900.jpg,VeryMildDemented,1
C:\Users\HP\OneDrive\Documents\GitHub\MAJOR-PROJECT\archive\OriginalDataset\VeryMildDemented\verymildDem1211.jpg,VeryMildDemented,1
C:\Users\HP\OneDrive\Documents\GitHub\MAJOR-PROJECT\archive\OriginalDataset\VeryMildDemented\verymildDem1669.jpg,VeryMildDemented,1
C:\Users\HP\OneDrive\Documents\GitHub\MAJOR-PROJECT\archive\OriginalDataset\VeryMildDemented\verymildDem294.jpg,VeryMildDemented,1
C:\Users\HP\OneDrive\Documents\GitHub\MAJOR-PROJECT\archive\OriginalDataset\NonDemented\nonDem2376.jpg,NonDemented,0
C:\Users\HP\OneDrive\Documents\GitHub\MAJOR-PROJECT\archive\OriginalDataset\VeryMildDemented\verymildDem1013.jpg,VeryMildDemented,1
C:\Users\HP\OneDrive\Documents\GitHub\MAJOR-PROJECT\archive\OriginalDataset\NonDemented\27.jpg,NonDemented,0
C:\Users\HP\OneDrive\Documents\GitHub\MAJOR-PROJECT\archive\OriginalDataset\NonDemented\nonDem333.jpg,NonDemented,0
C:\Users\HP\OneDrive\Documents\GitHub\MAJOR-PROJECT\archive\OriginalDataset\NonDemented\nonDem1874.jpg,NonDemented,0
C:\Users\HP\OneDrive\Documents\GitHub\MAJOR-PROJECT\archive\OriginalDataset\VeryMildDemented\verymildDem756.jpg,VeryMildDemented,1
C:\Users\HP\OneDrive\Documents\GitHub\MAJOR-PROJECT\archive\OriginalDataset\MildDemented\mildDem660.jpg,MildDemented,1
C:\Users\HP\OneDrive\Documents\GitHub\MAJOR-PROJECT\archive\OriginalDataset\NonDemented\nonDem2128.jpg,NonDemented,0
C:\Users\HP\OneDrive\Documents\GitHub\MAJOR-PROJECT\archive\OriginalDataset\MildDemented\mildDem556.jpg,MildDemented,1
C:\Users\HP\OneDrive\Documents\GitHub\MAJOR-PROJECT\archive\OriginalDataset\NonDemented\nonDem966.jpg,NonDemented,0
C:\Users\HP\OneDrive\Documents\GitHub\MAJOR-PROJECT\archive\OriginalDataset\NonDemented\nonDem1700.jpg,NonDemented,0
C:\Users\HP\OneDrive\Documents\GitHub\MAJOR-PROJECT\archive\OriginalDataset\MildDemented\mildDem703.jpg,MildDemented,1
C:\Users\HP\OneDrive\Documents\GitHub\MAJOR-PROJECT\archive\OriginalDataset\VeryMildDemented\verymildDem223.jpg,VeryMildDemented,1
C:\Users\HP\OneDrive\Documents\GitHub\MAJOR-PROJECT\archive\OriginalDataset\MildDemented\30.jpg,MildDemented,1
C:\Users\HP\OneDrive\Documents\GitHub\MAJOR-PROJECT\archive\OriginalDataset\NonDemented\nonDem1147.jpg,NonDemented,0
C:\Users\HP\OneDrive\Documents\GitHub\MAJOR-PROJECT\archive\OriginalDataset\MildDemented\mildDem442.jpg,MildDemented,1
C:\Users\HP\OneDrive\Documents\GitHub\MAJOR-PROJECT\archive\OriginalDataset\NonDemented\nonDem852.jpg,NonDemented,0
C:\Users\HP\OneDrive\Documents\GitHub\MAJOR-PROJECT\archive\OriginalDataset\NonDemented\32 (44).jpg,NonDemented,0
C:\Users\HP\OneDrive\Documents\GitHub\MAJOR-PROJECT\archive\OriginalDataset\VeryMildDemented\verymildDem1397.jpg,VeryMildDemented,1
C:\Users\HP\OneDrive\Documents\GitHub\MAJOR-PROJECT\archive\OriginalDataset\MildDemented\mildDem624.jpg,MildDemented,1
C:\Users\HP\OneDrive\Documents\GitHub\MAJOR-PROJECT\archive\OriginalDataset\MildDemented\mildDem639.jpg,MildDemented,1
C:\Users\HP\OneDrive\Documents\GitHub\MAJOR-PROJECT\archive\OriginalDataset\NonDemented\28 (67).jpg,NonDemented,0
C:\Users\HP\OneDrive\Documents\GitHub\MAJOR-PROJECT\archive\OriginalDataset\MildDemented\mildDem19.jpg,MildDemented,1
C:\Users\HP\OneDrive\Documents\GitHub\MAJOR-PROJECT\archive\OriginalDataset\VeryMildDemented\verymildDem1563.jpg,VeryMildDemented,1
C:\Users\HP\OneDrive\Documents\GitHub\MAJOR-PROJECT\archive\OriginalDataset\NonDemented\32 (39).jpg,NonDemented,0
C:\Users\HP\OneDrive\Documents\GitHub\MAJOR-PROJECT\archive\OriginalDataset\VeryMildDemented\verymildDem1716.jpg,VeryMildDemented,1
C:\Users\HP\OneDrive\Documents\GitHub\MAJOR-PROJECT\archive\OriginalDataset\MildDemented\mildDem436.jpg,MildDemented,1
C:\Users\HP\OneDrive\Documents\GitHub\MAJOR-PROJECT\archive\OriginalDataset\NonDemented\32 (97).jpg,NonDemented,0
C:\Users\HP\OneDrive\Documents\GitHub\MAJOR-PROJECT\archive\OriginalDataset\NonDemented\nonDem2107.jpg,NonDemented,0
C:\Users\HP\OneDrive\Documents\GitHub\MAJOR-PROJECT\archive\OriginalDataset\NonDemented\nonDem85.jpg,NonDemented,0
C:\Users\HP\OneDrive\Documents\GitHub\MAJOR-PROJECT\archive\OriginalDataset\NonDemented\29 (36).jpg,NonDemented,0
C:\Users\HP\OneDrive\Documents\GitHub\MAJOR-PROJECT\archive\OriginalDataset\MildDemented\30 (24).jpg,MildDemented,1
C:\Users\HP\OneDrive\Documents\GitHub\MAJOR-PROJECT\archive\OriginalDataset\NonDemented\29 (9).jpg,NonDemented,0
C:\Users\HP\OneDrive\Documents\GitHub\MAJOR-PROJECT\archive\OriginalDataset\VeryMildDemented\verymildDem1570.jpg,VeryMildDemented,1
C:\Users\HP\OneDrive\Documents\GitHub\MAJOR-PROJECT\archive\OriginalDataset\VeryMildDemented\verymildDem1314.jpg,VeryMildDemented,1
C:\Users\HP\OneDrive\Documents\GitHub\MAJOR-PROJECT\archive\OriginalDataset\NonDemented\nonDem1851.jpg,NonDemented,0
C:\Users\HP\OneDrive\Documents\GitHub\MAJOR-PROJECT\archive\OriginalDataset\VeryMildDemented\verymildDem1152.jpg,VeryMildDemented,1
C:\Users\HP\OneDrive\Documents\GitHub\MAJOR-PROJECT\archive\OriginalDataset\NonDemented\nonDem166.jpg,NonDemented,0
C:\Users\HP\OneDrive\Documents\GitHub\MAJOR-PROJECT\archive\OriginalDataset\MildDemented\mildDem347.jpg,MildDemented,1
C:\Users\HP\OneDrive\Documents\GitHub\MAJOR-PROJECT\archive\OriginalDataset\VeryMildDemented\verymildDem1775.jpg,VeryMildDemented,1
C:\Users\HP\OneDrive\Documents\GitHub\MAJOR-PROJECT\archive\OriginalDataset\NonDemented\nonDem471.jpg,NonDemented,0
C:\Users\HP\OneDrive\Documents\GitHub\MAJOR-PROJECT\archive\OriginalDataset\VeryMildDemented\verymildDem688.jpg,VeryMildDemented,1
C:\Users\HP\OneDrive\Documents\GitHub\MAJOR-PROJECT\archive\OriginalDataset\NonDemented\31 (90).jpg,NonDemented,0
C:\Users\HP\OneDrive\Documents\GitHub\MAJOR-PROJECT\archive\OriginalDataset\MildDemented\mildDem208.jpg,MildDemented,1
C:\Users\HP\OneDrive\Documents\GitHub\MAJOR-PROJECT\archive\OriginalDataset\NonDemented\nonDem1218.jpg,NonDemented,0
C:\Users\HP\OneDrive\Documents\GitHub\MAJOR-PROJECT\archive\OriginalDataset\NonDemented\nonDem1172.jpg,NonDemented,0
C:\Users\HP\OneDrive\Documents\GitHub\MAJOR-PROJECT\archive\OriginalDataset\VeryMildDemented\verymildDem698.jpg,VeryMildDemented,1
C:\Users\HP\OneDrive\Documents\GitHub\MAJOR-PROJECT\archive\OriginalDataset\NonDemented\nonDem1600.jpg,NonDemented,0
C:\Users\HP\OneDrive\Documents\GitHub\MAJOR-PROJECT\archive\OriginalDataset\NonDemented\nonDem2361.jpg,NonDemented,0
C:\Users\HP\OneDrive\Documents\GitHub\MAJOR-PROJECT\archive\OriginalDataset\NonDemented\nonDem406.jpg,NonDemented,0
C:\Users\HP\OneDrive\Documents\GitHub\MAJOR-PROJECT\archive\OriginalDataset\VeryMildDemented\verymildDem336.jpg,VeryMildDemented,1
C:\Users\HP\OneDrive\Documents\GitHub\MAJOR-PROJECT\archive\OriginalDataset\NonDemented\nonDem2354.jpg,NonDemented,0
C:\Users\HP\OneDrive\Documents\GitHub\MAJOR-PROJECT\archive\OriginalDataset\VeryMildDemented\verymildDem1653.jpg,VeryMildDemented,1
C:\Users\HP\OneDrive\Documents\GitHub\MAJOR-PROJECT\archive\OriginalDataset\VeryMildDemented\27 (23).jpg,VeryMildDemented,1
C:\Users\HP\OneDrive\Documents\GitHub\MAJOR-PROJECT\archive\OriginalDataset\NonDemented\nonDem2174.jpg,NonDemented,0
C:\Users\HP\OneDrive\Documents\GitHub\MAJOR-PROJECT\archive\OriginalDataset\NonDemented\29 (19).jpg,NonDemented,0
C:\Users\HP\OneDrive\Documents\GitHub\MAJOR-PROJECT\archive\OriginalDataset\NonDemented\nonDem2203.jpg,NonDemented,0
C:\Users\HP\OneDrive\Documents\GitHub\MAJOR-PROJECT\archive\OriginalDataset\VeryMildDemented\verymildDem368.jpg,VeryMildDemented,1
C:\Users\HP\OneDrive\Documents\GitHub\MAJOR-PROJECT\archive\OriginalDataset\VeryMildDemented\verymildDem386.jpg,VeryMildDemented,1
C:\Users\HP\OneDrive\Documents\GitHub\MAJOR-PROJECT\archive\OriginalDataset\NonDemented\nonDem1006.jpg,NonDemented,0
C:\Users\HP\OneDrive\Documents\GitHub\MAJOR-PROJECT\archive\OriginalDataset\NonDemented\nonDem1566.jpg,NonDemented,0
C:\Users\HP\OneDrive\Documents\GitHub\MAJOR-PROJECT\archive\OriginalDataset\NonDemented\nonDem2554.jpg,NonDemented,0
C:\Users\HP\OneDrive\Documents\GitHub\MAJOR-PROJECT\archive\OriginalDataset\NonDemented\28 (36).jpg,NonDemented,0
C:\Users\HP\OneDrive\Documents\GitHub\MAJOR-PROJECT\archive\OriginalDataset\NonDemented\nonDem2363.jpg,NonDemented,0
C:\Users\HP\OneDrive\Documents\GitHub\MAJOR-PROJECT\archive\OriginalDataset\NonDemented\nonDem830.jpg,NonDemented,0
C:\Users\HP\OneDrive\Documents\GitHub\MAJOR-PROJECT\archive\OriginalDataset\VeryMildDemented\verymildDem1759.jpg,VeryMildDemented,1
C:\Users\HP\OneDrive\Documents\GitHub\MAJOR-PROJECT\archive\OriginalDataset\NonDemented\nonDem70.jpg,NonDemented,0
C:\Users\HP\OneDrive\Documents\GitHub\MAJOR-PROJECT\archive\OriginalDataset\NonDemented\31 (30).jpg,NonDemented,0
C:\Users\HP\OneDrive\Documents\GitHub\MAJOR-PROJECT\archive\OriginalDataset\NonDemented\nonDem324.jpg,NonDemented,0
C:\Users\HP\OneDrive\Documents\GitHub\MAJOR-PROJECT\archive\OriginalDataset\NonDemented\30 (70).jpg,NonDemented,0
C:\Users\HP\OneDrive\Documents\GitHub\MAJOR-PROJECT\archive\OriginalDataset\VeryMildDemented\verymildDem909.jpg,VeryMildDemented,1
C:\Users\HP\OneDrive\Documents\GitHub\MAJOR-PROJECT\archive\OriginalDataset\NonDemented\nonDem1234.jpg,NonDemented,0
C:\Users\HP\OneDrive\Documents\GitHub\MAJOR-PROJECT\archive\OriginalDataset\MildDemented\mildDem333.jpg,MildDemented,1
C:\Users\HP\OneDrive\Documents\GitHub\MAJOR-PROJECT\archive\OriginalDataset\NonDemented\nonDem2030.jpg,NonDemented,0
C:\Users\HP\OneDrive\Documents\GitHub\MAJOR-PROJECT\archive\OriginalDataset\VeryMildDemented\verymildDem1229.jpg,VeryMildDemented,1
C:\Users\HP\OneDrive\Documents\GitHub\MAJOR-PROJECT\archive\OriginalDataset\VeryMildDemented\verymildDem1300.jpg,VeryMildDemented,1
C:\Users\HP\OneDrive\Documents\GitHub\MAJOR-PROJECT\archive\OriginalDataset\MildDemented\mildDem683.jpg,MildDemented,1
C:\Users\HP\OneDrive\Documents\GitHub\MAJOR-PROJECT\archive\OriginalDataset\VeryMildDemented\verymildDem915.jpg,VeryMildDemented,1
C:\Users\HP\OneDrive\Documents\GitHub\MAJOR-PROJECT\archive\OriginalDataset\VeryMildDemented\verymildDem1263.jpg,VeryMildDemented,1
C:\Users\HP\OneDrive\Documents\GitHub\MAJOR-PROJECT\archive\OriginalDataset\NonDemented\nonDem2298.jpg,NonDemented,0
C:\Users\HP\OneDrive\Documents\GitHub\MAJOR-PROJECT\archive\OriginalDataset\MildDemented\mildDem48.jpg,MildDemented,1
C:\Users\HP\OneDrive\Documents\GitHub\MAJOR-PROJECT\archive\OriginalDataset\MildDemented\mildDem15.jpg,MildDemented,1
C:\Users\HP\OneDrive\Documents\GitHub\MAJOR-PROJECT\archive\OriginalDataset\NonDemented\29 (30).jpg,NonDemented,0
C:\Users\HP\OneDrive\Documents\GitHub\MAJOR-PROJECT\archive\OriginalDataset\MildDemented\mildDem611.jpg,MildDemented,1
C:\Users\HP\OneDrive\Documents\GitHub\MAJOR-PROJECT\archive\OriginalDataset\MildDemented\mildDem487.jpg,MildDemented,1
C:\Users\HP\OneDrive\Documents\GitHub\MAJOR-PROJECT\archive\OriginalDataset\VeryMildDemented\verymildDem1043.jpg,VeryMildDemented,1
C:\Users\HP\OneDrive\Documents\GitHub\MAJOR-PROJECT\archive\OriginalDataset\NonDemented\32 (70).jpg,NonDemented,0
C:\Users\HP\OneDrive\Documents\GitHub\MAJOR-PROJECT\archive\OriginalDataset\NonDemented\nonDem1115.jpg,NonDemented,0
C:\Users\HP\OneDrive\Documents\GitHub\MAJOR-PROJECT\archive\OriginalDataset\NonDemented\nonDem2475.jpg,NonDemented,0
C:\Users\HP\OneDrive\Documents\GitHub\MAJOR-PROJECT\archive\OriginalDataset\NonDemented\nonDem2523.jpg,NonDemented,0
C:\Users\HP\OneDrive\Documents\GitHub\MAJOR-PROJECT\archive\OriginalDataset\VeryMildDemented\verymildDem212.jpg,VeryMildDemented,1
C:\Users\HP\OneDrive\Documents\GitHub\MAJOR-PROJECT\archive\OriginalDataset\VeryMildDemented\27 (59).jpg,VeryMildDemented,1
C:\Users\HP\OneDrive\Documents\GitHub\MAJOR-PROJECT\archive\OriginalDataset\NonDemented\nonDem2013.jpg,NonDemented,0
C:\Users\HP\OneDrive\Documents\GitHub\MAJOR-PROJECT\archive\OriginalDataset\NonDemented\nonDem1634.jpg,NonDemented,0
C:\Users\HP\OneDrive\Documents\GitHub\MAJOR-PROJECT\archive\OriginalDataset\NonDemented\nonDem1062.jpg,NonDemented,0
C:\Users\HP\OneDrive\Documents\GitHub\MAJOR-PROJECT\archive\OriginalDataset\NonDemented\nonDem946.jpg,NonDemented,0
C:\Users\HP\OneDrive\Documents\GitHub\MAJOR-PROJECT\archive\OriginalDataset\NonDemented\nonDem2094.jpg,NonDemented,0
C:\Users\HP\OneDrive\Documents\GitHub\MAJOR-PROJECT\archive\OriginalDataset\NonDemented\nonDem605.jpg,NonDemented,0
C:\Users\HP\OneDrive\Documents\GitHub\MAJOR-PROJECT\archive\OriginalDataset\NonDemented\nonDem2346.jpg,NonDemented,0
C:\Users\HP\OneDrive\Documents\GitHub\MAJOR-PROJECT\archive\OriginalDataset\VeryMildDemented\verymildDem1150.jpg,VeryMildDemented,1
C:\Users\HP\OneDrive\Documents\GitHub\MAJOR-PROJECT\archive\OriginalDataset\VeryMildDemented\verymildDem897.jpg,VeryMildDemented,1
C:\Users\HP\OneDrive\Documents\GitHub\MAJOR-PROJECT\archive\OriginalDataset\NonDemented\nonDem873.jpg,NonDemented,0
C:\Users\HP\OneDrive\Documents\GitHub\MAJOR-PROJECT\archive\OriginalDataset\NonDemented\nonDem2082.jpg,NonDemented,0
C:\Users\HP\OneDrive\Documents\GitHub\MAJOR-PROJECT\archive\OriginalDataset\VeryMildDemented\verymildDem883.jpg,VeryMildDemented,1
C:\Users\HP\OneDrive\Documents\GitHub\MAJOR-PROJECT\archive\OriginalDataset\NonDemented\nonDem627.jpg,NonDemented,0
C:\Users\HP\OneDrive\Documents\GitHub\MAJOR-PROJECT\archive\OriginalDataset\NonDemented\nonDem2546.jpg,NonDemented,0
C:\Users\HP\OneDrive\Documents\GitHub\MAJOR-PROJECT\archive\OriginalDataset\VeryMildDemented\verymildDem850.jpg,VeryMildDemented,1
C:\Users\HP\OneDrive\Documents\GitHub\MAJOR-PROJECT\archive\OriginalDataset\NonDemented\nonDem1166.jpg,NonDemented,0
C:\Users\HP\OneDrive\Documents\GitHub\MAJOR-PROJECT\archive\OriginalDataset\NonDemented\nonDem807.jpg,NonDemented,0
C:\Users\HP\OneDrive\Documents\GitHub\MAJOR-PROJECT\archive\OriginalDataset\NonDemented\nonDem78.jpg,NonDemented,0
C:\Users\HP\OneDrive\Documents\GitHub\MAJOR-PROJECT\archive\OriginalDataset\VeryMildDemented\28 (2).jpg,VeryMildDemented,1
C:\Users\HP\OneDrive\Documents\GitHub\MAJOR-PROJECT\archive\OriginalDataset\NonDemented\31 (79).jpg,NonDemented,0
C:\Users\HP\OneDrive\Documents\GitHub\MAJOR-PROJECT\archive\OriginalDataset\VeryMildDemented\verymildDem1341.jpg,VeryMildDemented,1
C:\Users\HP\OneDrive\Documents\GitHub\MAJOR-PROJECT\archive\OriginalDataset\MildDemented\mildDem547.jpg,MildDemented,1
C:\Users\HP\OneDrive\Documents\GitHub\MAJOR-PROJECT\archive\OriginalDataset\VeryMildDemented\verymildDem1080.jpg,VeryMildDemented,1
C:\Users\HP\OneDrive\Documents\GitHub\MAJOR-PROJECT\archive\OriginalDataset\NonDemented\nonDem480.jpg,NonDemented,0
C:\Users\HP\OneDrive\Documents\GitHub\MAJOR-PROJECT\archive\OriginalDataset\NonDemented\nonDem1579.jpg,NonDemented,0
C:\Users\HP\OneDrive\Documents\GitHub\MAJOR-PROJECT\archive\OriginalDataset\NonDemented\30 (94).jpg,NonDemented,0
C:\Users\HP\OneDrive\Documents\GitHub\MAJOR-PROJECT\archive\OriginalDataset\MildDemented\mildDem301.jpg,MildDemented,1
C:\Users\HP\OneDrive\Documents\GitHub\MAJOR-PROJECT\archive\OriginalDataset\VeryMildDemented\verymildDem885.jpg,VeryMildDemented,1
C:\Users\HP\OneDrive\Documents\GitHub\MAJOR-PROJECT\archive\OriginalDataset\NonDemented\nonDem2544.jpg,NonDemented,0
C:\Users\HP\OneDrive\Documents\GitHub\MAJOR-PROJECT\archive\OriginalDataset\MildDemented\mildDem45.jpg,MildDemented,1
C:\Users\HP\OneDrive\Documents\GitHub\MAJOR-PROJECT\archive\OriginalDataset\MildDemented\27 (7).jpg,MildDemented,1
C:\Users\HP\OneDrive\Documents\GitHub\MAJOR-PROJECT\archive\OriginalDataset\VeryMildDemented\verymildDem1464.jpg,VeryMildDemented,1
C:\Users\HP\OneDrive\Documents\GitHub\MAJOR-PROJECT\archive\OriginalDataset\NonDemented\29 (20).jpg,NonDemented,0
C:\Users\HP\OneDrive\Documents\GitHub\MAJOR-PROJECT\archive\OriginalDataset\MildDemented\mildDem716.jpg,MildDemented,1
C:\Users\HP\OneDrive\Documents\GitHub\MAJOR-PROJECT\archive\OriginalDataset\NonDemented\27 (66).jpg,NonDemented,0
C:\Users\HP\OneDrive\Documents\GitHub\MAJOR-PROJECT\archive\OriginalDataset\VeryMildDemented\verymildDem167.jpg,VeryMildDemented,1
C:\Users\HP\OneDrive\Documents\GitHub\MAJOR-PROJECT\archive\OriginalDataset\MildDemented\32 (23).jpg,MildDemented,1
C:\Users\HP\OneDrive\Documents\GitHub\MAJOR-PROJECT\archive\OriginalDataset\NonDemented\28 (53).jpg,NonDemented,0
C:\Users\HP\OneDrive\Documents\GitHub\MAJOR-PROJECT\archive\OriginalDataset\VeryMildDemented\verymildDem1228.jpg,VeryMildDemented,1
C:\Users\HP\OneDrive\Documents\GitHub\MAJOR-PROJECT\archive\OriginalDataset\VeryMildDemented\verymildDem552.jpg,VeryMildDemented,1
C:\Users\HP\OneDrive\Documents\GitHub\MAJOR-PROJECT\archive\OriginalDataset\MildDemented\mildDem344.jpg,MildDemented,1
C:\Users\HP\OneDrive\Documents\GitHub\MAJOR-PROJECT\archive\OriginalDataset\NonDemented\nonDem843.jpg,NonDemented,0
C:\Users\HP\OneDrive\Documents\GitHub\MAJOR-PROJECT\archive\OriginalDataset\MildDemented\29 (28).jpg,MildDemented,1
C:\Users\HP\OneDrive\Documents\GitHub\MAJOR-PROJECT\archive\OriginalDataset\VeryMildDemented\verymildDem1050.jpg,VeryMildDemented,1
C:\Users\HP\OneDrive\Documents\GitHub\MAJOR-PROJECT\archive\OriginalDataset\VeryMildDemented\29 (64).jpg,VeryMildDemented,1
C:\Users\HP\OneDrive\Documents\GitHub\MAJOR-PROJECT\archive\OriginalDataset\VeryMildDemented\verymildDem383.jpg,VeryMildDemented,1
C:\Users\HP\OneDrive\Documents\GitHub\MAJOR-PROJECT\archive\OriginalDataset\NonDemented\nonDem2225.jpg,NonDemented,0
C:\Users\HP\OneDrive\Documents\GitHub\MAJOR-PROJECT\archive\OriginalDataset\NonDemented\27 (97).jpg,NonDemented,0
C:\Users\HP\OneDrive\Documents\GitHub\MAJOR-PROJECT\archive\OriginalDataset\NonDemented\nonDem1386.jpg,NonDemented,0
C:\Users\HP\OneDrive\Documents\GitHub\MAJOR-PROJECT\archive\OriginalDataset\NonDemented\28 (27).jpg,NonDemented,0
C:\Users\HP\OneDrive\Documents\GitHub\MAJOR-PROJECT\archive\OriginalDataset\VeryMildDemented\verymildDem1347.jpg,VeryMildDemented,1
C:\Users\HP\OneDrive\Documents\GitHub\MAJOR-PROJECT\archive\OriginalDataset\MildDemented\mildDem199.jpg,MildDemented,1
C:\Users\HP\OneDrive\Documents\GitHub\MAJOR-PROJECT\archive\OriginalDataset\VeryMildDemented\verymildDem112.jpg,VeryMildDemented,1
C:\Users\HP\OneDrive\Documents\GitHub\MAJOR-PROJECT\archive\OriginalDataset\VeryMildDemented\verymildDem1214.jpg,VeryMildDemented,1
C:\Users\HP\OneDrive\Documents\GitHub\MAJOR-PROJECT\archive\OriginalDataset\VeryMildDemented\verymildDem786.jpg,VeryMildDemented,1
C:\Users\HP\OneDrive\Documents\GitHub\MAJOR-PROJECT\archive\OriginalDataset\NonDemented\nonDem902.jpg,NonDemented,0
C:\Users\HP\OneDrive\Documents\GitHub\MAJOR-PROJECT\archive\OriginalDataset\NonDemented\nonDem2100.jpg,NonDemented,0
C:\Users\HP\OneDrive\Documents\GitHub\MAJOR-PROJECT\archive\OriginalDataset\NonDemented\nonDem2339.jpg,NonDemented,0
C:\Users\HP\OneDrive\Documents\GitHub\MAJOR-PROJECT\archive\OriginalDataset\NonDemented\32 (78).jpg,NonDemented,0
C:\Users\HP\OneDrive\Documents\GitHub\MAJOR-PROJECT\archive\OriginalDataset\NonDemented\nonDem2112.jpg,NonDemented,0
C:\Users\HP\OneDrive\Documents\GitHub\MAJOR-PROJECT\archive\OriginalDataset\NonDemented\28 (57).jpg,NonDemented,0
C:\Users\HP\OneDrive\Documents\GitHub\MAJOR-PROJECT\archive\OriginalDataset\MildDemented\mildDem357.jpg,MildDemented,1
C:\Users\HP\OneDrive\Documents\GitHub\MAJOR-PROJECT\archive\OriginalDataset\VeryMildDemented\verymildDem477.jpg,VeryMildDemented,1
C:\Users\HP\OneDrive\Documents\GitHub\MAJOR-PROJECT\archive\OriginalDataset\NonDemented\nonDem1770.jpg,NonDemented,0
C:\Users\HP\OneDrive\Documents\GitHub\MAJOR-PROJECT\archive\OriginalDataset\VeryMildDemented\verymildDem1637.jpg,VeryMildDemented,1
C:\Users\HP\OneDrive\Documents\GitHub\MAJOR-PROJECT\archive\OriginalDataset\ModerateDemented\moderateDem14.jpg,ModerateDemented,1
C:\Users\HP\OneDrive\Documents\GitHub\MAJOR-PROJECT\archive\OriginalDataset\NonDemented\nonDem2200.jpg,NonDemented,0
C:\Users\HP\OneDrive\Documents\GitHub\MAJOR-PROJECT\archive\OriginalDataset\ModerateDemented\moderateDem3.jpg,ModerateDemented,1
C:\Users\HP\OneDrive\Documents\GitHub\MAJOR-PROJECT\archive\OriginalDataset\NonDemented\nonDem2477.jpg,NonDemented,0
C:\Users\HP\OneDrive\Documents\GitHub\MAJOR-PROJECT\archive\OriginalDataset\ModerateDemented\29 (2).jpg,ModerateDemented,1
C:\Users\HP\OneDrive\Documents\GitHub\MAJOR-PROJECT\archive\OriginalDataset\VeryMildDemented\29 (24).jpg,VeryMildDemented,1
C:\Users\HP\OneDrive\Documents\GitHub\MAJOR-PROJECT\archive\OriginalDataset\NonDemented\31 (65).jpg,NonDemented,0
C:\Users\HP\OneDrive\Documents\GitHub\MAJOR-PROJECT\archive\OriginalDataset\NonDemented\nonDem1033.jpg,NonDemented,0
C:\Users\HP\OneDrive\Documents\GitHub\MAJOR-PROJECT\archive\OriginalDataset\MildDemented\mildDem510.jpg,MildDemented,1
C:\Users\HP\OneDrive\Documents\GitHub\MAJOR-PROJECT\archive\OriginalDataset\NonDemented\nonDem2409.jpg,NonDemented,0
C:\Users\HP\OneDrive\Documents\GitHub\MAJOR-PROJECT\archive\OriginalDataset\NonDemented\nonDem107.jpg,NonDemented,0
C:\Users\HP\OneDrive\Documents\GitHub\MAJOR-PROJECT\archive\OriginalDataset\NonDemented\26 (71).jpg,NonDemented,0
C:\Users\HP\OneDrive\Documents\GitHub\MAJOR-PROJECT\archive\OriginalDataset\NonDemented\nonDem156.jpg,NonDemented,0
C:\Users\HP\OneDrive\Documents\GitHub\MAJOR-PROJECT\archive\OriginalDataset\NonDemented\nonDem2034.jpg,NonDemented,0
C:\Users\HP\OneDrive\Documents\GitHub\MAJOR-PROJECT\archive\OriginalDataset\NonDemented\nonDem1406.jpg,NonDemented,0
C:\Users\HP\OneDrive\Documents\GitHub\MAJOR-PROJECT\archive\OriginalDataset\NonDemented\nonDem1993.jpg,NonDemented,0
C:\Users\HP\OneDrive\Documents\GitHub\MAJOR-PROJECT\archive\OriginalDataset\VeryMildDemented\32 (25).jpg,VeryMildDemented,1
C:\Users\HP\OneDrive\Documents\GitHub\MAJOR-PROJECT\archive\OriginalDataset\VeryMildDemented\verymildDem1232.jpg,VeryMildDemented,1
C:\Users\HP\OneDrive\Documents\GitHub\MAJOR-PROJECT\archive\OriginalDataset\NonDemented\nonDem1708.jpg,NonDemented,0
C:\Users\HP\OneDrive\Documents\GitHub\MAJOR-PROJECT\archive\OriginalDataset\NonDemented\nonDem1017.jpg,NonDemented,0
C:\Users\HP\OneDrive\Documents\GitHub\MAJOR-PROJECT\archive\OriginalDataset\NonDemented\nonDem723.jpg,NonDemented,0
C:\Users\HP\OneDrive\Documents\GitHub\MAJOR-PROJECT\archive\OriginalDataset\VeryMildDemented\verymildDem1782.jpg,VeryMildDemented,1
C:\Users\HP\OneDrive\Documents\GitHub\MAJOR-PROJECT\archive\OriginalDataset\VeryMildDemented\verymildDem1413.jpg,VeryMildDemented,1
C:\Users\HP\OneDrive\Documents\GitHub\MAJOR-PROJECT\archive\OriginalDataset\NonDemented\nonDem1763.jpg,NonDemented,0
C:\Users\HP\OneDrive\Documents\GitHub\MAJOR-PROJECT\archive\OriginalDataset\VeryMildDemented\verymildDem1623.jpg,VeryMildDemented,1
C:\Users\HP\OneDrive\Documents\GitHub\MAJOR-PROJECT\archive\OriginalDataset\NonDemented\nonDem940.jpg,NonDemented,0
C:\Users\HP\OneDrive\Documents\GitHub\MAJOR-PROJECT\archive\OriginalDataset\NonDemented\nonDem147.jpg,NonDemented,0
C:\Users\HP\OneDrive\Documents\GitHub\MAJOR-PROJECT\archive\OriginalDataset\VeryMildDemented\verymildDem289.jpg,VeryMildDemented,1
C:\Users\HP\OneDrive\Documents\GitHub\MAJOR-PROJECT\archive\OriginalDataset\NonDemented\nonDem2195.jpg,NonDemented,0
C:\Users\HP\OneDrive\Documents\GitHub\MAJOR-PROJECT\archive\OriginalDataset\NonDemented\31 (80).jpg,NonDemented,0
C:\Users\HP\OneDrive\Documents\GitHub\MAJOR-PROJECT\archive\OriginalDataset\NonDemented\nonDem2372.jpg,NonDemented,0
C:\Users\HP\OneDrive\Documents\GitHub\MAJOR-PROJECT\archive\OriginalDataset\MildDemented\mildDem154.jpg,MildDemented,1
C:\Users\HP\OneDrive\Documents\GitHub\MAJOR-PROJECT\archive\OriginalDataset\VeryMildDemented\verymildDem493.jpg,VeryMildDemented,1
C:\Users\HP\OneDrive\Documents\GitHub\MAJOR-PROJECT\archive\OriginalDataset\VeryMildDemented\verymildDem1688.jpg,VeryMildDemented,1
C:\Users\HP\OneDrive\Documents\GitHub\MAJOR-PROJECT\archive\OriginalDataset\NonDemented\nonDem2405.jpg,NonDemented,0
C:\Users\HP\OneDrive\Documents\GitHub\MAJOR-PROJECT\archive\OriginalDataset\NonDemented\nonDem1365.jpg,NonDemented,0
C:\Users\HP\OneDrive\Documents\GitHub\MAJOR-PROJECT\archive\OriginalDataset\MildDemented\31 (9).jpg,MildDemented,1
C:\Users\HP\OneDrive\Documents\GitHub\MAJOR-PROJECT\archive\OriginalDataset\NonDemented\nonDem2039.jpg,NonDemented,0
C:\Users\HP\OneDrive\Documents\GitHub\MAJOR-PROJECT\archive\OriginalDataset\NonDemented\26 (63).jpg,NonDemented,0
C:\Users\HP\OneDrive\Documents\GitHub\MAJOR-PROJECT\archive\OriginalDataset\NonDemented\nonDem731.jpg,NonDemented,0
C:\Users\HP\OneDrive\Documents\GitHub\MAJOR-PROJECT\archive\OriginalDataset\NonDemented\nonDem1643.jpg,NonDemented,0
C:\Users\HP\OneDrive\Documents\GitHub\MAJOR-PROJECT\archive\OriginalDataset\NonDemented\32 (76).jpg,NonDemented,0
C:\Users\HP\OneDrive\Documents\GitHub\MAJOR-PROJECT\archive\OriginalDataset\VeryMildDemented\verymildDem1256.jpg,VeryMildDemented,1
C:\Users\HP\OneDrive\Documents\GitHub\MAJOR-PROJECT\archive\OriginalDataset\NonDemented\nonDem2191.jpg,NonDemented,0
C:\Users\HP\OneDrive\Documents\GitHub\MAJOR-PROJECT\archive\OriginalDataset\NonDemented\nonDem1925.jpg,NonDemented,0
C:\Users\HP\OneDrive\Documents\GitHub\MAJOR-PROJECT\archive\OriginalDataset\VeryMildDemented\verymildDem1625.jpg,VeryMildDemented,1
C:\Users\HP\OneDrive\Documents\GitHub\MAJOR-PROJECT\archive\OriginalDataset\NonDemented\nonDem1508.jpg,NonDemented,0
C:\Users\HP\OneDrive\Documents\GitHub\MAJOR-PROJECT\archive\OriginalDataset\NonDemented\31 (62).jpg,NonDemented,0
C:\Users\HP\OneDrive\Documents\GitHub\MAJOR-PROJECT\archive\OriginalDataset\NonDemented\nonDem2141.jpg,NonDemented,0
C:\Users\HP\OneDrive\Documents\GitHub\MAJOR-PROJECT\archive\OriginalDataset\NonDemented\32 (98).jpg,NonDemented,0
C:\Users\HP\OneDrive\Documents\GitHub\MAJOR-PROJECT\archive\OriginalDataset\NonDemented\26 (90).jpg,NonDemented,0
C:\Users\HP\OneDrive\Documents\GitHub\MAJOR-PROJECT\archive\OriginalDataset\NonDemented\nonDem1856.jpg,NonDemented,0
C:\Users\HP\OneDrive\Documents\GitHub\MAJOR-PROJECT\archive\OriginalDataset\MildDemented\mildDem430.jpg,MildDemented,1
C:\Users\HP\OneDrive\Documents\GitHub\MAJOR-PROJECT\archive\OriginalDataset\VeryMildDemented\verymildDem1185.jpg,VeryMildDemented,1
C:\Users\HP\OneDrive\Documents\GitHub\MAJOR-PROJECT\archive\OriginalDataset\MildDemented\mildDem84.jpg,MildDemented,1
C:\Users\HP\OneDrive\Documents\GitHub\MAJOR-PROJECT\archive\OriginalDataset\NonDemented\nonDem1945.jpg,NonDemented,0
C:\Users\HP\OneDrive\Documents\GitHub\MAJOR-PROJECT\archive\OriginalDataset\VeryMildDemented\verymildDem432.jpg,VeryMildDemented,1
C:\Users\HP\OneDrive\Documents\GitHub\MAJOR-PROJECT\archive\OriginalDataset\VeryMildDemented\verymildDem1534.jpg,VeryMildDemented,1
C:\Users\HP\OneDrive\Documents\GitHub\MAJOR-PROJECT\archive\OriginalDataset\NonDemented\nonDem1567.jpg,NonDemented,0
C:\Users\HP\OneDrive\Documents\GitHub\MAJOR-PROJECT\archive\OriginalDataset\VeryMildDemented\verymildDem570.jpg,VeryMildDemented,1
C:\Users\HP\OneDrive\Documents\GitHub\MAJOR-PROJECT\archive\OriginalDataset\NonDemented\nonDem2470.jpg,NonDemented,0
C:\Users\HP\OneDrive\Documents\GitHub\MAJOR-PROJECT\archive\OriginalDataset\MildDemented\mildDem64.jpg,MildDemented,1
C:\Users\HP\OneDrive\Documents\GitHub\MAJOR-PROJECT\archive\OriginalDataset\NonDemented\nonDem988.jpg,NonDemented,0
C:\Users\HP\OneDrive\Documents\GitHub\MAJOR-PROJECT\archive\OriginalDataset\VeryMildDemented\verymildDem738.jpg,VeryMildDemented,1
C:\Users\HP\OneDrive\Documents\GitHub\MAJOR-PROJECT\archive\OriginalDataset\NonDemented\nonDem1901.jpg,NonDemented,0
C:\Users\HP\OneDrive\Documents\GitHub\MAJOR-PROJECT\archive\OriginalDataset\NonDemented\31 (96).jpg,NonDemented,0
C:\Users\HP\OneDrive\Documents\GitHub\MAJOR-PROJECT\archive\OriginalDataset\NonDemented\nonDem1131.jpg,NonDemented,0
C:\Users\HP\OneDrive\Documents\GitHub\MAJOR-PROJECT\archive\OriginalDataset\VeryMildDemented\verymildDem1560.jpg,VeryMildDemented,1
C:\Users\HP\OneDrive\Documents\GitHub\MAJOR-PROJECT\archive\OriginalDataset\ModerateDemented\moderateDem41.jpg,ModerateDemented,1
C:\Users\HP\OneDrive\Documents\GitHub\MAJOR-PROJECT\archive\OriginalDataset\NonDemented\nonDem1855.jpg,NonDemented,0
C:\Users\HP\OneDrive\Documents\GitHub\MAJOR-PROJECT\archive\OriginalDataset\VeryMildDemented\verymildDem1093.jpg,VeryMildDemented,1
C:\Users\HP\OneDrive\Documents\GitHub\MAJOR-PROJECT\archive\OriginalDataset\NonDemented\nonDem1627.jpg,NonDemented,0
C:\Users\HP\OneDrive\Documents\GitHub\MAJOR-PROJECT\archive\OriginalDataset\VeryMildDemented\29 (11).jpg,VeryMildDemented,1
C:\Users\HP\OneDrive\Documents\GitHub\MAJOR-PROJECT\archive\OriginalDataset\NonDemented\29 (26).jpg,NonDemented,0
C:\Users\HP\OneDrive\Documents\GitHub\MAJOR-PROJECT\archive\OriginalDataset\NonDemented\nonDem1814.jpg,NonDemented,0
C:\Users\HP\OneDrive\Documents\GitHub\MAJOR-PROJECT\archive\OriginalDataset\VeryMildDemented\31 (28).jpg,VeryMildDemented,1
C:\Users\HP\OneDrive\Documents\GitHub\MAJOR-PROJECT\archive\OriginalDataset\VeryMildDemented\28 (66).jpg,VeryMildDemented,1
C:\Users\HP\OneDrive\Documents\GitHub\MAJOR-PROJECT\archive\OriginalDataset\MildDemented\mildDem398.jpg,MildDemented,1
C:\Users\HP\OneDrive\Documents\GitHub\MAJOR-PROJECT\archive\OriginalDataset\NonDemented\29 (63).jpg,NonDemented,0
C:\Users\HP\OneDrive\Documents\GitHub\MAJOR-PROJECT\archive\OriginalDataset\VeryMildDemented\verymildDem1136.jpg,VeryMildDemented,1
C:\Users\HP\OneDrive\Documents\GitHub\MAJOR-PROJECT\archive\OriginalDataset\MildDemented\30 (22).jpg,MildDemented,1
C:\Users\HP\OneDrive\Documents\GitHub\MAJOR-PROJECT\archive\OriginalDataset\NonDemented\nonDem286.jpg,NonDemented,0
C:\Users\HP\OneDrive\Documents\GitHub\MAJOR-PROJECT\archive\OriginalDataset\NonDemented\30 (73).jpg,NonDemented,0
C:\Users\HP\OneDrive\Documents\GitHub\MAJOR-PROJECT\archive\OriginalDataset\NonDemented\nonDem2456.jpg,NonDemented,0
C:\Users\HP\OneDrive\Documents\GitHub\MAJOR-PROJECT\archive\OriginalDataset\MildDemented\mildDem18.jpg,MildDemented,1
C:\Users\HP\OneDrive\Documents\GitHub\MAJOR-PROJECT\archive\OriginalDataset\VeryMildDemented\verymildDem710.jpg,VeryMildDemented,1
C:\Users\HP\OneDrive\Documents\GitHub\MAJOR-PROJECT\archive\OriginalDataset\NonDemented\31 (100).jpg,NonDemented,0
C:\Users\HP\OneDrive\Documents\GitHub\MAJOR-PROJECT\archive\OriginalDataset\VeryMildDemented\verymildDem978.jpg,VeryMildDemented,1
C:\Users\HP\OneDrive\Documents\GitHub\MAJOR-PROJECT\archive\OriginalDataset\VeryMildDemented\verymildDem1468.jpg,VeryMildDemented,1
C:\Users\HP\OneDrive\Documents\GitHub\MAJOR-PROJECT\archive\OriginalDataset\NonDemented\nonDem2110.jpg,NonDemented,0
C:\Users\HP\OneDrive\Documents\GitHub\MAJOR-PROJECT\archive\OriginalDataset\NonDemented\26 (69).jpg,NonDemented,0
C:\Users\HP\OneDrive\Documents\GitHub\MAJOR-PROJECT\archive\OriginalDataset\VeryMildDemented\verymildDem1646.jpg,VeryMildDemented,1
C:\Users\HP\OneDrive\Documents\GitHub\MAJOR-PROJECT\archive\OriginalDataset\MildDemented\mildDem513.jpg,MildDemented,1
C:\Users\HP\OneDrive\Documents\GitHub\MAJOR-PROJECT\archive\OriginalDataset\NonDemented\nonDem753.jpg,NonDemented,0
C:\Users\HP\OneDrive\Documents\GitHub\MAJOR-PROJECT\archive\OriginalDataset\NonDemented\30 (19).jpg,NonDemented,0
C:\Users\HP\OneDrive\Documents\GitHub\MAJOR-PROJECT\archive\OriginalDataset\MildDemented\mildDem569.jpg,MildDemented,1
C:\Users\HP\OneDrive\Documents\GitHub\MAJOR-PROJECT\archive\OriginalDataset\NonDemented\nonDem683.jpg,NonDemented,0
C:\Users\HP\OneDrive\Documents\GitHub\MAJOR-PROJECT\archive\OriginalDataset\VeryMildDemented\verymildDem1675.jpg,VeryMildDemented,1
C:\Users\HP\OneDrive\Documents\GitHub\MAJOR-PROJECT\archive\OriginalDataset\VeryMildDemented\verymildDem1656.jpg,VeryMildDemented,1
C:\Users\HP\OneDrive\Documents\GitHub\MAJOR-PROJECT\archive\OriginalDataset\VeryMildDemented\verymildDem423.jpg,VeryMildDemented,1
C:\Users\HP\OneDrive\Documents\GitHub\MAJOR-PROJECT\archive\OriginalDataset\NonDemented\31 (71).jpg,NonDemented,0
C:\Users\HP\OneDrive\Documents\GitHub\MAJOR-PROJECT\archive\OriginalDataset\NonDemented\nonDem184.jpg,NonDemented,0
C:\Users\HP\OneDrive\Documents\GitHub\MAJOR-PROJECT\archive\OriginalDataset\NonDemented\nonDem1931.jpg,NonDemented,0
C:\Users\HP\OneDrive\Documents\GitHub\MAJOR-PROJECT\archive\OriginalDataset\NonDemented\nonDem2097.jpg,NonDemented,0
C:\Users\HP\OneDrive\Documents\GitHub\MAJOR-PROJECT\archive\OriginalDataset\MildDemented\28 (12).jpg,MildDemented,1
C:\Users\HP\OneDrive\Documents\GitHub\MAJOR-PROJECT\archive\OriginalDataset\NonDemented\nonDem1683.jpg,NonDemented,0
C:\Users\HP\OneDrive\Documents\GitHub\MAJOR-PROJECT\archive\OriginalDataset\VeryMildDemented\26 (47).jpg,VeryMildDemented,1
C:\Users\HP\OneDrive\Documents\GitHub\MAJOR-PROJECT\archive\OriginalDataset\MildDemented\32 (3).jpg,MildDemented,1
C:\Users\HP\OneDrive\Documents\GitHub\MAJOR-PROJECT\archive\OriginalDataset\NonDemented\nonDem2123.jpg,NonDemented,0
C:\Users\HP\OneDrive\Documents\GitHub\MAJOR-PROJECT\archive\OriginalDataset\VeryMildDemented\verymildDem824.jpg,VeryMildDemented,1
C:\Users\HP\OneDrive\Documents\GitHub\MAJOR-PROJECT\archive\OriginalDataset\VeryMildDemented\30 (49).jpg,VeryMildDemented,1
C:\Users\HP\OneDrive\Documents\GitHub\MAJOR-PROJECT\archive\OriginalDataset\VeryMildDemented\32 (43).jpg,VeryMildDemented,1
C:\Users\HP\OneDrive\Documents\GitHub\MAJOR-PROJECT\archive\OriginalDataset\NonDemented\nonDem2380.jpg,NonDemented,0
C:\Users\HP\OneDrive\Documents\GitHub\MAJOR-PROJECT\archive\OriginalDataset\NonDemented\nonDem537.jpg,NonDemented,0
C:\Users\HP\OneDrive\Documents\GitHub\MAJOR-PROJECT\archive\OriginalDataset\VeryMildDemented\27 (36).jpg,VeryMildDemented,1
C:\Users\HP\OneDrive\Documents\GitHub\MAJOR-PROJECT\archive\OriginalDataset\NonDemented\nonDem2344.jpg,NonDemented,0
C:\Users\HP\OneDrive\Documents\GitHub\MAJOR-PROJECT\archive\OriginalDataset\VeryMildDemented\29 (23).jpg,VeryMildDemented,1
C:\Users\HP\OneDrive\Documents\GitHub\MAJOR-PROJECT\archive\OriginalDataset\NonDemented\nonDem1860.jpg,NonDemented,0
C:\Users\HP\OneDrive\Documents\GitHub\MAJOR-PROJECT\archive\OriginalDataset\NonDemented\nonDem1274.jpg,NonDemented,0
C:\Users\HP\OneDrive\Documents\GitHub\MAJOR-PROJECT\archive\OriginalDataset\VeryMildDemented\verymildDem1416.jpg,VeryMildDemented,1
C:\Users\HP\OneDrive\Documents\GitHub\MAJOR-PROJECT\archive\OriginalDataset\VeryMildDemented\26 (66).jpg,VeryMildDemented,1
C:\Users\HP\OneDrive\Documents\GitHub\MAJOR-PROJECT\archive\OriginalDataset\NonDemented\29 (56).jpg,NonDemented,0
C:\Users\HP\OneDrive\Documents\GitHub\MAJOR-PROJECT\archive\OriginalDataset\NonDemented\nonDem1740.jpg,NonDemented,0
C:\Users\HP\OneDrive\Documents\GitHub\MAJOR-PROJECT\archive\OriginalDataset\NonDemented\nonDem14.jpg,NonDemented,0
C:\Users\HP\OneDrive\Documents\GitHub\MAJOR-PROJECT\archive\OriginalDataset\VeryMildDemented\verymildDem392.jpg,VeryMildDemented,1
C:\Users\HP\OneDrive\Documents\GitHub\MAJOR-PROJECT\archive\OriginalDataset\VeryMildDemented\verymildDem567.jpg,VeryMildDemented,1
C:\Users\HP\OneDrive\Documents\GitHub\MAJOR-PROJECT\archive\OriginalDataset\MildDemented\mildDem397.jpg,MildDemented,1
C:\Users\HP\OneDrive\Documents\GitHub\MAJOR-PROJECT\archive\OriginalDataset\VeryMildDemented\verymildDem837.jpg,VeryMildDemented,1
C:\Users\HP\OneDrive\Documents\GitHub\MAJOR-PROJECT\archive\OriginalDataset\NonDemented\nonDem1403.jpg,NonDemented,0
C:\Users\HP\OneDrive\Documents\GitHub\MAJOR-PROJECT\archive\OriginalDataset\NonDemented\32 (90).jpg,NonDemented,0
C:\Users\HP\OneDrive\Documents\GitHub\MAJOR-PROJECT\archive\OriginalDataset\VeryMildDemented\29 (44).jpg,VeryMildDemented,1
C:\Users\HP\OneDrive\Documents\GitHub\MAJOR-PROJECT\archive\OriginalDataset\NonDemented\nonDem1575.jpg,NonDemented,0
C:\Users\HP\OneDrive\Documents\GitHub\MAJOR-PROJECT\archive\OriginalDataset\MildDemented\32 (21).jpg,MildDemented,1
C:\Users\HP\OneDrive\Documents\GitHub\MAJOR-PROJECT\archive\OriginalDataset\VeryMildDemented\verymildDem1781.jpg,VeryMildDemented,1
C:\Users\HP\OneDrive\Documents\GitHub\MAJOR-PROJECT\archive\OriginalDataset\NonDemented\nonDem2032.jpg,NonDemented,0
C:\Users\HP\OneDrive\Documents\GitHub\MAJOR-PROJECT\archive\OriginalDataset\NonDemented\nonDem841.jpg,NonDemented,0
C:\Users\HP\OneDrive\Documents\GitHub\MAJOR-PROJECT\archive\OriginalDataset\VeryMildDemented\verymildDem1499.jpg,VeryMildDemented,1
C:\Users\HP\OneDrive\Documents\GitHub\MAJOR-PROJECT\archive\OriginalDataset\MildDemented\30 (20).jpg,MildDemented,1
C:\Users\HP\OneDrive\Documents\GitHub\MAJOR-PROJECT\archive\OriginalDataset\VeryMildDemented\verymildDem218.jpg,VeryMildDemented,1
C:\Users\HP\OneDrive\Documents\GitHub\MAJOR-PROJECT\archive\OriginalDataset\NonDemented\30 (77).jpg,NonDemented,0
C:\Users\HP\OneDrive\Documents\GitHub\MAJOR-PROJECT\archive\OriginalDataset\NonDemented\nonDem489.jpg,NonDemented,0
C:\Users\HP\OneDrive\Documents\GitHub\MAJOR-PROJECT\archive\OriginalDataset\VeryMildDemented\verymildDem1518.jpg,VeryMildDemented,1
C:\Users\HP\OneDrive\Documents\GitHub\MAJOR-PROJECT\archive\OriginalDataset\MildDemented\mildDem696.jpg,MildDemented,1
C:\Users\HP\OneDrive\Documents\GitHub\MAJOR-PROJECT\archive\OriginalDataset\VeryMildDemented\verymildDem1791.jpg,VeryMildDemented,1
C:\Users\HP\OneDrive\Documents\GitHub\MAJOR-PROJECT\archive\OriginalDataset\MildDemented\mildDem61.jpg,MildDemented,1
C:\Users\HP\OneDrive\Documents\GitHub\MAJOR-PROJECT\archive\OriginalDataset\NonDemented\nonDem2093.jpg,NonDemented,0
C:\Users\HP\OneDrive\Documents\GitHub\MAJOR-PROJECT\archive\OriginalDataset\VeryMildDemented\verymildDem1610.jpg,VeryMildDemented,1
C:\Users\HP\OneDrive\Documents\GitHub\MAJOR-PROJECT\archive\OriginalDataset\ModerateDemented\moderateDem6.jpg,ModerateDemented,1
C:\Users\HP\OneDrive\Documents\GitHub\MAJOR-PROJECT\archive\OriginalDataset\VeryMildDemented\30 (11).jpg,VeryMildDemented,1
C:\Users\HP\OneDrive\Documents\GitHub\MAJOR-PROJECT\archive\OriginalDataset\VeryMildDemented\verymildDem924.jpg,VeryMildDemented,1
C:\Users\HP\OneDrive\Documents\GitHub\MAJOR-PROJECT\archive\OriginalDataset\MildDemented\mildDem216.jpg,MildDemented,1
C:\Users\HP\OneDrive\Documents\GitHub\MAJOR-PROJECT\archive\OriginalDataset\NonDemented\nonDem2027.jpg,NonDemented,0
C:\Users\HP\OneDrive\Documents\GitHub\MAJOR-PROJECT\archive\OriginalDataset\VeryMildDemented\verymildDem816.jpg,VeryMildDemented,1
C:\Users\HP\OneDrive\Documents\GitHub\MAJOR-PROJECT\archive\OriginalDataset\VeryMildDemented\verymildDem1034.jpg,VeryMildDemented,1
C:\Users\HP\OneDrive\Documents\GitHub\MAJOR-PROJECT\archive\OriginalDataset\NonDemented\31 (58).jpg,NonDemented,0
C:\Users\HP\OneDrive\Documents\GitHub\MAJOR-PROJECT\archive\OriginalDataset\VeryMildDemented\verymildDem1467.jpg,VeryMildDemented,1
C:\Users\HP\OneDrive\Documents\GitHub\MAJOR-PROJECT\archive\OriginalDataset\NonDemented\nonDem2061.jpg,NonDemented,0
C:\Users\HP\OneDrive\Documents\GitHub\MAJOR-PROJECT\archive\OriginalDataset\MildDemented\mildDem110.jpg,MildDemented,1
C:\Users\HP\OneDrive\Documents\GitHub\MAJOR-PROJECT\archive\OriginalDataset\ModerateDemented\moderateDem29.jpg,ModerateDemented,1
C:\Users\HP\OneDrive\Documents\GitHub\MAJOR-PROJECT\archive\OriginalDataset\VeryMildDemented\27 (43).jpg,VeryMildDemented,1
C:\Users\HP\OneDrive\Documents\GitHub\MAJOR-PROJECT\archive\OriginalDataset\MildDemented\27 (16).jpg,MildDemented,1
C:\Users\HP\OneDrive\Documents\GitHub\MAJOR-PROJECT\archive\OriginalDataset\NonDemented\28 (45).jpg,NonDemented,0
C:\Users\HP\OneDrive\Documents\GitHub\MAJOR-PROJECT\archive\OriginalDataset\MildDemented\mildDem615.jpg,MildDemented,1
C:\Users\HP\OneDrive\Documents\GitHub\MAJOR-PROJECT\archive\OriginalDataset\NonDemented\nonDem801.jpg,NonDemented,0
C:\Users\HP\OneDrive\Documents\GitHub\MAJOR-PROJECT\archive\OriginalDataset\VeryMildDemented\verymildDem1731.jpg,VeryMildDemented,1
C:\Users\HP\OneDrive\Documents\GitHub\MAJOR-PROJECT\archive\OriginalDataset\NonDemented\nonDem1101.jpg,NonDemented,0
C:\Users\HP\OneDrive\Documents\GitHub\MAJOR-PROJECT\archive\OriginalDataset\VeryMildDemented\31 (21).jpg,VeryMildDemented,1
C:\Users\HP\OneDrive\Documents\GitHub\MAJOR-PROJECT\archive\OriginalDataset\MildDemented\mildDem81.jpg,MildDemented,1
C:\Users\HP\OneDrive\Documents\GitHub\MAJOR-PROJECT\archive\OriginalDataset\NonDemented\nonDem2197.jpg,NonDemented,0
C:\Users\HP\OneDrive\Documents\GitHub\MAJOR-PROJECT\archive\OriginalDataset\NonDemented\nonDem1987.jpg,NonDemented,0
C:\Users\HP\OneDrive\Documents\GitHub\MAJOR-PROJECT\archive\OriginalDataset\VeryMildDemented\verymildDem11.jpg,VeryMildDemented,1
C:\Users\HP\OneDrive\Documents\GitHub\MAJOR-PROJECT\archive\OriginalDataset\NonDemented\nonDem37.jpg,NonDemented,0
C:\Users\HP\OneDrive\Documents\GitHub\MAJOR-PROJECT\archive\OriginalDataset\NonDemented\31 (13).jpg,NonDemented,0
C:\Users\HP\OneDrive\Documents\GitHub\MAJOR-PROJECT\archive\OriginalDataset\NonDemented\nonDem2538.jpg,NonDemented,0
C:\Users\HP\OneDrive\Documents\GitHub\MAJOR-PROJECT\archive\OriginalDataset\VeryMildDemented\verymildDem1351.jpg,VeryMildDemented,1
C:\Users\HP\OneDrive\Documents\GitHub\MAJOR-PROJECT\archive\OriginalDataset\NonDemented\nonDem2241.jpg,NonDemented,0
C:\Users\HP\OneDrive\Documents\GitHub\MAJOR-PROJECT\archive\OriginalDataset\VeryMildDemented\verymildDem1220.jpg,VeryMildDemented,1
C:\Users\HP\OneDrive\Documents\GitHub\MAJOR-PROJECT\archive\OriginalDataset\NonDemented\nonDem23.jpg,NonDemented,0
C:\Users\HP\OneDrive\Documents\GitHub\MAJOR-PROJECT\archive\OriginalDataset\NonDemented\nonDem254.jpg,NonDemented,0
C:\Users\HP\OneDrive\Documents\GitHub\MAJOR-PROJECT\archive\OriginalDataset\VeryMildDemented\26.jpg,VeryMildDemented,1
C:\Users\HP\OneDrive\Documents\GitHub\MAJOR-PROJECT\archive\OriginalDataset\VeryMildDemented\verymildDem1636.jpg,VeryMildDemented,1
C:\Users\HP\OneDrive\Documents\GitHub\MAJOR-PROJECT\archive\OriginalDataset\VeryMildDemented\verymildDem1305.jpg,VeryMildDemented,1
C:\Users\HP\OneDrive\Documents\GitHub\MAJOR-PROJECT\archive\OriginalDataset\VeryMildDemented\verymildDem413.jpg,VeryMildDemented,1
C:\Users\HP\OneDrive\Documents\GitHub\MAJOR-PROJECT\archive\OriginalDataset\NonDemented\29 (73).jpg,NonDemented,0
C:\Users\HP\OneDrive\Documents\GitHub\MAJOR-PROJECT\archive\OriginalDataset\NonDemented\nonDem122.jpg,NonDemented,0
C:\Users\HP\OneDrive\Documents\GitHub\MAJOR-PROJECT\archive\OriginalDataset\NonDemented\nonDem889.jpg,NonDemented,0
C:\Users\HP\OneDrive\Documents\GitHub\MAJOR-PROJECT\archive\OriginalDataset\MildDemented\mildDem542.jpg,MildDemented,1
C:\Users\HP\OneDrive\Documents\GitHub\MAJOR-PROJECT\archive\OriginalDataset\VeryMildDemented\verymildDem132.jpg,VeryMildDemented,1
C:\Users\HP\OneDrive\Documents\GitHub\MAJOR-PROJECT\archive\OriginalDataset\NonDemented\nonDem1422.jpg,NonDemented,0
C:\Users\HP\OneDrive\Documents\GitHub\MAJOR-PROJECT\archive\OriginalDataset\ModerateDemented\moderateDem51.jpg,ModerateDemented,1
C:\Users\HP\OneDrive\Documents\GitHub\MAJOR-PROJECT\archive\OriginalDataset\NonDemented\nonDem800.jpg,NonDemented,0
C:\Users\HP\OneDrive\Documents\GitHub\MAJOR-PROJECT\archive\OriginalDataset\NonDemented\nonDem634.jpg,NonDemented,0
C:\Users\HP\OneDrive\Documents\GitHub\MAJOR-PROJECT\archive\OriginalDataset\VeryMildDemented\verymildDem308.jpg,VeryMildDemented,1
C:\Users\HP\OneDrive\Documents\GitHub\MAJOR-PROJECT\archive\OriginalDataset\MildDemented\31 (5).jpg,MildDemented,1
C:\Users\HP\OneDrive\Documents\GitHub\MAJOR-PROJECT\archive\OriginalDataset\NonDemented\nonDem553.jpg,NonDemented,0
C:\Users\HP\OneDrive\Documents\GitHub\MAJOR-PROJECT\archive\OriginalDataset\MildDemented\mildDem25.jpg,MildDemented,1
C:\Users\HP\OneDrive\Documents\GitHub\MAJOR-PROJECT\archive\OriginalDataset\VeryMildDemented\29 (13).jpg,VeryMildDemented,1
C:\Users\HP\OneDrive\Documents\GitHub\MAJOR-PROJECT\archive\OriginalDataset\VeryMildDemented\verymildDem941.jpg,VeryMildDemented,1
C:\Users\HP\OneDrive\Documents\GitHub\MAJOR-PROJECT\archive\OriginalDataset\MildDemented\mildDem576.jpg,MildDemented,1
C:\Users\HP\OneDrive\Documents\GitHub\MAJOR-PROJECT\archive\OriginalDataset\NonDemented\nonDem123.jpg,NonDemented,0
C:\Users\HP\OneDrive\Documents\GitHub\MAJOR-PROJECT\archive\OriginalDataset\MildDemented\mildDem557.jpg,MildDemented,1
C:\Users\HP\OneDrive\Documents\GitHub\MAJOR-PROJECT\archive\OriginalDataset\NonDemented\nonDem44.jpg,NonDemented,0
C:\Users\HP\OneDrive\Documents\GitHub\MAJOR-PROJECT\archive\OriginalDataset\NonDemented\nonDem1542.jpg,NonDemented,0
C:\Users\HP\OneDrive\Documents\GitHub\MAJOR-PROJECT\archive\OriginalDataset\ModerateDemented\moderateDem2.jpg,ModerateDemented,1
C:\Users\HP\OneDrive\Documents\GitHub\MAJOR-PROJECT\archive\OriginalDataset\MildDemented\mildDem299.jpg,MildDemented,1
C:\Users\HP\OneDrive\Documents\GitHub\MAJOR-PROJECT\archive\OriginalDataset\NonDemented\nonDem1480.jpg,NonDemented,0
C:\Users\HP\OneDrive\Documents\GitHub\MAJOR-PROJECT\archive\OriginalDataset\MildDemented\mildDem394.jpg,MildDemented,1
C:\Users\HP\OneDrive\Documents\GitHub\MAJOR-PROJECT\archive\OriginalDataset\NonDemented\nonDem1045.jpg,NonDemented,0
C:\Users\HP\OneDrive\Documents\GitHub\MAJOR-PROJECT\archive\OriginalDataset\VeryMildDemented\32 (38).jpg,VeryMildDemented,1
C:\Users\HP\OneDrive\Documents\GitHub\MAJOR-PROJECT\archive\OriginalDataset\NonDemented\nonDem1568.jpg,NonDemented,0
C:\Users\HP\OneDrive\Documents\GitHub\MAJOR-PROJECT\archive\OriginalDataset\NonDemented\30 (92).jpg,NonDemented,0
C:\Users\HP\OneDrive\Documents\GitHub\MAJOR-PROJECT\archive\OriginalDataset\NonDemented\nonDem2301.jpg,NonDemented,0
C:\Users\HP\OneDrive\Documents\GitHub\MAJOR-PROJECT\archive\OriginalDataset\VeryMildDemented\verymildDem717.jpg,VeryMildDemented,1
C:\Users\HP\OneDrive\Documents\GitHub\MAJOR-PROJECT\archive\OriginalDataset\NonDemented\29 (83).jpg,NonDemented,0
C:\Users\HP\OneDrive\Documents\GitHub\MAJOR-PROJECT\archive\OriginalDataset\VeryMildDemented\verymildDem998.jpg,VeryMildDemented,1
C:\Users\HP\OneDrive\Documents\GitHub\MAJOR-PROJECT\archive\OriginalDataset\NonDemented\nonDem2313.jpg,NonDemented,0
C:\Users\HP\OneDrive\Documents\GitHub\MAJOR-PROJECT\archive\OriginalDataset\NonDemented\nonDem233.jpg,NonDemented,0
C:\Users\HP\OneDrive\Documents\GitHub\MAJOR-PROJECT\archive\OriginalDataset\NonDemented\nonDem264.jpg,NonDemented,0
C:\Users\HP\OneDrive\Documents\GitHub\MAJOR-PROJECT\archive\OriginalDataset\VeryMildDemented\30 (61).jpg,VeryMildDemented,1
C:\Users\HP\OneDrive\Documents\GitHub\MAJOR-PROJECT\archive\OriginalDataset\NonDemented\nonDem185.jpg,NonDemented,0
C:\Users\HP\OneDrive\Documents\GitHub\MAJOR-PROJECT\archive\OriginalDataset\NonDemented\26 (86).jpg,NonDemented,0
C:\Users\HP\OneDrive\Documents\GitHub\MAJOR-PROJECT\archive\OriginalDataset\NonDemented\nonDem1440.jpg,NonDemented,0
C:\Users\HP\OneDrive\Documents\GitHub\MAJOR-PROJECT\archive\OriginalDataset\NonDemented\nonDem2253.jpg,NonDemented,0
C:\Users\HP\OneDrive\Documents\GitHub\MAJOR-PROJECT\archive\OriginalDataset\VeryMildDemented\verymildDem317.jpg,VeryMildDemented,1
C:\Users\HP\OneDrive\Documents\GitHub\MAJOR-PROJECT\archive\OriginalDataset\NonDemented\nonDem1582.jpg,NonDemented,0
C:\Users\HP\OneDrive\Documents\GitHub\MAJOR-PROJECT\archive\OriginalDataset\NonDemented\nonDem1896.jpg,NonDemented,0
C:\Users\HP\OneDrive\Documents\GitHub\MAJOR-PROJECT\archive\OriginalDataset\NonDemented\nonDem620.jpg,NonDemented,0
C:\Users\HP\OneDrive\Documents\GitHub\MAJOR-PROJECT\archive\OriginalDataset\MildDemented\mildDem636.jpg,MildDemented,1
C:\Users\HP\OneDrive\Documents\GitHub\MAJOR-PROJECT\archive\OriginalDataset\VeryMildDemented\verymildDem394.jpg,VeryMildDemented,1
C:\Users\HP\OneDrive\Documents\GitHub\MAJOR-PROJECT\archive\OriginalDataset\MildDemented\32 (8).jpg,MildDemented,1
C:\Users\HP\OneDrive\Documents\GitHub\MAJOR-PROJECT\archive\OriginalDataset\MildDemented\mildDem710.jpg,MildDemented,1
C:\Users\HP\OneDrive\Documents\GitHub\MAJOR-PROJECT\archive\OriginalDataset\VeryMildDemented\29 (20).jpg,VeryMildDemented,1
C:\Users\HP\OneDrive\Documents\GitHub\MAJOR-PROJECT\archive\OriginalDataset\MildDemented\mildDem386.jpg,MildDemented,1
C:\Users\HP\OneDrive\Documents\GitHub\MAJOR-PROJECT\archive\OriginalDataset\MildDemented\mildDem457.jpg,MildDemented,1
C:\Users\HP\OneDrive\Documents\GitHub\MAJOR-PROJECT\archive\OriginalDataset\NonDemented\nonDem1525.jpg,NonDemented,0
C:\Users\HP\OneDrive\Documents\GitHub\MAJOR-PROJECT\archive\OriginalDataset\MildDemented\mildDem483.jpg,MildDemented,1
C:\Users\HP\OneDrive\Documents\GitHub\MAJOR-PROJECT\archive\OriginalDataset\VeryMildDemented\28 (5).jpg,VeryMildDemented,1
C:\Users\HP\OneDrive\Documents\GitHub\MAJOR-PROJECT\archive\OriginalDataset\NonDemented\nonDem1061.jpg,NonDemented,0
C:\Users\HP\OneDrive\Documents\GitHub\MAJOR-PROJECT\archive\OriginalDataset\MildDemented\mildDem669.jpg,MildDemented,1
C:\Users\HP\OneDrive\Documents\GitHub\MAJOR-PROJECT\archive\OriginalDataset\VeryMildDemented\verymildDem507.jpg,VeryMildDemented,1
C:\Users\HP\OneDrive\Documents\GitHub\MAJOR-PROJECT\archive\OriginalDataset\VeryMildDemented\verymildDem1134.jpg,VeryMildDemented,1
C:\Users\HP\OneDrive\Documents\GitHub\MAJOR-PROJECT\archive\OriginalDataset\NonDemented\nonDem2190.jpg,NonDemented,0
C:\Users\HP\OneDrive\Documents\GitHub\MAJOR-PROJECT\archive\OriginalDataset\NonDemented\nonDem253.jpg,NonDemented,0
C:\Users\HP\OneDrive\Documents\GitHub\MAJOR-PROJECT\archive\OriginalDataset\VeryMildDemented\verymildDem1573.jpg,VeryMildDemented,1
C:\Users\HP\OneDrive\Documents\GitHub\MAJOR-PROJECT\archive\OriginalDataset\NonDemented\27 (72).jpg,NonDemented,0
C:\Users\HP\OneDrive\Documents\GitHub\MAJOR-PROJECT\archive\OriginalDataset\NonDemented\nonDem1545.jpg,NonDemented,0
C:\Users\HP\OneDrive\Documents\GitHub\MAJOR-PROJECT\archive\OriginalDataset\NonDemented\nonDem1106.jpg,NonDemented,0
C:\Users\HP\OneDrive\Documents\GitHub\MAJOR-PROJECT\archive\OriginalDataset\NonDemented\nonDem1266.jpg,NonDemented,0
C:\Users\HP\OneDrive\Documents\GitHub\MAJOR-PROJECT\archive\OriginalDataset\NonDemented\nonDem1075.jpg,NonDemented,0
C:\Users\HP\OneDrive\Documents\GitHub\MAJOR-PROJECT\archive\OriginalDataset\VeryMildDemented\verymildDem622.jpg,VeryMildDemented,1
C:\Users\HP\OneDrive\Documents\GitHub\MAJOR-PROJECT\archive\OriginalDataset\VeryMildDemented\verymildDem1595.jpg,VeryMildDemented,1
C:\Users\HP\OneDrive\Documents\GitHub\MAJOR-PROJECT\archive\OriginalDataset\NonDemented\nonDem465.jpg,NonDemented,0
C:\Users\HP\OneDrive\Documents\GitHub\MAJOR-PROJECT\archive\OriginalDataset\VeryMildDemented\verymildDem433.jpg,VeryMildDemented,1
C:\Users\HP\OneDrive\Documents\GitHub\MAJOR-PROJECT\archive\OriginalDataset\MildDemented\mildDem86.jpg,MildDemented,1
C:\Users\HP\OneDrive\Documents\GitHub\MAJOR-PROJECT\archive\OriginalDataset\VeryMildDemented\verymildDem1549.jpg,VeryMildDemented,1
C:\Users\HP\OneDrive\Documents\GitHub\MAJOR-PROJECT\archive\OriginalDataset\NonDemented\nonDem432.jpg,NonDemented,0
C:\Users\HP\OneDrive\Documents\GitHub\MAJOR-PROJECT\archive\OriginalDataset\VeryMildDemented\verymildDem724.jpg,VeryMildDemented,1
C:\Users\HP\OneDrive\Documents\GitHub\MAJOR-PROJECT\archive\OriginalDataset\NonDemented\nonDem291.jpg,NonDemented,0
C:\Users\HP\OneDrive\Documents\GitHub\MAJOR-PROJECT\archive\OriginalDataset\VeryMildDemented\30 (65).jpg,VeryMildDemented,1
C:\Users\HP\OneDrive\Documents\GitHub\MAJOR-PROJECT\archive\OriginalDataset\MildDemented\mildDem119.jpg,MildDemented,1
C:\Users\HP\OneDrive\Documents\GitHub\MAJOR-PROJECT\archive\OriginalDataset\NonDemented\nonDem241.jpg,NonDemented,0
C:\Users\HP\OneDrive\Documents\GitHub\MAJOR-PROJECT\archive\OriginalDataset\VeryMildDemented\verymildDem1187.jpg,VeryMildDemented,1
C:\Users\HP\OneDrive\Documents\GitHub\MAJOR-PROJECT\archive\OriginalDataset\NonDemented\nonDem2464.jpg,NonDemented,0
C:\Users\HP\OneDrive\Documents\GitHub\MAJOR-PROJECT\archive\OriginalDataset\VeryMildDemented\28 (56).jpg,VeryMildDemented,1
C:\Users\HP\OneDrive\Documents\GitHub\MAJOR-PROJECT\archive\OriginalDataset\VeryMildDemented\verymildDem1068.jpg,VeryMildDemented,1
C:\Users\HP\OneDrive\Documents\GitHub\MAJOR-PROJECT\archive\OriginalDataset\NonDemented\nonDem589.jpg,NonDemented,0
C:\Users\HP\OneDrive\Documents\GitHub\MAJOR-PROJECT\archive\OriginalDataset\NonDemented\nonDem259.jpg,NonDemented,0
C:\Users\HP\OneDrive\Documents\GitHub\MAJOR-PROJECT\archive\OriginalDataset\MildDemented\mildDem489.jpg,MildDemented,1
C:\Users\HP\OneDrive\Documents\GitHub\MAJOR-PROJECT\archive\OriginalDataset\NonDemented\nonDem706.jpg,NonDemented,0
C:\Users\HP\OneDrive\Documents\GitHub\MAJOR-PROJECT\archive\OriginalDataset\VeryMildDemented\verymildDem1312.jpg,VeryMildDemented,1
C:\Users\HP\OneDrive\Documents\GitHub\MAJOR-PROJECT\archive\OriginalDataset\VeryMildDemented\verymildDem1562.jpg,VeryMildDemented,1
C:\Users\HP\OneDrive\Documents\GitHub\MAJOR-PROJECT\archive\OriginalDataset\NonDemented\27 (86).jpg,NonDemented,0
C:\Users\HP\OneDrive\Documents\GitHub\MAJOR-PROJECT\archive\OriginalDataset\VeryMildDemented\verymildDem1156.jpg,VeryMildDemented,1
C:\Users\HP\OneDrive\Documents\GitHub\MAJOR-PROJECT\archive\OriginalDataset\NonDemented\nonDem2072.jpg,NonDemented,0
C:\Users\HP\OneDrive\Documents\GitHub\MAJOR-PROJECT\archive\OriginalDataset\VeryMildDemented\30 (44).jpg,VeryMildDemented,1
C:\Users\HP\OneDrive\Documents\GitHub\MAJOR-PROJECT\archive\OriginalDataset\VeryMildDemented\verymildDem700.jpg,VeryMildDemented,1
C:\Users\HP\OneDrive\Documents\GitHub\MAJOR-PROJECT\archive\OriginalDataset\NonDemented\28 (50).jpg,NonDemented,0
C:\Users\HP\OneDrive\Documents\GitHub\MAJOR-PROJECT\archive\OriginalDataset\NonDemented\nonDem80.jpg,NonDemented,0
C:\Users\HP\OneDrive\Documents\GitHub\MAJOR-PROJECT\archive\OriginalDataset\VeryMildDemented\verymildDem1412.jpg,VeryMildDemented,1
C:\Users\HP\OneDrive\Documents\GitHub\MAJOR-PROJECT\archive\OriginalDataset\NonDemented\nonDem780.jpg,NonDemented,0
C:\Users\HP\OneDrive\Documents\GitHub\MAJOR-PROJECT\archive\OriginalDataset\VeryMildDemented\verymildDem1340.jpg,VeryMildDemented,1
C:\Users\HP\OneDrive\Documents\GitHub\MAJOR-PROJECT\archive\OriginalDataset\VeryMildDemented\27 (63).jpg,VeryMildDemented,1
C:\Users\HP\OneDrive\Documents\GitHub\MAJOR-PROJECT\archive\OriginalDataset\NonDemented\nonDem522.jpg,NonDemented,0
C:\Users\HP\OneDrive\Documents\GitHub\MAJOR-PROJECT\archive\OriginalDataset\NonDemented\32 (2).jpg,NonDemented,0
C:\Users\HP\OneDrive\Documents\GitHub\MAJOR-PROJECT\archive\OriginalDataset\NonDemented\nonDem1090.jpg,NonDemented,0
C:\Users\HP\OneDrive\Documents\GitHub\MAJOR-PROJECT\archive\OriginalDataset\VeryMildDemented\verymildDem829.jpg,VeryMildDemented,1
C:\Users\HP\OneDrive\Documents\GitHub\MAJOR-PROJECT\archive\OriginalDataset\NonDemented\nonDem1827.jpg,NonDemented,0
C:\Users\HP\OneDrive\Documents\GitHub\MAJOR-PROJECT\archive\OriginalDataset\VeryMildDemented\verymildDem389.jpg,VeryMildDemented,1
C:\Users\HP\OneDrive\Documents\GitHub\MAJOR-PROJECT\archive\OriginalDataset\NonDemented\nonDem1684.jpg,NonDemented,0
C:\Users\HP\OneDrive\Documents\GitHub\MAJOR-PROJECT\archive\OriginalDataset\MildDemented\27 (25).jpg,MildDemented,1
C:\Users\HP\OneDrive\Documents\GitHub\MAJOR-PROJECT\archive\OriginalDataset\VeryMildDemented\verymildDem107.jpg,VeryMildDemented,1
C:\Users\HP\OneDrive\Documents\GitHub\MAJOR-PROJECT\archive\OriginalDataset\NonDemented\32 (38).jpg,NonDemented,0
C:\Users\HP\OneDrive\Documents\GitHub\MAJOR-PROJECT\archive\OriginalDataset\NonDemented\31 (88).jpg,NonDemented,0
C:\Users\HP\OneDrive\Documents\GitHub\MAJOR-PROJECT\archive\OriginalDataset\NonDemented\28 (14).jpg,NonDemented,0
C:\Users\HP\OneDrive\Documents\GitHub\MAJOR-PROJECT\archive\OriginalDataset\VeryMildDemented\verymildDem1511.jpg,VeryMildDemented,1
C:\Users\HP\OneDrive\Documents\GitHub\MAJOR-PROJECT\archive\OriginalDataset\VeryMildDemented\verymildDem773.jpg,VeryMildDemented,1
C:\Users\HP\OneDrive\Documents\GitHub\MAJOR-PROJECT\archive\OriginalDataset\NonDemented\28 (92).jpg,NonDemented,0
C:\Users\HP\OneDrive\Documents\GitHub\MAJOR-PROJECT\archive\OriginalDataset\VeryMildDemented\31 (8).jpg,VeryMildDemented,1
C:\Users\HP\OneDrive\Documents\GitHub\MAJOR-PROJECT\archive\OriginalDataset\MildDemented\27 (6).jpg,MildDemented,1
C:\Users\HP\OneDrive\Documents\GitHub\MAJOR-PROJECT\archive\OriginalDataset\MildDemented\31 (8).jpg,MildDemented,1
C:\Users\HP\OneDrive\Documents\GitHub\MAJOR-PROJECT\archive\OriginalDataset\VeryMildDemented\verymildDem313.jpg,VeryMildDemented,1
C:\Users\HP\OneDrive\Documents\GitHub\MAJOR-PROJECT\archive\OriginalDataset\VeryMildDemented\29 (34).jpg,VeryMildDemented,1
C:\Users\HP\OneDrive\Documents\GitHub\MAJOR-PROJECT\archive\OriginalDataset\NonDemented\32 (91).jpg,NonDemented,0
C:\Users\HP\OneDrive\Documents\GitHub\MAJOR-PROJECT\archive\OriginalDataset\VeryMildDemented\31 (9).jpg,VeryMildDemented,1
C:\Users\HP\OneDrive\Documents\GitHub\MAJOR-PROJECT\archive\OriginalDataset\NonDemented\26.jpg,NonDemented,0
C:\Users\HP\OneDrive\Documents\GitHub\MAJOR-PROJECT\archive\OriginalDataset\NonDemented\nonDem1186.jpg,NonDemented,0
C:\Users\HP\OneDrive\Documents\GitHub\MAJOR-PROJECT\archive\OriginalDataset\NonDemented\27 (88).jpg,NonDemented,0
C:\Users\HP\OneDrive\Documents\GitHub\MAJOR-PROJECT\archive\OriginalDataset\VeryMildDemented\verymildDem1586.jpg,VeryMildDemented,1
C:\Users\HP\OneDrive\Documents\GitHub\MAJOR-PROJECT\archive\OriginalDataset\NonDemented\nonDem954.jpg,NonDemented,0
C:\Users\HP\OneDrive\Documents\GitHub\MAJOR-PROJECT\archive\OriginalDataset\MildDemented\mildDem526.jpg,MildDemented,1
C:\Users\HP\OneDrive\Documents\GitHub\MAJOR-PROJECT\archive\OriginalDataset\VeryMildDemented\verymildDem884.jpg,VeryMildDemented,1
C:\Users\HP\OneDrive\Documents\GitHub\MAJOR-PROJECT\archive\OriginalDataset\MildDemented\mildDem270.jpg,MildDemented,1
C:\Users\HP\OneDrive\Documents\GitHub\MAJOR-PROJECT\archive\OriginalDataset\VeryMildDemented\verymildDem335.jpg,VeryMildDemented,1
C:\Users\HP\OneDrive\Documents\GitHub\MAJOR-PROJECT\archive\OriginalDataset\VeryMildDemented\verymildDem533.jpg,VeryMildDemented,1
C:\Users\HP\OneDrive\Documents\GitHub\MAJOR-PROJECT\archive\OriginalDataset\NonDemented\nonDem1144.jpg,NonDemented,0
C:\Users\HP\OneDrive\Documents\GitHub\MAJOR-PROJECT\archive\OriginalDataset\NonDemented\nonDem1503.jpg,NonDemented,0
C:\Users\HP\OneDrive\Documents\GitHub\MAJOR-PROJECT\archive\OriginalDataset\NonDemented\nonDem1161.jpg,NonDemented,0
C:\Users\HP\OneDrive\Documents\GitHub\MAJOR-PROJECT\archive\OriginalDataset\VeryMildDemented\verymildDem1555.jpg,VeryMildDemented,1
C:\Users\HP\OneDrive\Documents\GitHub\MAJOR-PROJECT\archive\OriginalDataset\NonDemented\nonDem1427.jpg,NonDemented,0
C:\Users\HP\OneDrive\Documents\GitHub\MAJOR-PROJECT\archive\OriginalDataset\VeryMildDemented\verymildDem471.jpg,VeryMildDemented,1
C:\Users\HP\OneDrive\Documents\GitHub\MAJOR-PROJECT\archive\OriginalDataset\VeryMildDemented\verymildDem18.jpg,VeryMildDemented,1
C:\Users\HP\OneDrive\Documents\GitHub\MAJOR-PROJECT\archive\OriginalDataset\NonDemented\nonDem2115.jpg,NonDemented,0
C:\Users\HP\OneDrive\Documents\GitHub\MAJOR-PROJECT\archive\OriginalDataset\VeryMildDemented\verymildDem1429.jpg,VeryMildDemented,1
C:\Users\HP\OneDrive\Documents\GitHub\MAJOR-PROJECT\archive\OriginalDataset\NonDemented\nonDem2309.jpg,NonDemented,0
C:\Users\HP\OneDrive\Documents\GitHub\MAJOR-PROJECT\archive\OriginalDataset\NonDemented\nonDem1687.jpg,NonDemented,0
C:\Users\HP\OneDrive\Documents\GitHub\MAJOR-PROJECT\archive\OriginalDataset\NonDemented\nonDem959.jpg,NonDemented,0
C:\Users\HP\OneDrive\Documents\GitHub\MAJOR-PROJECT\archive\OriginalDataset\NonDemented\nonDem1475.jpg,NonDemented,0
C:\Users\HP\OneDrive\Documents\GitHub\MAJOR-PROJECT\archive\OriginalDataset\VeryMildDemented\verymildDem446.jpg,VeryMildDemented,1
C:\Users\HP\OneDrive\Documents\GitHub\MAJOR-PROJECT\archive\OriginalDataset\VeryMildDemented\verymildDem146.jpg,VeryMildDemented,1
C:\Users\HP\OneDrive\Documents\GitHub\MAJOR-PROJECT\archive\OriginalDataset\MildDemented\29 (22).jpg,MildDemented,1
C:\Users\HP\OneDrive\Documents\GitHub\MAJOR-PROJECT\archive\OriginalDataset\VeryMildDemented\32 (53).jpg,VeryMildDemented,1
C:\Users\HP\OneDrive\Documents\GitHub\MAJOR-PROJECT\archive\OriginalDataset\NonDemented\31 (76).jpg,NonDemented,0
C:\Users\HP\OneDrive\Documents\GitHub\MAJOR-PROJECT\archive\OriginalDataset\VeryMildDemented\verymildDem1607.jpg,VeryMildDemented,1
C:\Users\HP\OneDrive\Documents\GitHub\MAJOR-PROJECT\archive\OriginalDataset\NonDemented\nonDem2077.jpg,NonDemented,0
C:\Users\HP\OneDrive\Documents\GitHub\MAJOR-PROJECT\archive\OriginalDataset\NonDemented\nonDem160.jpg,NonDemented,0
C:\Users\HP\OneDrive\Documents\GitHub\MAJOR-PROJECT\archive\OriginalDataset\NonDemented\28 (69).jpg,NonDemented,0
C:\Users\HP\OneDrive\Documents\GitHub\MAJOR-PROJECT\archive\OriginalDataset\VeryMildDemented\32 (65).jpg,VeryMildDemented,1
C:\Users\HP\OneDrive\Documents\GitHub\MAJOR-PROJECT\archive\OriginalDataset\NonDemented\nonDem1434.jpg,NonDemented,0
C:\Users\HP\OneDrive\Documents\GitHub\MAJOR-PROJECT\archive\OriginalDataset\NonDemented\nonDem552.jpg,NonDemented,0
C:\Users\HP\OneDrive\Documents\GitHub\MAJOR-PROJECT\archive\OriginalDataset\NonDemented\nonDem1533.jpg,NonDemented,0
C:\Users\HP\OneDrive\Documents\GitHub\MAJOR-PROJECT\archive\OriginalDataset\MildDemented\mildDem565.jpg,MildDemented,1
C:\Users\HP\OneDrive\Documents\GitHub\MAJOR-PROJECT\archive\OriginalDataset\NonDemented\nonDem2491.jpg,NonDemented,0
C:\Users\HP\OneDrive\Documents\GitHub\MAJOR-PROJECT\archive\OriginalDataset\NonDemented\nonDem2404.jpg,NonDemented,0
C:\Users\HP\OneDrive\Documents\GitHub\MAJOR-PROJECT\archive\OriginalDataset\MildDemented\mildDem47.jpg,MildDemented,1
C:\Users\HP\OneDrive\Documents\GitHub\MAJOR-PROJECT\archive\OriginalDataset\VeryMildDemented\31 (6).jpg,VeryMildDemented,1
C:\Users\HP\OneDrive\Documents\GitHub\MAJOR-PROJECT\archive\OriginalDataset\NonDemented\nonDem1941.jpg,NonDemented,0
C:\Users\HP\OneDrive\Documents\GitHub\MAJOR-PROJECT\archive\OriginalDataset\NonDemented\nonDem711.jpg,NonDemented,0
C:\Users\HP\OneDrive\Documents\GitHub\MAJOR-PROJECT\archive\OriginalDataset\NonDemented\nonDem2252.jpg,NonDemented,0
C:\Users\HP\OneDrive\Documents\GitHub\MAJOR-PROJECT\archive\OriginalDataset\VeryMildDemented\verymildDem938.jpg,VeryMildDemented,1
C:\Users\HP\OneDrive\Documents\GitHub\MAJOR-PROJECT\archive\OriginalDataset\MildDemented\mildDem406.jpg,MildDemented,1
C:\Users\HP\OneDrive\Documents\GitHub\MAJOR-PROJECT\archive\OriginalDataset\MildDemented\mildDem170.jpg,MildDemented,1
C:\Users\HP\OneDrive\Documents\GitHub\MAJOR-PROJECT\archive\OriginalDataset\VeryMildDemented\verymildDem405.jpg,VeryMildDemented,1
C:\Users\HP\OneDrive\Documents\GitHub\MAJOR-PROJECT\archive\OriginalDataset\NonDemented\nonDem61.jpg,NonDemented,0
C:\Users\HP\OneDrive\Documents\GitHub\MAJOR-PROJECT\archive\OriginalDataset\VeryMildDemented\verymildDem176.jpg,VeryMildDemented,1
C:\Users\HP\OneDrive\Documents\GitHub\MAJOR-PROJECT\archive\OriginalDataset\NonDemented\nonDem391.jpg,NonDemented,0
C:\Users\HP\OneDrive\Documents\GitHub\MAJOR-PROJECT\archive\OriginalDataset\NonDemented\nonDem82.jpg,NonDemented,0
C:\Users\HP\OneDrive\Documents\GitHub\MAJOR-PROJECT\archive\OriginalDataset\NonDemented\nonDem182.jpg,NonDemented,0
C:\Users\HP\OneDrive\Documents\GitHub\MAJOR-PROJECT\archive\OriginalDataset\ModerateDemented\moderateDem15.jpg,ModerateDemented,1
C:\Users\HP\OneDrive\Documents\GitHub\MAJOR-PROJECT\archive\OriginalDataset\VeryMildDemented\27 (28).jpg,VeryMildDemented,1
C:\Users\HP\OneDrive\Documents\GitHub\MAJOR-PROJECT\archive\OriginalDataset\NonDemented\nonDem784.jpg,NonDemented,0
C:\Users\HP\OneDrive\Documents\GitHub\MAJOR-PROJECT\archive\OriginalDataset\VeryMildDemented\27 (26).jpg,VeryMildDemented,1
C:\Users\HP\OneDrive\Documents\GitHub\MAJOR-PROJECT\archive\OriginalDataset\NonDemented\nonDem2144.jpg,NonDemented,0
C:\Users\HP\OneDrive\Documents\GitHub\MAJOR-PROJECT\archive\OriginalDataset\VeryMildDemented\verymildDem627.jpg,VeryMildDemented,1
C:\Users\HP\OneDrive\Documents\GitHub\MAJOR-PROJECT\archive\OriginalDataset\NonDemented\nonDem1608.jpg,NonDemented,0
C:\Users\HP\OneDrive\Documents\GitHub\MAJOR-PROJECT\archive\OriginalDataset\MildDemented\mildDem541.jpg,MildDemented,1
C:\Users\HP\OneDrive\Documents\GitHub\MAJOR-PROJECT\archive\OriginalDataset\NonDemented\nonDem1433.jpg,NonDemented,0
C:\Users\HP\OneDrive\Documents\GitHub\MAJOR-PROJECT\archive\OriginalDataset\NonDemented\nonDem434.jpg,NonDemented,0
C:\Users\HP\OneDrive\Documents\GitHub\MAJOR-PROJECT\archive\OriginalDataset\VeryMildDemented\29 (70).jpg,VeryMildDemented,1
C:\Users\HP\OneDrive\Documents\GitHub\MAJOR-PROJECT\archive\OriginalDataset\VeryMildDemented\verymildDem1700.jpg,VeryMildDemented,1
C:\Users\HP\OneDrive\Documents\GitHub\MAJOR-PROJECT\archive\OriginalDataset\VeryMildDemented\27 (22).jpg,VeryMildDemented,1
C:\Users\HP\OneDrive\Documents\GitHub\MAJOR-PROJECT\archive\OriginalDataset\VeryMildDemented\verymildDem1611.jpg,VeryMildDemented,1
C:\Users\HP\OneDrive\Documents\GitHub\MAJOR-PROJECT\archive\OriginalDataset\NonDemented\nonDem740.jpg,NonDemented,0
C:\Users\HP\OneDrive\Documents\GitHub\MAJOR-PROJECT\archive\OriginalDataset\VeryMildDemented\verymildDem122.jpg,VeryMildDemented,1
C:\Users\HP\OneDrive\Documents\GitHub\MAJOR-PROJECT\archive\OriginalDataset\NonDemented\nonDem349.jpg,NonDemented,0
C:\Users\HP\OneDrive\Documents\GitHub\MAJOR-PROJECT\archive\OriginalDataset\NonDemented\32 (29).jpg,NonDemented,0
C:\Users\HP\OneDrive\Documents\GitHub\MAJOR-PROJECT\archive\OriginalDataset\NonDemented\nonDem1626.jpg,NonDemented,0
C:\Users\HP\OneDrive\Documents\GitHub\MAJOR-PROJECT\archive\OriginalDataset\VeryMildDemented\verymildDem980.jpg,VeryMildDemented,1
C:\Users\HP\OneDrive\Documents\GitHub\MAJOR-PROJECT\archive\OriginalDataset\NonDemented\nonDem168.jpg,NonDemented,0
C:\Users\HP\OneDrive\Documents\GitHub\MAJOR-PROJECT\archive\OriginalDataset\NonDemented\nonDem1400.jpg,NonDemented,0
C:\Users\HP\OneDrive\Documents\GitHub\MAJOR-PROJECT\archive\OriginalDataset\MildDemented\29 (5).jpg,MildDemented,1
C:\Users\HP\OneDrive\Documents\GitHub\MAJOR-PROJECT\archive\OriginalDataset\VeryMildDemented\verymildDem1109.jpg,VeryMildDemented,1
C:\Users\HP\OneDrive\Documents\GitHub\MAJOR-PROJECT\archive\OriginalDataset\VeryMildDemented\verymildDem1231.jpg,VeryMildDemented,1
C:\Users\HP\OneDrive\Documents\GitHub\MAJOR-PROJECT\archive\OriginalDataset\VeryMildDemented\30 (7).jpg,VeryMildDemented,1
C:\Users\HP\OneDrive\Documents\GitHub\MAJOR-PROJECT\archive\OriginalDataset\NonDemented\nonDem336.jpg,NonDemented,0
C:\Users\HP\OneDrive\Documents\GitHub\MAJOR-PROJECT\archive\OriginalDataset\VeryMildDemented\verymildDem768.jpg,VeryMildDemented,1
C:\Users\HP\OneDrive\Documents\GitHub\MAJOR-PROJECT\archive\OriginalDataset\VeryMildDemented\verymildDem1244.jpg,VeryMildDemented,1
C:\Users\HP\OneDrive\Documents\GitHub\MAJOR-PROJECT\archive\OriginalDataset\NonDemented\nonDem1476.jpg,NonDemented,0
C:\Users\HP\OneDrive\Documents\GitHub\MAJOR-PROJECT\archive\OriginalDataset\VeryMildDemented\verymildDem470.jpg,VeryMildDemented,1
C:\Users\HP\OneDrive\Documents\GitHub\MAJOR-PROJECT\archive\OriginalDataset\NonDemented\28.jpg,NonDemented,0
C:\Users\HP\OneDrive\Documents\GitHub\MAJOR-PROJECT\archive\OriginalDataset\NonDemented\30 (62).jpg,NonDemented,0
C:\Users\HP\OneDrive\Documents\GitHub\MAJOR-PROJECT\archive\OriginalDataset\NonDemented\nonDem1844.jpg,NonDemented,0
C:\Users\HP\OneDrive\Documents\GitHub\MAJOR-PROJECT\archive\OriginalDataset\VeryMildDemented\32 (21).jpg,VeryMildDemented,1
C:\Users\HP\OneDrive\Documents\GitHub\MAJOR-PROJECT\archive\OriginalDataset\VeryMildDemented\28 (17).jpg,VeryMildDemented,1
C:\Users\HP\OneDrive\Documents\GitHub\MAJOR-PROJECT\archive\OriginalDataset\NonDemented\29 (89).jpg,NonDemented,0
C:\Users\HP\OneDrive\Documents\GitHub\MAJOR-PROJECT\archive\OriginalDataset\NonDemented\nonDem1560.jpg,NonDemented,0
C:\Users\HP\OneDrive\Documents\GitHub\MAJOR-PROJECT\archive\OriginalDataset\VeryMildDemented\verymildDem1603.jpg,VeryMildDemented,1
C:\Users\HP\OneDrive\Documents\GitHub\MAJOR-PROJECT\archive\OriginalDataset\NonDemented\nonDem581.jpg,NonDemented,0
C:\Users\HP\OneDrive\Documents\GitHub\MAJOR-PROJECT\archive\OriginalDataset\MildDemented\28 (5).jpg,MildDemented,1
C:\Users\HP\OneDrive\Documents\GitHub\MAJOR-PROJECT\archive\OriginalDataset\MildDemented\mildDem410.jpg,MildDemented,1
C:\Users\HP\OneDrive\Documents\GitHub\MAJOR-PROJECT\archive\OriginalDataset\NonDemented\nonDem1258.jpg,NonDemented,0
C:\Users\HP\OneDrive\Documents\GitHub\MAJOR-PROJECT\archive\OriginalDataset\NonDemented\nonDem2342.jpg,NonDemented,0
C:\Users\HP\OneDrive\Documents\GitHub\MAJOR-PROJECT\archive\OriginalDataset\VeryMildDemented\verymildDem1554.jpg,VeryMildDemented,1
C:\Users\HP\OneDrive\Documents\GitHub\MAJOR-PROJECT\archive\OriginalDataset\NonDemented\nonDem2.jpg,NonDemented,0
C:\Users\HP\OneDrive\Documents\GitHub\MAJOR-PROJECT\archive\OriginalDataset\VeryMildDemented\verymildDem452.jpg,VeryMildDemented,1
C:\Users\HP\OneDrive\Documents\GitHub\MAJOR-PROJECT\archive\OriginalDataset\VeryMildDemented\verymildDem750.jpg,VeryMildDemented,1
C:\Users\HP\OneDrive\Documents\GitHub\MAJOR-PROJECT\archive\OriginalDataset\MildDemented\29.jpg,MildDemented,1
C:\Users\HP\OneDrive\Documents\GitHub\MAJOR-PROJECT\archive\OriginalDataset\MildDemented\mildDem600.jpg,MildDemented,1
C:\Users\HP\OneDrive\Documents\GitHub\MAJOR-PROJECT\archive\OriginalDataset\MildDemented\mildDem32.jpg,MildDemented,1
C:\Users\HP\OneDrive\Documents\GitHub\MAJOR-PROJECT\archive\OriginalDataset\NonDemented\27 (52).jpg,NonDemented,0
C:\Users\HP\OneDrive\Documents\GitHub\MAJOR-PROJECT\archive\OriginalDataset\NonDemented\27 (29).jpg,NonDemented,0
C:\Users\HP\OneDrive\Documents\GitHub\MAJOR-PROJECT\archive\OriginalDataset\VeryMildDemented\verymildDem833.jpg,VeryMildDemented,1
C:\Users\HP\OneDrive\Documents\GitHub\MAJOR-PROJECT\archive\OriginalDataset\NonDemented\32 (63).jpg,NonDemented,0
C:\Users\HP\OneDrive\Documents\GitHub\MAJOR-PROJECT\archive\OriginalDataset\VeryMildDemented\verymildDem425.jpg,VeryMildDemented,1
C:\Users\HP\OneDrive\Documents\GitHub\MAJOR-PROJECT\archive\OriginalDataset\VeryMildDemented\verymildDem32.jpg,VeryMildDemented,1
C:\Users\HP\OneDrive\Documents\GitHub\MAJOR-PROJECT\archive\OriginalDataset\VeryMildDemented\verymildDem692.jpg,VeryMildDemented,1
C:\Users\HP\OneDrive\Documents\GitHub\MAJOR-PROJECT\archive\OriginalDataset\MildDemented\28 (6).jpg,MildDemented,1
C:\Users\HP\OneDrive\Documents\GitHub\MAJOR-PROJECT\archive\OriginalDataset\NonDemented\nonDem158.jpg,NonDemented,0
C:\Users\HP\OneDrive\Documents\GitHub\MAJOR-PROJECT\archive\OriginalDataset\MildDemented\mildDem462.jpg,MildDemented,1
C:\Users\HP\OneDrive\Documents\GitHub\MAJOR-PROJECT\archive\OriginalDataset\NonDemented\29 (80).jpg,NonDemented,0
C:\Users\HP\OneDrive\Documents\GitHub\MAJOR-PROJECT\archive\OriginalDataset\NonDemented\nonDem1881.jpg,NonDemented,0
C:\Users\HP\OneDrive\Documents\GitHub\MAJOR-PROJECT\archive\OriginalDataset\MildDemented\31 (15).jpg,MildDemented,1
C:\Users\HP\OneDrive\Documents\GitHub\MAJOR-PROJECT\archive\OriginalDataset\NonDemented\nonDem175.jpg,NonDemented,0
C:\Users\HP\OneDrive\Documents\GitHub\MAJOR-PROJECT\archive\OriginalDataset\NonDemented\nonDem543.jpg,NonDemented,0
C:\Users\HP\OneDrive\Documents\GitHub\MAJOR-PROJECT\archive\OriginalDataset\NonDemented\nonDem2330.jpg,NonDemented,0
C:\Users\HP\OneDrive\Documents\GitHub\MAJOR-PROJECT\archive\OriginalDataset\MildDemented\mildDem252.jpg,MildDemented,1
C:\Users\HP\OneDrive\Documents\GitHub\MAJOR-PROJECT\archive\OriginalDataset\MildDemented\27 (15).jpg,MildDemented,1
C:\Users\HP\OneDrive\Documents\GitHub\MAJOR-PROJECT\archive\OriginalDataset\MildDemented\27 (26).jpg,MildDemented,1
C:\Users\HP\OneDrive\Documents\GitHub\MAJOR-PROJECT\archive\OriginalDataset\VeryMildDemented\verymildDem1118.jpg,VeryMildDemented,1
C:\Users\HP\OneDrive\Documents\GitHub\MAJOR-PROJECT\archive\OriginalDataset\VeryMildDemented\verymildDem1766.jpg,VeryMildDemented,1
C:\Users\HP\OneDrive\Documents\GitHub\MAJOR-PROJECT\archive\OriginalDataset\NonDemented\nonDem1310.jpg,NonDemented,0
C:\Users\HP\OneDrive\Documents\GitHub\MAJOR-PROJECT\archive\OriginalDataset\NonDemented\nonDem639.jpg,NonDemented,0
C:\Users\HP\OneDrive\Documents\GitHub\MAJOR-PROJECT\archive\OriginalDataset\NonDemented\nonDem446.jpg,NonDemented,0
C:\Users\HP\OneDrive\Documents\GitHub\MAJOR-PROJECT\archive\OriginalDataset\VeryMildDemented\verymildDem1350.jpg,VeryMildDemented,1
C:\Users\HP\OneDrive\Documents\GitHub\MAJOR-PROJECT\archive\OriginalDataset\NonDemented\nonDem1246.jpg,NonDemented,0
C:\Users\HP\OneDrive\Documents\GitHub\MAJOR-PROJECT\archive\OriginalDataset\NonDemented\nonDem2545.jpg,NonDemented,0
C:\Users\HP\OneDrive\Documents\GitHub\MAJOR-PROJECT\archive\OriginalDataset\NonDemented\nonDem2035.jpg,NonDemented,0
C:\Users\HP\OneDrive\Documents\GitHub\MAJOR-PROJECT\archive\OriginalDataset\VeryMildDemented\verymildDem175.jpg,VeryMildDemented,1
C:\Users\HP\OneDrive\Documents\GitHub\MAJOR-PROJECT\archive\OriginalDataset\VeryMildDemented\27 (48).jpg,VeryMildDemented,1
C:\Users\HP\OneDrive\Documents\GitHub\MAJOR-PROJECT\archive\OriginalDataset\MildDemented\mildDem678.jpg,MildDemented,1
C:\Users\HP\OneDrive\Documents\GitHub\MAJOR-PROJECT\archive\OriginalDataset\MildDemented\mildDem229.jpg,MildDemented,1
C:\Users\HP\OneDrive\Documents\GitHub\MAJOR-PROJECT\archive\OriginalDataset\MildDemented\mildDem484.jpg,MildDemented,1
C:\Users\HP\OneDrive\Documents\GitHub\MAJOR-PROJECT\archive\OriginalDataset\VeryMildDemented\verymildDem239.jpg,VeryMildDemented,1
C:\Users\HP\OneDrive\Documents\GitHub\MAJOR-PROJECT\archive\OriginalDataset\MildDemented\mildDem83.jpg,MildDemented,1
C:\Users\HP\OneDrive\Documents\GitHub\MAJOR-PROJECT\archive\OriginalDataset\NonDemented\28 (83).jpg,NonDemented,0
C:\Users\HP\OneDrive\Documents\GitHub\MAJOR-PROJECT\archive\OriginalDataset\NonDemented\nonDem1502.jpg,NonDemented,0
C:\Users\HP\OneDrive\Documents\GitHub\MAJOR-PROJECT\archive\OriginalDataset\MildDemented\mildDem159.jpg,MildDemented,1
C:\Users\HP\OneDrive\Documents\GitHub\MAJOR-PROJECT\archive\OriginalDataset\NonDemented\nonDem33.jpg,NonDemented,0
C:\Users\HP\OneDrive\Documents\GitHub\MAJOR-PROJECT\archive\OriginalDataset\NonDemented\nonDem679.jpg,NonDemented,0
C:\Users\HP\OneDrive\Documents\GitHub\MAJOR-PROJECT\archive\OriginalDataset\NonDemented\nonDem724.jpg,NonDemented,0
C:\Users\HP\OneDrive\Documents\GitHub\MAJOR-PROJECT\archive\OriginalDataset\NonDemented\30 (59).jpg,NonDemented,0
C:\Users\HP\OneDrive\Documents\GitHub\MAJOR-PROJECT\archive\OriginalDataset\NonDemented\nonDem297.jpg,NonDemented,0
C:\Users\HP\OneDrive\Documents\GitHub\MAJOR-PROJECT\archive\OriginalDataset\VeryMildDemented\verymildDem986.jpg,VeryMildDemented,1
C:\Users\HP\OneDrive\Documents\GitHub\MAJOR-PROJECT\archive\OriginalDataset\NonDemented\nonDem354.jpg,NonDemented,0
C:\Users\HP\OneDrive\Documents\GitHub\MAJOR-PROJECT\archive\OriginalDataset\NonDemented\nonDem600.jpg,NonDemented,0
C:\Users\HP\OneDrive\Documents\GitHub\MAJOR-PROJECT\archive\OriginalDataset\NonDemented\nonDem1968.jpg,NonDemented,0
C:\Users\HP\OneDrive\Documents\GitHub\MAJOR-PROJECT\archive\OriginalDataset\NonDemented\nonDem2042.jpg,NonDemented,0
C:\Users\HP\OneDrive\Documents\GitHub\MAJOR-PROJECT\archive\OriginalDataset\VeryMildDemented\31 (59).jpg,VeryMildDemented,1
C:\Users\HP\OneDrive\Documents\GitHub\MAJOR-PROJECT\archive\OriginalDataset\NonDemented\nonDem1617.jpg,NonDemented,0
C:\Users\HP\OneDrive\Documents\GitHub\MAJOR-PROJECT\archive\OriginalDataset\NonDemented\nonDem2262.jpg,NonDemented,0
C:\Users\HP\OneDrive\Documents\GitHub\MAJOR-PROJECT\archive\OriginalDataset\VeryMildDemented\verymildDem1628.jpg,VeryMildDemented,1
C:\Users\HP\OneDrive\Documents\GitHub\MAJOR-PROJECT\archive\OriginalDataset\NonDemented\nonDem424.jpg,NonDemented,0
C:\Users\HP\OneDrive\Documents\GitHub\MAJOR-PROJECT\archive\OriginalDataset\VeryMildDemented\verymildDem939.jpg,VeryMildDemented,1
C:\Users\HP\OneDrive\Documents\GitHub\MAJOR-PROJECT\archive\OriginalDataset\VeryMildDemented\30 (63).jpg,VeryMildDemented,1
C:\Users\HP\OneDrive\Documents\GitHub\MAJOR-PROJECT\archive\OriginalDataset\VeryMildDemented\verymildDem229.jpg,VeryMildDemented,1
C:\Users\HP\OneDrive\Documents\GitHub\MAJOR-PROJECT\archive\OriginalDataset\NonDemented\nonDem767.jpg,NonDemented,0
C:\Users\HP\OneDrive\Documents\GitHub\MAJOR-PROJECT\archive\OriginalDataset\NonDemented\nonDem863.jpg,NonDemented,0
C:\Users\HP\OneDrive\Documents\GitHub\MAJOR-PROJECT\archive\OriginalDataset\VeryMildDemented\verymildDem1696.jpg,VeryMildDemented,1
C:\Users\HP\OneDrive\Documents\GitHub\MAJOR-PROJECT\archive\OriginalDataset\NonDemented\nonDem1665.jpg,NonDemented,0
C:\Users\HP\OneDrive\Documents\GitHub\MAJOR-PROJECT\archive\OriginalDataset\VeryMildDemented\31 (30).jpg,VeryMildDemented,1
C:\Users\HP\OneDrive\Documents\GitHub\MAJOR-PROJECT\archive\OriginalDataset\NonDemented\30 (12).jpg,NonDemented,0
C:\Users\HP\OneDrive\Documents\GitHub\MAJOR-PROJECT\archive\OriginalDataset\NonDemented\nonDem1038.jpg,NonDemented,0
C:\Users\HP\OneDrive\Documents\GitHub\MAJOR-PROJECT\archive\OriginalDataset\NonDemented\nonDem1577.jpg,NonDemented,0
C:\Users\HP\OneDrive\Documents\GitHub\MAJOR-PROJECT\archive\OriginalDataset\NonDemented\nonDem1676.jpg,NonDemented,0
C:\Users\HP\OneDrive\Documents\GitHub\MAJOR-PROJECT\archive\OriginalDataset\VeryMildDemented\28 (12).jpg,VeryMildDemented,1
C:\Users\HP\OneDrive\Documents\GitHub\MAJOR-PROJECT\archive\OriginalDataset\NonDemented\nonDem550.jpg,NonDemented,0
C:\Users\HP\OneDrive\Documents\GitHub\MAJOR-PROJECT\archive\OriginalDataset\NonDemented\nonDem491.jpg,NonDemented,0
C:\Users\HP\OneDrive\Documents\GitHub\MAJOR-PROJECT\archive\OriginalDataset\NonDemented\nonDem1605.jpg,NonDemented,0
C:\Users\HP\OneDrive\Documents\GitHub\MAJOR-PROJECT\archive\OriginalDataset\NonDemented\32 (21).jpg,NonDemented,0
C:\Users\HP\OneDrive\Documents\GitHub\MAJOR-PROJECT\archive\OriginalDataset\NonDemented\nonDem1126.jpg,NonDemented,0
C:\Users\HP\OneDrive\Documents\GitHub\MAJOR-PROJECT\archive\OriginalDataset\MildDemented\mildDem248.jpg,MildDemented,1
C:\Users\HP\OneDrive\Documents\GitHub\MAJOR-PROJECT\archive\OriginalDataset\NonDemented\nonDem409.jpg,NonDemented,0
C:\Users\HP\OneDrive\Documents\GitHub\MAJOR-PROJECT\archive\OriginalDataset\NonDemented\nonDem83.jpg,NonDemented,0
C:\Users\HP\OneDrive\Documents\GitHub\MAJOR-PROJECT\archive\OriginalDataset\NonDemented\nonDem951.jpg,NonDemented,0
C:\Users\HP\OneDrive\Documents\GitHub\MAJOR-PROJECT\archive\OriginalDataset\VeryMildDemented\verymildDem1349.jpg,VeryMildDemented,1
C:\Users\HP\OneDrive\Documents\GitHub\MAJOR-PROJECT\archive\OriginalDataset\VeryMildDemented\32 (34).jpg,VeryMildDemented,1
C:\Users\HP\OneDrive\Documents\GitHub\MAJOR-PROJECT\archive\OriginalDataset\NonDemented\nonDem815.jpg,NonDemented,0
C:\Users\HP\OneDrive\Documents\GitHub\MAJOR-PROJECT\archive\OriginalDataset\MildDemented\26.jpg,MildDemented,1
C:\Users\HP\OneDrive\Documents\GitHub\MAJOR-PROJECT\archive\OriginalDataset\VeryMildDemented\29 (49).jpg,VeryMildDemented,1
C:\Users\HP\OneDrive\Documents\GitHub\MAJOR-PROJECT\archive\OriginalDataset\NonDemented\31 (49).jpg,NonDemented,0
C:\Users\HP\OneDrive\Documents\GitHub\MAJOR-PROJECT\archive\OriginalDataset\MildDemented\mildDem338.jpg,MildDemented,1
C:\Users\HP\OneDrive\Documents\GitHub\MAJOR-PROJECT\archive\OriginalDataset\VeryMildDemented\verymildDem3.jpg,VeryMildDemented,1
C:\Users\HP\OneDrive\Documents\GitHub\MAJOR-PROJECT\archive\OriginalDataset\NonDemented\nonDem1044.jpg,NonDemented,0
C:\Users\HP\OneDrive\Documents\GitHub\MAJOR-PROJECT\archive\OriginalDataset\VeryMildDemented\32 (28).jpg,VeryMildDemented,1
C:\Users\HP\OneDrive\Documents\GitHub\MAJOR-PROJECT\archive\OriginalDataset\VeryMildDemented\verymildDem1230.jpg,VeryMildDemented,1
C:\Users\HP\OneDrive\Documents\GitHub\MAJOR-PROJECT\archive\OriginalDataset\NonDemented\nonDem2388.jpg,NonDemented,0
C:\Users\HP\OneDrive\Documents\GitHub\MAJOR-PROJECT\archive\OriginalDataset\VeryMildDemented\verymildDem62.jpg,VeryMildDemented,1
C:\Users\HP\OneDrive\Documents\GitHub\MAJOR-PROJECT\archive\OriginalDataset\NonDemented\nonDem2297.jpg,NonDemented,0
C:\Users\HP\OneDrive\Documents\GitHub\MAJOR-PROJECT\archive\OriginalDataset\NonDemented\nonDem445.jpg,NonDemented,0
C:\Users\HP\OneDrive\Documents\GitHub\MAJOR-PROJECT\archive\OriginalDataset\MildDemented\32 (19).jpg,MildDemented,1
C:\Users\HP\OneDrive\Documents\GitHub\MAJOR-PROJECT\archive\OriginalDataset\MildDemented\29 (17).jpg,MildDemented,1
C:\Users\HP\OneDrive\Documents\GitHub\MAJOR-PROJECT\archive\OriginalDataset\VeryMildDemented\31 (66).jpg,VeryMildDemented,1
C:\Users\HP\OneDrive\Documents\GitHub\MAJOR-PROJECT\archive\OriginalDataset\VeryMildDemented\verymildDem1772.jpg,VeryMildDemented,1
C:\Users\HP\OneDrive\Documents\GitHub\MAJOR-PROJECT\archive\OriginalDataset\VeryMildDemented\verymildDem598.jpg,VeryMildDemented,1
C:\Users\HP\OneDrive\Documents\GitHub\MAJOR-PROJECT\archive\OriginalDataset\NonDemented\nonDem1537.jpg,NonDemented,0
C:\Users\HP\OneDrive\Documents\GitHub\MAJOR-PROJECT\archive\OriginalDataset\VeryMildDemented\verymildDem1248.jpg,VeryMildDemented,1
C:\Users\HP\OneDrive\Documents\GitHub\MAJOR-PROJECT\archive\OriginalDataset\NonDemented\nonDem484.jpg,NonDemented,0
C:\Users\HP\OneDrive\Documents\GitHub\MAJOR-PROJECT\archive\OriginalDataset\NonDemented\nonDem1646.jpg,NonDemented,0
C:\Users\HP\OneDrive\Documents\GitHub\MAJOR-PROJECT\archive\OriginalDataset\NonDemented\nonDem225.jpg,NonDemented,0
C:\Users\HP\OneDrive\Documents\GitHub\MAJOR-PROJECT\archive\OriginalDataset\VeryMildDemented\verymildDem208.jpg,VeryMildDemented,1
C:\Users\HP\OneDrive\Documents\GitHub\MAJOR-PROJECT\archive\OriginalDataset\VeryMildDemented\verymildDem304.jpg,VeryMildDemented,1
C:\Users\HP\OneDrive\Documents\GitHub\MAJOR-PROJECT\archive\OriginalDataset\MildDemented\mildDem242.jpg,MildDemented,1
C:\Users\HP\OneDrive\Documents\GitHub\MAJOR-PROJECT\archive\OriginalDataset\NonDemented\nonDem748.jpg,NonDemented,0
C:\Users\HP\OneDrive\Documents\GitHub\MAJOR-PROJECT\archive\OriginalDataset\VeryMildDemented\verymildDem99.jpg,VeryMildDemented,1
C:\Users\HP\OneDrive\Documents\GitHub\MAJOR-PROJECT\archive\OriginalDataset\MildDemented\29 (26).jpg,MildDemented,1
C:\Users\HP\OneDrive\Documents\GitHub\MAJOR-PROJECT\archive\OriginalDataset\VeryMildDemented\30 (30).jpg,VeryMildDemented,1
C:\Users\HP\OneDrive\Documents\GitHub\MAJOR-PROJECT\archive\OriginalDataset\VeryMildDemented\verymildDem1076.jpg,VeryMildDemented,1
C:\Users\HP\OneDrive\Documents\GitHub\MAJOR-PROJECT\archive\OriginalDataset\NonDemented\nonDem613.jpg,NonDemented,0
C:\Users\HP\OneDrive\Documents\GitHub\MAJOR-PROJECT\archive\OriginalDataset\NonDemented\nonDem407.jpg,NonDemented,0
C:\Users\HP\OneDrive\Documents\GitHub\MAJOR-PROJECT\archive\OriginalDataset\VeryMildDemented\verymildDem984.jpg,VeryMildDemented,1
C:\Users\HP\OneDrive\Documents\GitHub\MAJOR-PROJECT\archive\OriginalDataset\ModerateDemented\moderateDem19.jpg,ModerateDemented,1
C:\Users\HP\OneDrive\Documents\GitHub\MAJOR-PROJECT\archive\OriginalDataset\MildDemented\27 (19).jpg,MildDemented,1
C:\Users\HP\OneDrive\Documents\GitHub\MAJOR-PROJECT\archive\OriginalDataset\VeryMildDemented\verymildDem1029.jpg,VeryMildDemented,1
C:\Users\HP\OneDrive\Documents\GitHub\MAJOR-PROJECT\archive\OriginalDataset\MildDemented\mildDem247.jpg,MildDemented,1
C:\Users\HP\OneDrive\Documents\GitHub\MAJOR-PROJECT\archive\OriginalDataset\NonDemented\nonDem1681.jpg,NonDemented,0
C:\Users\HP\OneDrive\Documents\GitHub\MAJOR-PROJECT\archive\OriginalDataset\NonDemented\nonDem476.jpg,NonDemented,0
C:\Users\HP\OneDrive\Documents\GitHub\MAJOR-PROJECT\archive\OriginalDataset\NonDemented\nonDem227.jpg,NonDemented,0
C:\Users\HP\OneDrive\Documents\GitHub\MAJOR-PROJECT\archive\OriginalDataset\VeryMildDemented\verymildDem680.jpg,VeryMildDemented,1
C:\Users\HP\OneDrive\Documents\GitHub\MAJOR-PROJECT\archive\OriginalDataset\NonDemented\nonDem1588.jpg,NonDemented,0
C:\Users\HP\OneDrive\Documents\GitHub\MAJOR-PROJECT\archive\OriginalDataset\NonDemented\nonDem1564.jpg,NonDemented,0
C:\Users\HP\OneDrive\Documents\GitHub\MAJOR-PROJECT\archive\OriginalDataset\VeryMildDemented\30.jpg,VeryMildDemented,1
C:\Users\HP\OneDrive\Documents\GitHub\MAJOR-PROJECT\archive\OriginalDataset\MildDemented\mildDem389.jpg,MildDemented,1
C:\Users\HP\OneDrive\Documents\GitHub\MAJOR-PROJECT\archive\OriginalDataset\NonDemented\nonDem362.jpg,NonDemented,0
C:\Users\HP\OneDrive\Documents\GitHub\MAJOR-PROJECT\archive\OriginalDataset\VeryMildDemented\verymildDem1398.jpg,VeryMildDemented,1
C:\Users\HP\OneDrive\Documents\GitHub\MAJOR-PROJECT\archive\OriginalDataset\NonDemented\29 (29).jpg,NonDemented,0
C:\Users\HP\OneDrive\Documents\GitHub\MAJOR-PROJECT\archive\OriginalDataset\NonDemented\nonDem1212.jpg,NonDemented,0
C:\Users\HP\OneDrive\Documents\GitHub\MAJOR-PROJECT\archive\OriginalDataset\VeryMildDemented\verymildDem1694.jpg,VeryMildDemented,1
C:\Users\HP\OneDrive\Documents\GitHub\MAJOR-PROJECT\archive\OriginalDataset\MildDemented\30 (16).jpg,MildDemented,1
C:\Users\HP\OneDrive\Documents\GitHub\MAJOR-PROJECT\archive\OriginalDataset\NonDemented\nonDem1692.jpg,NonDemented,0
C:\Users\HP\OneDrive\Documents\GitHub\MAJOR-PROJECT\archive\OriginalDataset\NonDemented\nonDem1411.jpg,NonDemented,0
C:\Users\HP\OneDrive\Documents\GitHub\MAJOR-PROJECT\archive\OriginalDataset\NonDemented\32 (14).jpg,NonDemented,0
C:\Users\HP\OneDrive\Documents\GitHub\MAJOR-PROJECT\archive\OriginalDataset\VeryMildDemented\verymildDem453.jpg,VeryMildDemented,1
C:\Users\HP\OneDrive\Documents\GitHub\MAJOR-PROJECT\archive\OriginalDataset\NonDemented\nonDem1578.jpg,NonDemented,0
C:\Users\HP\OneDrive\Documents\GitHub\MAJOR-PROJECT\archive\OriginalDataset\NonDemented\nonDem2534.jpg,NonDemented,0
C:\Users\HP\OneDrive\Documents\GitHub\MAJOR-PROJECT\archive\OriginalDataset\NonDemented\nonDem805.jpg,NonDemented,0
C:\Users\HP\OneDrive\Documents\GitHub\MAJOR-PROJECT\archive\OriginalDataset\VeryMildDemented\verymildDem1246.jpg,VeryMildDemented,1
C:\Users\HP\OneDrive\Documents\GitHub\MAJOR-PROJECT\archive\OriginalDataset\VeryMildDemented\26 (64).jpg,VeryMildDemented,1
C:\Users\HP\OneDrive\Documents\GitHub\MAJOR-PROJECT\archive\OriginalDataset\NonDemented\nonDem631.jpg,NonDemented,0
C:\Users\HP\OneDrive\Documents\GitHub\MAJOR-PROJECT\archive\OriginalDataset\VeryMildDemented\32 (12).jpg,VeryMildDemented,1
C:\Users\HP\OneDrive\Documents\GitHub\MAJOR-PROJECT\archive\OriginalDataset\NonDemented\nonDem2514.jpg,NonDemented,0
C:\Users\HP\OneDrive\Documents\GitHub\MAJOR-PROJECT\archive\OriginalDataset\MildDemented\30 (4).jpg,MildDemented,1
C:\Users\HP\OneDrive\Documents\GitHub\MAJOR-PROJECT\archive\OriginalDataset\VeryMildDemented\verymildDem762.jpg,VeryMildDemented,1
C:\Users\HP\OneDrive\Documents\GitHub\MAJOR-PROJECT\archive\OriginalDataset\NonDemented\nonDem1271.jpg,NonDemented,0
C:\Users\HP\OneDrive\Documents\GitHub\MAJOR-PROJECT\archive\OriginalDataset\VeryMildDemented\28 (21).jpg,VeryMildDemented,1
C:\Users\HP\OneDrive\Documents\GitHub\MAJOR-PROJECT\archive\OriginalDataset\MildDemented\29 (11).jpg,MildDemented,1
C:\Users\HP\OneDrive\Documents\GitHub\MAJOR-PROJECT\archive\OriginalDataset\NonDemented\nonDem2226.jpg,NonDemented,0
C:\Users\HP\OneDrive\Documents\GitHub\MAJOR-PROJECT\archive\OriginalDataset\VeryMildDemented\verymildDem491.jpg,VeryMildDemented,1
C:\Users\HP\OneDrive\Documents\GitHub\MAJOR-PROJECT\archive\OriginalDataset\NonDemented\nonDem346.jpg,NonDemented,0
C:\Users\HP\OneDrive\Documents\GitHub\MAJOR-PROJECT\archive\OriginalDataset\NonDemented\nonDem569.jpg,NonDemented,0
C:\Users\HP\OneDrive\Documents\GitHub\MAJOR-PROJECT\archive\OriginalDataset\MildDemented\mildDem209.jpg,MildDemented,1
C:\Users\HP\OneDrive\Documents\GitHub\MAJOR-PROJECT\archive\OriginalDataset\VeryMildDemented\verymildDem1559.jpg,VeryMildDemented,1
C:\Users\HP\OneDrive\Documents\GitHub\MAJOR-PROJECT\archive\OriginalDataset\MildDemented\mildDem599.jpg,MildDemented,1
C:\Users\HP\OneDrive\Documents\GitHub\MAJOR-PROJECT\archive\OriginalDataset\VeryMildDemented\verymildDem739.jpg,VeryMildDemented,1
C:\Users\HP\OneDrive\Documents\GitHub\MAJOR-PROJECT\archive\OriginalDataset\NonDemented\29 (88).jpg,NonDemented,0
C:\Users\HP\OneDrive\Documents\GitHub\MAJOR-PROJECT\archive\OriginalDataset\MildDemented\mildDem498.jpg,MildDemented,1
C:\Users\HP\OneDrive\Documents\GitHub\MAJOR-PROJECT\archive\OriginalDataset\NonDemented\nonDem2450.jpg,NonDemented,0
C:\Users\HP\OneDrive\Documents\GitHub\MAJOR-PROJECT\archive\OriginalDataset\VeryMildDemented\30 (10).jpg,VeryMildDemented,1
C:\Users\HP\OneDrive\Documents\GitHub\MAJOR-PROJECT\archive\OriginalDataset\ModerateDemented\moderateDem21.jpg,ModerateDemented,1
C:\Users\HP\OneDrive\Documents\GitHub\MAJOR-PROJECT\archive\OriginalDataset\VeryMildDemented\verymildDem1189.jpg,VeryMildDemented,1
C:\Users\HP\OneDrive\Documents\GitHub\MAJOR-PROJECT\archive\OriginalDataset\NonDemented\nonDem1779.jpg,NonDemented,0
C:\Users\HP\OneDrive\Documents\GitHub\MAJOR-PROJECT\archive\OriginalDataset\NonDemented\nonDem38.jpg,NonDemented,0
C:\Users\HP\OneDrive\Documents\GitHub\MAJOR-PROJECT\archive\OriginalDataset\VeryMildDemented\verymildDem1629.jpg,VeryMildDemented,1
C:\Users\HP\OneDrive\Documents\GitHub\MAJOR-PROJECT\archive\OriginalDataset\VeryMildDemented\verymildDem24.jpg,VeryMildDemented,1
C:\Users\HP\OneDrive\Documents\GitHub\MAJOR-PROJECT\archive\OriginalDataset\NonDemented\nonDem1953.jpg,NonDemented,0
C:\Users\HP\OneDrive\Documents\GitHub\MAJOR-PROJECT\archive\OriginalDataset\NonDemented\26 (73).jpg,NonDemented,0
C:\Users\HP\OneDrive\Documents\GitHub\MAJOR-PROJECT\archive\OriginalDataset\NonDemented\32 (58).jpg,NonDemented,0
C:\Users\HP\OneDrive\Documents\GitHub\MAJOR-PROJECT\archive\OriginalDataset\VeryMildDemented\26 (49).jpg,VeryMildDemented,1
C:\Users\HP\OneDrive\Documents\GitHub\MAJOR-PROJECT\archive\OriginalDataset\VeryMildDemented\verymildDem1167.jpg,VeryMildDemented,1
C:\Users\HP\OneDrive\Documents\GitHub\MAJOR-PROJECT\archive\OriginalDataset\NonDemented\nonDem1664.jpg,NonDemented,0
C:\Users\HP\OneDrive\Documents\GitHub\MAJOR-PROJECT\archive\OriginalDataset\VeryMildDemented\verymildDem962.jpg,VeryMildDemented,1
C:\Users\HP\OneDrive\Documents\GitHub\MAJOR-PROJECT\archive\OriginalDataset\NonDemented\28 (90).jpg,NonDemented,0
C:\Users\HP\OneDrive\Documents\GitHub\MAJOR-PROJECT\archive\OriginalDataset\NonDemented\nonDem2260.jpg,NonDemented,0
C:\Users\HP\OneDrive\Documents\GitHub\MAJOR-PROJECT\archive\OriginalDataset\VeryMildDemented\verymildDem1264.jpg,VeryMildDemented,1
C:\Users\HP\OneDrive\Documents\GitHub\MAJOR-PROJECT\archive\OriginalDataset\NonDemented\nonDem2383.jpg,NonDemented,0
C:\Users\HP\OneDrive\Documents\GitHub\MAJOR-PROJECT\archive\OriginalDataset\VeryMildDemented\31 (56).jpg,VeryMildDemented,1
C:\Users\HP\OneDrive\Documents\GitHub\MAJOR-PROJECT\archive\OriginalDataset\NonDemented\30 (87).jpg,NonDemented,0
C:\Users\HP\OneDrive\Documents\GitHub\MAJOR-PROJECT\archive\OriginalDataset\MildDemented\mildDem138.jpg,MildDemented,1
C:\Users\HP\OneDrive\Documents\GitHub\MAJOR-PROJECT\archive\OriginalDataset\NonDemented\nonDem1879.jpg,NonDemented,0
C:\Users\HP\OneDrive\Documents\GitHub\MAJOR-PROJECT\archive\OriginalDataset\NonDemented\nonDem2057.jpg,NonDemented,0
C:\Users\HP\OneDrive\Documents\GitHub\MAJOR-PROJECT\archive\OriginalDataset\NonDemented\nonDem466.jpg,NonDemented,0
C:\Users\HP\OneDrive\Documents\GitHub\MAJOR-PROJECT\archive\OriginalDataset\NonDemented\nonDem1287.jpg,NonDemented,0
C:\Users\HP\OneDrive\Documents\GitHub\MAJOR-PROJECT\archive\OriginalDataset\MildDemented\mildDem20.jpg,MildDemented,1
C:\Users\HP\OneDrive\Documents\GitHub\MAJOR-PROJECT\archive\OriginalDataset\NonDemented\nonDem2048.jpg,NonDemented,0
C:\Users\HP\OneDrive\Documents\GitHub\MAJOR-PROJECT\archive\OriginalDataset\NonDemented\nonDem214.jpg,NonDemented,0
C:\Users\HP\OneDrive\Documents\GitHub\MAJOR-PROJECT\archive\OriginalDataset\NonDemented\nonDem236.jpg,NonDemented,0
C:\Users\HP\OneDrive\Documents\GitHub\MAJOR-PROJECT\archive\OriginalDataset\NonDemented\29 (42).jpg,NonDemented,0
C:\Users\HP\OneDrive\Documents\GitHub\MAJOR-PROJECT\archive\OriginalDataset\VeryMildDemented\verymildDem1427.jpg,VeryMildDemented,1
C:\Users\HP\OneDrive\Documents\GitHub\MAJOR-PROJECT\archive\OriginalDataset\NonDemented\nonDem695.jpg,NonDemented,0
C:\Users\HP\OneDrive\Documents\GitHub\MAJOR-PROJECT\archive\OriginalDataset\VeryMildDemented\29 (42).jpg,VeryMildDemented,1
C:\Users\HP\OneDrive\Documents\GitHub\MAJOR-PROJECT\archive\OriginalDataset\NonDemented\30 (52).jpg,NonDemented,0
C:\Users\HP\OneDrive\Documents\GitHub\MAJOR-PROJECT\archive\OriginalDataset\NonDemented\nonDem925.jpg,NonDemented,0
C:\Users\HP\OneDrive\Documents\GitHub\MAJOR-PROJECT\archive\OriginalDataset\NonDemented\nonDem1546.jpg,NonDemented,0
C:\Users\HP\OneDrive\Documents\GitHub\MAJOR-PROJECT\archive\OriginalDataset\MildDemented\mildDem21.jpg,MildDemented,1
C:\Users\HP\OneDrive\Documents\GitHub\MAJOR-PROJECT\archive\OriginalDataset\NonDemented\nonDem1156.jpg,NonDemented,0
C:\Users\HP\OneDrive\Documents\GitHub\MAJOR-PROJECT\archive\OriginalDataset\NonDemented\nonDem1784.jpg,NonDemented,0
C:\Users\HP\OneDrive\Documents\GitHub\MAJOR-PROJECT\archive\OriginalDataset\VeryMildDemented\verymildDem267.jpg,VeryMildDemented,1
C:\Users\HP\OneDrive\Documents\GitHub\MAJOR-PROJECT\archive\OriginalDataset\VeryMildDemented\26 (44).jpg,VeryMildDemented,1
C:\Users\HP\OneDrive\Documents\GitHub\MAJOR-PROJECT\archive\OriginalDataset\NonDemented\nonDem2305.jpg,NonDemented,0
C:\Users\HP\OneDrive\Documents\GitHub\MAJOR-PROJECT\archive\OriginalDataset\NonDemented\32 (22).jpg,NonDemented,0
C:\Users\HP\OneDrive\Documents\GitHub\MAJOR-PROJECT\archive\OriginalDataset\NonDemented\30 (43).jpg,NonDemented,0
C:\Users\HP\OneDrive\Documents\GitHub\MAJOR-PROJECT\archive\OriginalDataset\MildDemented\mildDem582.jpg,MildDemented,1
C:\Users\HP\OneDrive\Documents\GitHub\MAJOR-PROJECT\archive\OriginalDataset\MildDemented\mildDem574.jpg,MildDemented,1
C:\Users\HP\OneDrive\Documents\GitHub\MAJOR-PROJECT\archive\OriginalDataset\MildDemented\mildDem330.jpg,MildDemented,1
C:\Users\HP\OneDrive\Documents\GitHub\MAJOR-PROJECT\archive\OriginalDataset\VeryMildDemented\verymildDem1174.jpg,VeryMildDemented,1
C:\Users\HP\OneDrive\Documents\GitHub\MAJOR-PROJECT\archive\OriginalDataset\NonDemented\nonDem69.jpg,NonDemented,0
C:\Users\HP\OneDrive\Documents\GitHub\MAJOR-PROJECT\archive\OriginalDataset\NonDemented\nonDem1947.jpg,NonDemented,0
C:\Users\HP\OneDrive\Documents\GitHub\MAJOR-PROJECT\archive\OriginalDataset\MildDemented\mildDem648.jpg,MildDemented,1
C:\Users\HP\OneDrive\Documents\GitHub\MAJOR-PROJECT\archive\OriginalDataset\NonDemented\nonDem218.jpg,NonDemented,0
C:\Users\HP\OneDrive\Documents\GitHub\MAJOR-PROJECT\archive\OriginalDataset\MildDemented\mildDem603.jpg,MildDemented,1
C:\Users\HP\OneDrive\Documents\GitHub\MAJOR-PROJECT\archive\OriginalDataset\NonDemented\nonDem1019.jpg,NonDemented,0
C:\Users\HP\OneDrive\Documents\GitHub\MAJOR-PROJECT\archive\OriginalDataset\VeryMildDemented\verymildDem1433.jpg,VeryMildDemented,1
C:\Users\HP\OneDrive\Documents\GitHub\MAJOR-PROJECT\archive\OriginalDataset\MildDemented\mildDem598.jpg,MildDemented,1
C:\Users\HP\OneDrive\Documents\GitHub\MAJOR-PROJECT\archive\OriginalDataset\VeryMildDemented\verymildDem42.jpg,VeryMildDemented,1
C:\Users\HP\OneDrive\Documents\GitHub\MAJOR-PROJECT\archive\OriginalDataset\NonDemented\nonDem211.jpg,NonDemented,0
C:\Users\HP\OneDrive\Documents\GitHub\MAJOR-PROJECT\archive\OriginalDataset\VeryMildDemented\30 (22).jpg,VeryMildDemented,1
C:\Users\HP\OneDrive\Documents\GitHub\MAJOR-PROJECT\archive\OriginalDataset\VeryMildDemented\verymildDem946.jpg,VeryMildDemented,1
C:\Users\HP\OneDrive\Documents\GitHub\MAJOR-PROJECT\archive\OriginalDataset\NonDemented\27 (30).jpg,NonDemented,0
C:\Users\HP\OneDrive\Documents\GitHub\MAJOR-PROJECT\archive\OriginalDataset\NonDemented\nonDem2274.jpg,NonDemented,0
C:\Users\HP\OneDrive\Documents\GitHub\MAJOR-PROJECT\archive\OriginalDataset\VeryMildDemented\verymildDem785.jpg,VeryMildDemented,1
C:\Users\HP\OneDrive\Documents\GitHub\MAJOR-PROJECT\archive\OriginalDataset\VeryMildDemented\29 (39).jpg,VeryMildDemented,1
C:\Users\HP\OneDrive\Documents\GitHub\MAJOR-PROJECT\archive\OriginalDataset\VeryMildDemented\verymildDem1119.jpg,VeryMildDemented,1
C:\Users\HP\OneDrive\Documents\GitHub\MAJOR-PROJECT\archive\OriginalDataset\NonDemented\nonDem1397.jpg,NonDemented,0
C:\Users\HP\OneDrive\Documents\GitHub\MAJOR-PROJECT\archive\OriginalDataset\NonDemented\nonDem1130.jpg,NonDemented,0
C:\Users\HP\OneDrive\Documents\GitHub\MAJOR-PROJECT\archive\OriginalDataset\MildDemented\mildDem317.jpg,MildDemented,1
C:\Users\HP\OneDrive\Documents\GitHub\MAJOR-PROJECT\archive\OriginalDataset\NonDemented\nonDem1306.jpg,NonDemented,0
C:\Users\HP\OneDrive\Documents\GitHub\MAJOR-PROJECT\archive\OriginalDataset\NonDemented\nonDem1619.jpg,NonDemented,0
C:\Users\HP\OneDrive\Documents\GitHub\MAJOR-PROJECT\archive\OriginalDataset\NonDemented\31 (14).jpg,NonDemented,0
C:\Users\HP\OneDrive\Documents\GitHub\MAJOR-PROJECT\archive\OriginalDataset\MildDemented\mildDem425.jpg,MildDemented,1
C:\Users\HP\OneDrive\Documents\GitHub\MAJOR-PROJECT\archive\OriginalDataset\NonDemented\nonDem2015.jpg,NonDemented,0
C:\Users\HP\OneDrive\Documents\GitHub\MAJOR-PROJECT\archive\OriginalDataset\VeryMildDemented\verymildDem1746.jpg,VeryMildDemented,1
C:\Users\HP\OneDrive\Documents\GitHub\MAJOR-PROJECT\archive\OriginalDataset\NonDemented\27 (4).jpg,NonDemented,0
C:\Users\HP\OneDrive\Documents\GitHub\MAJOR-PROJECT\archive\OriginalDataset\NonDemented\nonDem2314.jpg,NonDemented,0
C:\Users\HP\OneDrive\Documents\GitHub\MAJOR-PROJECT\archive\OriginalDataset\VeryMildDemented\verymildDem1773.jpg,VeryMildDemented,1
C:\Users\HP\OneDrive\Documents\GitHub\MAJOR-PROJECT\archive\OriginalDataset\VeryMildDemented\verymildDem238.jpg,VeryMildDemented,1
C:\Users\HP\OneDrive\Documents\GitHub\MAJOR-PROJECT\archive\OriginalDataset\NonDemented\26 (85).jpg,NonDemented,0
C:\Users\HP\OneDrive\Documents\GitHub\MAJOR-PROJECT\archive\OriginalDataset\NonDemented\nonDem2453.jpg,NonDemented,0
C:\Users\HP\OneDrive\Documents\GitHub\MAJOR-PROJECT\archive\OriginalDataset\NonDemented\29 (53).jpg,NonDemented,0
C:\Users\HP\OneDrive\Documents\GitHub\MAJOR-PROJECT\archive\OriginalDataset\VeryMildDemented\verymildDem401.jpg,VeryMildDemented,1
C:\Users\HP\OneDrive\Documents\GitHub\MAJOR-PROJECT\archive\OriginalDataset\VeryMildDemented\verymildDem671.jpg,VeryMildDemented,1
C:\Users\HP\OneDrive\Documents\GitHub\MAJOR-PROJECT\archive\OriginalDataset\NonDemented\27 (61).jpg,NonDemented,0
C:\Users\HP\OneDrive\Documents\GitHub\MAJOR-PROJECT\archive\OriginalDataset\VeryMildDemented\verymildDem684.jpg,VeryMildDemented,1
C:\Users\HP\OneDrive\Documents\GitHub\MAJOR-PROJECT\archive\OriginalDataset\MildDemented\mildDem578.jpg,MildDemented,1
C:\Users\HP\OneDrive\Documents\GitHub\MAJOR-PROJECT\archive\OriginalDataset\NonDemented\31 (44).jpg,NonDemented,0
C:\Users\HP\OneDrive\Documents\GitHub\MAJOR-PROJECT\archive\OriginalDataset\NonDemented\nonDem1389.jpg,NonDemented,0
C:\Users\HP\OneDrive\Documents\GitHub\MAJOR-PROJECT\archive\OriginalDataset\NonDemented\31 (55).jpg,NonDemented,0
C:\Users\HP\OneDrive\Documents\GitHub\MAJOR-PROJECT\archive\OriginalDataset\NonDemented\nonDem301.jpg,NonDemented,0
C:\Users\HP\OneDrive\Documents\GitHub\MAJOR-PROJECT\archive\OriginalDataset\NonDemented\27 (21).jpg,NonDemented,0
C:\Users\HP\OneDrive\Documents\GitHub\MAJOR-PROJECT\archive\OriginalDataset\VeryMildDemented\28 (64).jpg,VeryMildDemented,1
C:\Users\HP\OneDrive\Documents\GitHub\MAJOR-PROJECT\archive\OriginalDataset\NonDemented\nonDem377.jpg,NonDemented,0
C:\Users\HP\OneDrive\Documents\GitHub\MAJOR-PROJECT\archive\OriginalDataset\VeryMildDemented\verymildDem783.jpg,VeryMildDemented,1
C:\Users\HP\OneDrive\Documents\GitHub\MAJOR-PROJECT\archive\OriginalDataset\NonDemented\28 (16).jpg,NonDemented,0
C:\Users\HP\OneDrive\Documents\GitHub\MAJOR-PROJECT\archive\OriginalDataset\NonDemented\nonDem1268.jpg,NonDemented,0
C:\Users\HP\OneDrive\Documents\GitHub\MAJOR-PROJECT\archive\OriginalDataset\NonDemented\nonDem792.jpg,NonDemented,0
C:\Users\HP\OneDrive\Documents\GitHub\MAJOR-PROJECT\archive\OriginalDataset\VeryMildDemented\verymildDem776.jpg,VeryMildDemented,1
C:\Users\HP\OneDrive\Documents\GitHub\MAJOR-PROJECT\archive\OriginalDataset\VeryMildDemented\verymildDem463.jpg,VeryMildDemented,1
C:\Users\HP\OneDrive\Documents\GitHub\MAJOR-PROJECT\archive\OriginalDataset\VeryMildDemented\verymildDem637.jpg,VeryMildDemented,1
C:\Users\HP\OneDrive\Documents\GitHub\MAJOR-PROJECT\archive\OriginalDataset\ModerateDemented\moderateDem36.jpg,ModerateDemented,1
C:\Users\HP\OneDrive\Documents\GitHub\MAJOR-PROJECT\archive\OriginalDataset\MildDemented\mildDem328.jpg,MildDemented,1
C:\Users\HP\OneDrive\Documents\GitHub\MAJOR-PROJECT\archive\OriginalDataset\NonDemented\nonDem664.jpg,NonDemented,0
C:\Users\HP\OneDrive\Documents\GitHub\MAJOR-PROJECT\archive\OriginalDataset\MildDemented\30 (8).jpg,MildDemented,1
C:\Users\HP\OneDrive\Documents\GitHub\MAJOR-PROJECT\archive\OriginalDataset\MildDemented\mildDem581.jpg,MildDemented,1
C:\Users\HP\OneDrive\Documents\GitHub\MAJOR-PROJECT\archive\OriginalDataset\VeryMildDemented\verymildDem248.jpg,VeryMildDemented,1
C:\Users\HP\OneDrive\Documents\GitHub\MAJOR-PROJECT\archive\OriginalDataset\VeryMildDemented\verymildDem397.jpg,VeryMildDemented,1
C:\Users\HP\OneDrive\Documents\GitHub\MAJOR-PROJECT\archive\OriginalDataset\MildDemented\mildDem420.jpg,MildDemented,1
C:\Users\HP\OneDrive\Documents\GitHub\MAJOR-PROJECT\archive\OriginalDataset\VeryMildDemented\verymildDem890.jpg,VeryMildDemented,1
C:\Users\HP\OneDrive\Documents\GitHub\MAJOR-PROJECT\archive\OriginalDataset\NonDemented\nonDem288.jpg,NonDemented,0
C:\Users\HP\OneDrive\Documents\GitHub\MAJOR-PROJECT\archive\OriginalDataset\NonDemented\nonDem386.jpg,NonDemented,0
C:\Users\HP\OneDrive\Documents\GitHub\MAJOR-PROJECT\archive\OriginalDataset\VeryMildDemented\verymildDem434.jpg,VeryMildDemented,1
C:\Users\HP\OneDrive\Documents\GitHub\MAJOR-PROJECT\archive\OriginalDataset\VeryMildDemented\30 (31).jpg,VeryMildDemented,1
C:\Users\HP\OneDrive\Documents\GitHub\MAJOR-PROJECT\archive\OriginalDataset\NonDemented\32 (37).jpg,NonDemented,0
C:\Users\HP\OneDrive\Documents\GitHub\MAJOR-PROJECT\archive\OriginalDataset\NonDemented\nonDem2412.jpg,NonDemented,0
C:\Users\HP\OneDrive\Documents\GitHub\MAJOR-PROJECT\archive\OriginalDataset\NonDemented\27 (59).jpg,NonDemented,0
C:\Users\HP\OneDrive\Documents\GitHub\MAJOR-PROJECT\archive\OriginalDataset\VeryMildDemented\verymildDem1338.jpg,VeryMildDemented,1
C:\Users\HP\OneDrive\Documents\GitHub\MAJOR-PROJECT\archive\OriginalDataset\MildDemented\mildDem514.jpg,MildDemented,1
C:\Users\HP\OneDrive\Documents\GitHub\MAJOR-PROJECT\archive\OriginalDataset\VeryMildDemented\verymildDem985.jpg,VeryMildDemented,1
C:\Users\HP\OneDrive\Documents\GitHub\MAJOR-PROJECT\archive\OriginalDataset\NonDemented\31 (50).jpg,NonDemented,0
C:\Users\HP\OneDrive\Documents\GitHub\MAJOR-PROJECT\archive\OriginalDataset\NonDemented\nonDem2116.jpg,NonDemented,0
C:\Users\HP\OneDrive\Documents\GitHub\MAJOR-PROJECT\archive\OriginalDataset\NonDemented\nonDem749.jpg,NonDemented,0
C:\Users\HP\OneDrive\Documents\GitHub\MAJOR-PROJECT\archive\OriginalDataset\VeryMildDemented\verymildDem694.jpg,VeryMildDemented,1
C:\Users\HP\OneDrive\Documents\GitHub\MAJOR-PROJECT\archive\OriginalDataset\VeryMildDemented\verymildDem495.jpg,VeryMildDemented,1
C:\Users\HP\OneDrive\Documents\GitHub\MAJOR-PROJECT\archive\OriginalDataset\VeryMildDemented\verymildDem271.jpg,VeryMildDemented,1
C:\Users\HP\OneDrive\Documents\GitHub\MAJOR-PROJECT\archive\OriginalDataset\NonDemented\nonDem1191.jpg,NonDemented,0
C:\Users\HP\OneDrive\Documents\GitHub\MAJOR-PROJECT\archive\OriginalDataset\MildDemented\31 (3).jpg,MildDemented,1
C:\Users\HP\OneDrive\Documents\GitHub\MAJOR-PROJECT\archive\OriginalDataset\MildDemented\mildDem161.jpg,MildDemented,1
C:\Users\HP\OneDrive\Documents\GitHub\MAJOR-PROJECT\archive\OriginalDataset\NonDemented\nonDem1524.jpg,NonDemented,0
C:\Users\HP\OneDrive\Documents\GitHub\MAJOR-PROJECT\archive\OriginalDataset\NonDemented\nonDem2121.jpg,NonDemented,0
C:\Users\HP\OneDrive\Documents\GitHub\MAJOR-PROJECT\archive\OriginalDataset\VeryMildDemented\verymildDem582.jpg,VeryMildDemented,1
C:\Users\HP\OneDrive\Documents\GitHub\MAJOR-PROJECT\archive\OriginalDataset\MildDemented\mildDem337.jpg,MildDemented,1
C:\Users\HP\OneDrive\Documents\GitHub\MAJOR-PROJECT\archive\OriginalDataset\MildDemented\mildDem421.jpg,MildDemented,1
C:\Users\HP\OneDrive\Documents\GitHub\MAJOR-PROJECT\archive\OriginalDataset\VeryMildDemented\verymildDem342.jpg,VeryMildDemented,1
C:\Users\HP\OneDrive\Documents\GitHub\MAJOR-PROJECT\archive\OriginalDataset\NonDemented\nonDem1387.jpg,NonDemented,0
C:\Users\HP\OneDrive\Documents\GitHub\MAJOR-PROJECT\archive\OriginalDataset\NonDemented\nonDem675.jpg,NonDemented,0
C:\Users\HP\OneDrive\Documents\GitHub\MAJOR-PROJECT\archive\OriginalDataset\VeryMildDemented\verymildDem509.jpg,VeryMildDemented,1
C:\Users\HP\OneDrive\Documents\GitHub\MAJOR-PROJECT\archive\OriginalDataset\VeryMildDemented\verymildDem1077.jpg,VeryMildDemented,1
C:\Users\HP\OneDrive\Documents\GitHub\MAJOR-PROJECT\archive\OriginalDataset\MildDemented\mildDem59.jpg,MildDemented,1
C:\Users\HP\OneDrive\Documents\GitHub\MAJOR-PROJECT\archive\OriginalDataset\NonDemented\nonDem665.jpg,NonDemented,0
C:\Users\HP\OneDrive\Documents\GitHub\MAJOR-PROJECT\archive\OriginalDataset\VeryMildDemented\verymildDem665.jpg,VeryMildDemented,1
C:\Users\HP\OneDrive\Documents\GitHub\MAJOR-PROJECT\archive\OriginalDataset\NonDemented\nonDem51.jpg,NonDemented,0
C:\Users\HP\OneDrive\Documents\GitHub\MAJOR-PROJECT\archive\OriginalDataset\VeryMildDemented\verymildDem1512.jpg,VeryMildDemented,1
C:\Users\HP\OneDrive\Documents\GitHub\MAJOR-PROJECT\archive\OriginalDataset\MildDemented\mildDem222.jpg,MildDemented,1
C:\Users\HP\OneDrive\Documents\GitHub\MAJOR-PROJECT\archive\OriginalDataset\NonDemented\nonDem2078.jpg,NonDemented,0
C:\Users\HP\OneDrive\Documents\GitHub\MAJOR-PROJECT\archive\OriginalDataset\NonDemented\26 (78).jpg,NonDemented,0
C:\Users\HP\OneDrive\Documents\GitHub\MAJOR-PROJECT\archive\OriginalDataset\NonDemented\nonDem1302.jpg,NonDemented,0
C:\Users\HP\OneDrive\Documents\GitHub\MAJOR-PROJECT\archive\OriginalDataset\NonDemented\nonDem267.jpg,NonDemented,0
C:\Users\HP\OneDrive\Documents\GitHub\MAJOR-PROJECT\archive\OriginalDataset\MildDemented\27 (13).jpg,MildDemented,1
C:\Users\HP\OneDrive\Documents\GitHub\MAJOR-PROJECT\archive\OriginalDataset\NonDemented\27 (39).jpg,NonDemented,0
C:\Users\HP\OneDrive\Documents\GitHub\MAJOR-PROJECT\archive\OriginalDataset\NonDemented\nonDem464.jpg,NonDemented,0
C:\Users\HP\OneDrive\Documents\GitHub\MAJOR-PROJECT\archive\OriginalDataset\MildDemented\29 (12).jpg,MildDemented,1
C:\Users\HP\OneDrive\Documents\GitHub\MAJOR-PROJECT\archive\OriginalDataset\NonDemented\nonDem431.jpg,NonDemented,0
C:\Users\HP\OneDrive\Documents\GitHub\MAJOR-PROJECT\archive\OriginalDataset\VeryMildDemented\verymildDem261.jpg,VeryMildDemented,1
C:\Users\HP\OneDrive\Documents\GitHub\MAJOR-PROJECT\archive\OriginalDataset\MildDemented\32 (9).jpg,MildDemented,1
C:\Users\HP\OneDrive\Documents\GitHub\MAJOR-PROJECT\archive\OriginalDataset\NonDemented\nonDem310.jpg,NonDemented,0
C:\Users\HP\OneDrive\Documents\GitHub\MAJOR-PROJECT\archive\OriginalDataset\NonDemented\29 (71).jpg,NonDemented,0
C:\Users\HP\OneDrive\Documents\GitHub\MAJOR-PROJECT\archive\OriginalDataset\NonDemented\27 (65).jpg,NonDemented,0
C:\Users\HP\OneDrive\Documents\GitHub\MAJOR-PROJECT\archive\OriginalDataset\NonDemented\nonDem942.jpg,NonDemented,0
C:\Users\HP\OneDrive\Documents\GitHub\MAJOR-PROJECT\archive\OriginalDataset\NonDemented\nonDem2473.jpg,NonDemented,0
C:\Users\HP\OneDrive\Documents\GitHub\MAJOR-PROJECT\archive\OriginalDataset\NonDemented\nonDem516.jpg,NonDemented,0
C:\Users\HP\OneDrive\Documents\GitHub\MAJOR-PROJECT\archive\OriginalDataset\MildDemented\mildDem445.jpg,MildDemented,1
C:\Users\HP\OneDrive\Documents\GitHub\MAJOR-PROJECT\archive\OriginalDataset\VeryMildDemented\verymildDem1466.jpg,VeryMildDemented,1
C:\Users\HP\OneDrive\Documents\GitHub\MAJOR-PROJECT\archive\OriginalDataset\NonDemented\nonDem1641.jpg,NonDemented,0
C:\Users\HP\OneDrive\Documents\GitHub\MAJOR-PROJECT\archive\OriginalDataset\NonDemented\nonDem2156.jpg,NonDemented,0
C:\Users\HP\OneDrive\Documents\GitHub\MAJOR-PROJECT\archive\OriginalDataset\NonDemented\nonDem2275.jpg,NonDemented,0
C:\Users\HP\OneDrive\Documents\GitHub\MAJOR-PROJECT\archive\OriginalDataset\NonDemented\nonDem1882.jpg,NonDemented,0
C:\Users\HP\OneDrive\Documents\GitHub\MAJOR-PROJECT\archive\OriginalDataset\VeryMildDemented\verymildDem1477.jpg,VeryMildDemented,1
C:\Users\HP\OneDrive\Documents\GitHub\MAJOR-PROJECT\archive\OriginalDataset\NonDemented\32 (17).jpg,NonDemented,0
C:\Users\HP\OneDrive\Documents\GitHub\MAJOR-PROJECT\archive\OriginalDataset\NonDemented\nonDem45.jpg,NonDemented,0
C:\Users\HP\OneDrive\Documents\GitHub\MAJOR-PROJECT\archive\OriginalDataset\VeryMildDemented\verymildDem657.jpg,VeryMildDemented,1
C:\Users\HP\OneDrive\Documents\GitHub\MAJOR-PROJECT\archive\OriginalDataset\MildDemented\mildDem144.jpg,MildDemented,1
C:\Users\HP\OneDrive\Documents\GitHub\MAJOR-PROJECT\archive\OriginalDataset\NonDemented\28 (94).jpg,NonDemented,0
C:\Users\HP\OneDrive\Documents\GitHub\MAJOR-PROJECT\archive\OriginalDataset\NonDemented\nonDem2052.jpg,NonDemented,0
C:\Users\HP\OneDrive\Documents\GitHub\MAJOR-PROJECT\archive\OriginalDataset\NonDemented\nonDem1662.jpg,NonDemented,0
C:\Users\HP\OneDrive\Documents\GitHub\MAJOR-PROJECT\archive\OriginalDataset\NonDemented\nonDem2086.jpg,NonDemented,0
C:\Users\HP\OneDrive\Documents\GitHub\MAJOR-PROJECT\archive\OriginalDataset\NonDemented\nonDem716.jpg,NonDemented,0
C:\Users\HP\OneDrive\Documents\GitHub\MAJOR-PROJECT\archive\OriginalDataset\NonDemented\nonDem1685.jpg,NonDemented,0
C:\Users\HP\OneDrive\Documents\GitHub\MAJOR-PROJECT\archive\OriginalDataset\VeryMildDemented\verymildDem284.jpg,VeryMildDemented,1
C:\Users\HP\OneDrive\Documents\GitHub\MAJOR-PROJECT\archive\OriginalDataset\MildDemented\26 (27).jpg,MildDemented,1
C:\Users\HP\OneDrive\Documents\GitHub\MAJOR-PROJECT\archive\OriginalDataset\NonDemented\nonDem2284.jpg,NonDemented,0
C:\Users\HP\OneDrive\Documents\GitHub\MAJOR-PROJECT\archive\OriginalDataset\VeryMildDemented\verymildDem483.jpg,VeryMildDemented,1
C:\Users\HP\OneDrive\Documents\GitHub\MAJOR-PROJECT\archive\OriginalDataset\VeryMildDemented\29 (36).jpg,VeryMildDemented,1
C:\Users\HP\OneDrive\Documents\GitHub\MAJOR-PROJECT\archive\OriginalDataset\NonDemented\nonDem1724.jpg,NonDemented,0
C:\Users\HP\OneDrive\Documents\GitHub\MAJOR-PROJECT\archive\OriginalDataset\NonDemented\30 (76).jpg,NonDemented,0
C:\Users\HP\OneDrive\Documents\GitHub\MAJOR-PROJECT\archive\OriginalDataset\NonDemented\nonDem1083.jpg,NonDemented,0
C:\Users\HP\OneDrive\Documents\GitHub\MAJOR-PROJECT\archive\OriginalDataset\VeryMildDemented\verymildDem360.jpg,VeryMildDemented,1
C:\Users\HP\OneDrive\Documents\GitHub\MAJOR-PROJECT\archive\OriginalDataset\VeryMildDemented\verymildDem1044.jpg,VeryMildDemented,1
C:\Users\HP\OneDrive\Documents\GitHub\MAJOR-PROJECT\archive\OriginalDataset\VeryMildDemented\verymildDem1494.jpg,VeryMildDemented,1
C:\Users\HP\OneDrive\Documents\GitHub\MAJOR-PROJECT\archive\OriginalDataset\NonDemented\nonDem934.jpg,NonDemented,0
C:\Users\HP\OneDrive\Documents\GitHub\MAJOR-PROJECT\archive\OriginalDataset\MildDemented\27 (9).jpg,MildDemented,1
C:\Users\HP\OneDrive\Documents\GitHub\MAJOR-PROJECT\archive\OriginalDataset\NonDemented\nonDem2407.jpg,NonDemented,0
C:\Users\HP\OneDrive\Documents\GitHub\MAJOR-PROJECT\archive\OriginalDataset\VeryMildDemented\verymildDem1542.jpg,VeryMildDemented,1
C:\Users\HP\OneDrive\Documents\GitHub\MAJOR-PROJECT\archive\OriginalDataset\VeryMildDemented\verymildDem931.jpg,VeryMildDemented,1
C:\Users\HP\OneDrive\Documents\GitHub\MAJOR-PROJECT\archive\OriginalDataset\VeryMildDemented\verymildDem896.jpg,VeryMildDemented,1
C:\Users\HP\OneDrive\Documents\GitHub\MAJOR-PROJECT\archive\OriginalDataset\NonDemented\nonDem36.jpg,NonDemented,0
C:\Users\HP\OneDrive\Documents\GitHub\MAJOR-PROJECT\archive\OriginalDataset\NonDemented\32 (48).jpg,NonDemented,0
C:\Users\HP\OneDrive\Documents\GitHub\MAJOR-PROJECT\archive\OriginalDataset\VeryMildDemented\verymildDem586.jpg,VeryMildDemented,1
C:\Users\HP\OneDrive\Documents\GitHub\MAJOR-PROJECT\archive\OriginalDataset\NonDemented\nonDem2465.jpg,NonDemented,0
C:\Users\HP\OneDrive\Documents\GitHub\MAJOR-PROJECT\archive\OriginalDataset\NonDemented\nonDem1150.jpg,NonDemented,0
C:\Users\HP\OneDrive\Documents\GitHub\MAJOR-PROJECT\archive\OriginalDataset\NonDemented\nonDem1513.jpg,NonDemented,0
C:\Users\HP\OneDrive\Documents\GitHub\MAJOR-PROJECT\archive\OriginalDataset\VeryMildDemented\verymildDem1697.jpg,VeryMildDemented,1
C:\Users\HP\OneDrive\Documents\GitHub\MAJOR-PROJECT\archive\OriginalDataset\VeryMildDemented\27 (4).jpg,VeryMildDemented,1
C:\Users\HP\OneDrive\Documents\GitHub\MAJOR-PROJECT\archive\OriginalDataset\VeryMildDemented\32 (41).jpg,VeryMildDemented,1
C:\Users\HP\OneDrive\Documents\GitHub\MAJOR-PROJECT\archive\OriginalDataset\NonDemented\nonDem1000.jpg,NonDemented,0
C:\Users\HP\OneDrive\Documents\GitHub\MAJOR-PROJECT\archive\OriginalDataset\MildDemented\mildDem51.jpg,MildDemented,1
C:\Users\HP\OneDrive\Documents\GitHub\MAJOR-PROJECT\archive\OriginalDataset\VeryMildDemented\32 (14).jpg,VeryMildDemented,1
C:\Users\HP\OneDrive\Documents\GitHub\MAJOR-PROJECT\archive\OriginalDataset\NonDemented\nonDem30.jpg,NonDemented,0
C:\Users\HP\OneDrive\Documents\GitHub\MAJOR-PROJECT\archive\OriginalDataset\NonDemented\32 (5).jpg,NonDemented,0
C:\Users\HP\OneDrive\Documents\GitHub\MAJOR-PROJECT\archive\OriginalDataset\MildDemented\mildDem610.jpg,MildDemented,1
C:\Users\HP\OneDrive\Documents\GitHub\MAJOR-PROJECT\archive\OriginalDataset\NonDemented\28 (78).jpg,NonDemented,0
C:\Users\HP\OneDrive\Documents\GitHub\MAJOR-PROJECT\archive\OriginalDataset\NonDemented\nonDem1307.jpg,NonDemented,0
C:\Users\HP\OneDrive\Documents\GitHub\MAJOR-PROJECT\archive\OriginalDataset\VeryMildDemented\verymildDem1598.jpg,VeryMildDemented,1
C:\Users\HP\OneDrive\Documents\GitHub\MAJOR-PROJECT\archive\OriginalDataset\NonDemented\nonDem17.jpg,NonDemented,0
C:\Users\HP\OneDrive\Documents\GitHub\MAJOR-PROJECT\archive\OriginalDataset\VeryMildDemented\verymildDem224.jpg,VeryMildDemented,1
C:\Users\HP\OneDrive\Documents\GitHub\MAJOR-PROJECT\archive\OriginalDataset\VeryMildDemented\verymildDem1290.jpg,VeryMildDemented,1
C:\Users\HP\OneDrive\Documents\GitHub\MAJOR-PROJECT\archive\OriginalDataset\NonDemented\nonDem1195.jpg,NonDemented,0
C:\Users\HP\OneDrive\Documents\GitHub\MAJOR-PROJECT\archive\OriginalDataset\VeryMildDemented\verymildDem1725.jpg,VeryMildDemented,1
C:\Users\HP\OneDrive\Documents\GitHub\MAJOR-PROJECT\archive\OriginalDataset\VeryMildDemented\verymildDem1784.jpg,VeryMildDemented,1
C:\Users\HP\OneDrive\Documents\GitHub\MAJOR-PROJECT\archive\OriginalDataset\VeryMildDemented\30 (24).jpg,VeryMildDemented,1
C:\Users\HP\OneDrive\Documents\GitHub\MAJOR-PROJECT\archive\OriginalDataset\NonDemented\nonDem802.jpg,NonDemented,0
C:\Users\HP\OneDrive\Documents\GitHub\MAJOR-PROJECT\archive\OriginalDataset\MildDemented\mildDem597.jpg,MildDemented,1
C:\Users\HP\OneDrive\Documents\GitHub\MAJOR-PROJECT\archive\OriginalDataset\NonDemented\nonDem646.jpg,NonDemented,0
C:\Users\HP\OneDrive\Documents\GitHub\MAJOR-PROJECT\archive\OriginalDataset\VeryMildDemented\verymildDem162.jpg,VeryMildDemented,1
C:\Users\HP\OneDrive\Documents\GitHub\MAJOR-PROJECT\archive\OriginalDataset\NonDemented\nonDem126.jpg,NonDemented,0
C:\Users\HP\OneDrive\Documents\GitHub\MAJOR-PROJECT\archive\OriginalDataset\MildDemented\mildDem167.jpg,MildDemented,1
C:\Users\HP\OneDrive\Documents\GitHub\MAJOR-PROJECT\archive\OriginalDataset\ModerateDemented\28 (2).jpg,ModerateDemented,1
C:\Users\HP\OneDrive\Documents\GitHub\MAJOR-PROJECT\archive\OriginalDataset\VeryMildDemented\verymildDem704.jpg,VeryMildDemented,1
C:\Users\HP\OneDrive\Documents\GitHub\MAJOR-PROJECT\archive\OriginalDataset\NonDemented\nonDem2183.jpg,NonDemented,0
C:\Users\HP\OneDrive\Documents\GitHub\MAJOR-PROJECT\archive\OriginalDataset\VeryMildDemented\verymildDem186.jpg,VeryMildDemented,1
C:\Users\HP\OneDrive\Documents\GitHub\MAJOR-PROJECT\archive\OriginalDataset\VeryMildDemented\verymildDem1550.jpg,VeryMildDemented,1
C:\Users\HP\OneDrive\Documents\GitHub\MAJOR-PROJECT\archive\OriginalDataset\MildDemented\29 (16).jpg,MildDemented,1
C:\Users\HP\OneDrive\Documents\GitHub\MAJOR-PROJECT\archive\OriginalDataset\VeryMildDemented\32 (60).jpg,VeryMildDemented,1
C:\Users\HP\OneDrive\Documents\GitHub\MAJOR-PROJECT\archive\OriginalDataset\VeryMildDemented\verymildDem1012.jpg,VeryMildDemented,1
C:\Users\HP\OneDrive\Documents\GitHub\MAJOR-PROJECT\archive\OriginalDataset\MildDemented\mildDem38.jpg,MildDemented,1
C:\Users\HP\OneDrive\Documents\GitHub\MAJOR-PROJECT\archive\OriginalDataset\MildDemented\mildDem345.jpg,MildDemented,1
C:\Users\HP\OneDrive\Documents\GitHub\MAJOR-PROJECT\archive\OriginalDataset\VeryMildDemented\28 (61).jpg,VeryMildDemented,1
C:\Users\HP\OneDrive\Documents\GitHub\MAJOR-PROJECT\archive\OriginalDataset\MildDemented\mildDem149.jpg,MildDemented,1
C:\Users\HP\OneDrive\Documents\GitHub\MAJOR-PROJECT\archive\OriginalDataset\NonDemented\nonDem2315.jpg,NonDemented,0
C:\Users\HP\OneDrive\Documents\GitHub\MAJOR-PROJECT\archive\OriginalDataset\MildDemented\mildDem550.jpg,MildDemented,1
C:\Users\HP\OneDrive\Documents\GitHub\MAJOR-PROJECT\archive\OriginalDataset\VeryMildDemented\verymildDem693.jpg,VeryMildDemented,1
C:\Users\HP\OneDrive\Documents\GitHub\MAJOR-PROJECT\archive\OriginalDataset\NonDemented\nonDem2550.jpg,NonDemented,0
C:\Users\HP\OneDrive\Documents\GitHub\MAJOR-PROJECT\archive\OriginalDataset\NonDemented\nonDem1413.jpg,NonDemented,0
C:\Users\HP\OneDrive\Documents\GitHub\MAJOR-PROJECT\archive\OriginalDataset\NonDemented\30 (72).jpg,NonDemented,0
C:\Users\HP\OneDrive\Documents\GitHub\MAJOR-PROJECT\archive\OriginalDataset\NonDemented\nonDem1203.jpg,NonDemented,0
C:\Users\HP\OneDrive\Documents\GitHub\MAJOR-PROJECT\archive\OriginalDataset\NonDemented\nonDem1970.jpg,NonDemented,0
C:\Users\HP\OneDrive\Documents\GitHub\MAJOR-PROJECT\archive\OriginalDataset\VeryMildDemented\verymildDem742.jpg,VeryMildDemented,1
C:\Users\HP\OneDrive\Documents\GitHub\MAJOR-PROJECT\archive\OriginalDataset\MildDemented\mildDem153.jpg,MildDemented,1
C:\Users\HP\OneDrive\Documents\GitHub\MAJOR-PROJECT\archive\OriginalDataset\MildDemented\mildDem355.jpg,MildDemented,1
C:\Users\HP\OneDrive\Documents\GitHub\MAJOR-PROJECT\archive\OriginalDataset\VeryMildDemented\verymildDem196.jpg,VeryMildDemented,1
C:\Users\HP\OneDrive\Documents\GitHub\MAJOR-PROJECT\archive\OriginalDataset\VeryMildDemented\27 (16).jpg,VeryMildDemented,1
C:\Users\HP\OneDrive\Documents\GitHub\MAJOR-PROJECT\archive\OriginalDataset\NonDemented\nonDem1624.jpg,NonDemented,0
C:\Users\HP\OneDrive\Documents\GitHub\MAJOR-PROJECT\archive\OriginalDataset\NonDemented\nonDem1898.jpg,NonDemented,0
C:\Users\HP\OneDrive\Documents\GitHub\MAJOR-PROJECT\archive\OriginalDataset\VeryMildDemented\verymildDem805.jpg,VeryMildDemented,1
C:\Users\HP\OneDrive\Documents\GitHub\MAJOR-PROJECT\archive\OriginalDataset\NonDemented\32 (77).jpg,NonDemented,0
C:\Users\HP\OneDrive\Documents\GitHub\MAJOR-PROJECT\archive\OriginalDataset\VeryMildDemented\30 (4).jpg,VeryMildDemented,1
C:\Users\HP\OneDrive\Documents\GitHub\MAJOR-PROJECT\archive\OriginalDataset\VeryMildDemented\verymildDem1480.jpg,VeryMildDemented,1
C:\Users\HP\OneDrive\Documents\GitHub\MAJOR-PROJECT\archive\OriginalDataset\VeryMildDemented\verymildDem1506.jpg,VeryMildDemented,1
C:\Users\HP\OneDrive\Documents\GitHub\MAJOR-PROJECT\archive\OriginalDataset\MildDemented\mildDem256.jpg,MildDemented,1
C:\Users\HP\OneDrive\Documents\GitHub\MAJOR-PROJECT\archive\OriginalDataset\VeryMildDemented\31 (65).jpg,VeryMildDemented,1
C:\Users\HP\OneDrive\Documents\GitHub\MAJOR-PROJECT\archive\OriginalDataset\VeryMildDemented\verymildDem1328.jpg,VeryMildDemented,1
C:\Users\HP\OneDrive\Documents\GitHub\MAJOR-PROJECT\archive\OriginalDataset\NonDemented\nonDem96.jpg,NonDemented,0
C:\Users\HP\OneDrive\Documents\GitHub\MAJOR-PROJECT\archive\OriginalDataset\VeryMildDemented\verymildDem1708.jpg,VeryMildDemented,1
C:\Users\HP\OneDrive\Documents\GitHub\MAJOR-PROJECT\archive\OriginalDataset\VeryMildDemented\28 (42).jpg,VeryMildDemented,1
C:\Users\HP\OneDrive\Documents\GitHub\MAJOR-PROJECT\archive\OriginalDataset\NonDemented\nonDem1615.jpg,NonDemented,0
C:\Users\HP\OneDrive\Documents\GitHub\MAJOR-PROJECT\archive\OriginalDataset\VeryMildDemented\verymildDem585.jpg,VeryMildDemented,1
C:\Users\HP\OneDrive\Documents\GitHub\MAJOR-PROJECT\archive\OriginalDataset\NonDemented\nonDem502.jpg,NonDemented,0
C:\Users\HP\OneDrive\Documents\GitHub\MAJOR-PROJECT\archive\OriginalDataset\MildDemented\mildDem124.jpg,MildDemented,1
C:\Users\HP\OneDrive\Documents\GitHub\MAJOR-PROJECT\archive\OriginalDataset\NonDemented\27 (13).jpg,NonDemented,0
C:\Users\HP\OneDrive\Documents\GitHub\MAJOR-PROJECT\archive\OriginalDataset\MildDemented\29 (13).jpg,MildDemented,1
C:\Users\HP\OneDrive\Documents\GitHub\MAJOR-PROJECT\archive\OriginalDataset\NonDemented\nonDem2533.jpg,NonDemented,0
C:\Users\HP\OneDrive\Documents\GitHub\MAJOR-PROJECT\archive\OriginalDataset\NonDemented\nonDem1880.jpg,NonDemented,0
C:\Users\HP\OneDrive\Documents\GitHub\MAJOR-PROJECT\archive\OriginalDataset\NonDemented\nonDem454.jpg,NonDemented,0
C:\Users\HP\OneDrive\Documents\GitHub\MAJOR-PROJECT\archive\OriginalDataset\NonDemented\nonDem1012.jpg,NonDemented,0
C:\Users\HP\OneDrive\Documents\GitHub\MAJOR-PROJECT\archive\OriginalDataset\NonDemented\nonDem1350.jpg,NonDemented,0
C:\Users\HP\OneDrive\Documents\GitHub\MAJOR-PROJECT\archive\OriginalDataset\MildDemented\mildDem176.jpg,MildDemented,1
C:\Users\HP\OneDrive\Documents\GitHub\MAJOR-PROJECT\archive\OriginalDataset\NonDemented\nonDem1102.jpg,NonDemented,0
C:\Users\HP\OneDrive\Documents\GitHub\MAJOR-PROJECT\archive\OriginalDataset\VeryMildDemented\verymildDem996.jpg,VeryMildDemented,1
C:\Users\HP\OneDrive\Documents\GitHub\MAJOR-PROJECT\archive\OriginalDataset\VeryMildDemented\verymildDem670.jpg,VeryMildDemented,1
C:\Users\HP\OneDrive\Documents\GitHub\MAJOR-PROJECT\archive\OriginalDataset\NonDemented\nonDem812.jpg,NonDemented,0
C:\Users\HP\OneDrive\Documents\GitHub\MAJOR-PROJECT\archive\OriginalDataset\NonDemented\nonDem817.jpg,NonDemented,0
C:\Users\HP\OneDrive\Documents\GitHub\MAJOR-PROJECT\archive\OriginalDataset\VeryMildDemented\verymildDem1571.jpg,VeryMildDemented,1
C:\Users\HP\OneDrive\Documents\GitHub\MAJOR-PROJECT\archive\OriginalDataset\NonDemented\29 (24).jpg,NonDemented,0
C:\Users\HP\OneDrive\Documents\GitHub\MAJOR-PROJECT\archive\OriginalDataset\MildDemented\mildDem366.jpg,MildDemented,1
C:\Users\HP\OneDrive\Documents\GitHub\MAJOR-PROJECT\archive\OriginalDataset\NonDemented\nonDem1783.jpg,NonDemented,0
C:\Users\HP\OneDrive\Documents\GitHub\MAJOR-PROJECT\archive\OriginalDataset\NonDemented\nonDem2510.jpg,NonDemented,0
C:\Users\HP\OneDrive\Documents\GitHub\MAJOR-PROJECT\archive\OriginalDataset\NonDemented\nonDem347.jpg,NonDemented,0
C:\Users\HP\OneDrive\Documents\GitHub\MAJOR-PROJECT\archive\OriginalDataset\MildDemented\mildDem210.jpg,MildDemented,1
C:\Users\HP\OneDrive\Documents\GitHub\MAJOR-PROJECT\archive\OriginalDataset\VeryMildDemented\verymildDem269.jpg,VeryMildDemented,1
C:\Users\HP\OneDrive\Documents\GitHub\MAJOR-PROJECT\archive\OriginalDataset\MildDemented\mildDem28.jpg,MildDemented,1
C:\Users\HP\OneDrive\Documents\GitHub\MAJOR-PROJECT\archive\OriginalDataset\NonDemented\nonDem2440.jpg,NonDemented,0
C:\Users\HP\OneDrive\Documents\GitHub\MAJOR-PROJECT\archive\OriginalDataset\NonDemented\nonDem2053.jpg,NonDemented,0
C:\Users\HP\OneDrive\Documents\GitHub\MAJOR-PROJECT\archive\OriginalDataset\VeryMildDemented\verymildDem1735.jpg,VeryMildDemented,1
C:\Users\HP\OneDrive\Documents\GitHub\MAJOR-PROJECT\archive\OriginalDataset\VeryMildDemented\verymildDem59.jpg,VeryMildDemented,1
C:\Users\HP\OneDrive\Documents\GitHub\MAJOR-PROJECT\archive\OriginalDataset\NonDemented\nonDem957.jpg,NonDemented,0
C:\Users\HP\OneDrive\Documents\GitHub\MAJOR-PROJECT\archive\OriginalDataset\NonDemented\nonDem1663.jpg,NonDemented,0
C:\Users\HP\OneDrive\Documents\GitHub\MAJOR-PROJECT\archive\OriginalDataset\MildDemented\32 (15).jpg,MildDemented,1
C:\Users\HP\OneDrive\Documents\GitHub\MAJOR-PROJECT\archive\OriginalDataset\NonDemented\nonDem1060.jpg,NonDemented,0
C:\Users\HP\OneDrive\Documents\GitHub\MAJOR-PROJECT\archive\OriginalDataset\NonDemented\nonDem1823.jpg,NonDemented,0
C:\Users\HP\OneDrive\Documents\GitHub\MAJOR-PROJECT\archive\OriginalDataset\NonDemented\nonDem2411.jpg,NonDemented,0
C:\Users\HP\OneDrive\Documents\GitHub\MAJOR-PROJECT\archive\OriginalDataset\MildDemented\mildDem571.jpg,MildDemented,1
C:\Users\HP\OneDrive\Documents\GitHub\MAJOR-PROJECT\archive\OriginalDataset\MildDemented\mildDem508.jpg,MildDemented,1
C:\Users\HP\OneDrive\Documents\GitHub\MAJOR-PROJECT\archive\OriginalDataset\VeryMildDemented\verymildDem130.jpg,VeryMildDemented,1
C:\Users\HP\OneDrive\Documents\GitHub\MAJOR-PROJECT\archive\OriginalDataset\MildDemented\mildDem29.jpg,MildDemented,1
C:\Users\HP\OneDrive\Documents\GitHub\MAJOR-PROJECT\archive\OriginalDataset\NonDemented\nonDem1723.jpg,NonDemented,0
C:\Users\HP\OneDrive\Documents\GitHub\MAJOR-PROJECT\archive\OriginalDataset\VeryMildDemented\verymildDem50.jpg,VeryMildDemented,1
C:\Users\HP\OneDrive\Documents\GitHub\MAJOR-PROJECT\archive\OriginalDataset\NonDemented\nonDem2499.jpg,NonDemented,0
C:\Users\HP\OneDrive\Documents\GitHub\MAJOR-PROJECT\archive\OriginalDataset\VeryMildDemented\verymildDem921.jpg,VeryMildDemented,1
C:\Users\HP\OneDrive\Documents\GitHub\MAJOR-PROJECT\archive\OriginalDataset\MildDemented\mildDem481.jpg,MildDemented,1
C:\Users\HP\OneDrive\Documents\GitHub\MAJOR-PROJECT\archive\OriginalDataset\VeryMildDemented\verymildDem129.jpg,VeryMildDemented,1
C:\Users\HP\OneDrive\Documents\GitHub\MAJOR-PROJECT\archive\OriginalDataset\NonDemented\nonDem1311.jpg,NonDemented,0
C:\Users\HP\OneDrive\Documents\GitHub\MAJOR-PROJECT\archive\OriginalDataset\NonDemented\nonDem1370.jpg,NonDemented,0
C:\Users\HP\OneDrive\Documents\GitHub\MAJOR-PROJECT\archive\OriginalDataset\VeryMildDemented\verymildDem1606.jpg,VeryMildDemented,1
C:\Users\HP\OneDrive\Documents\GitHub\MAJOR-PROJECT\archive\OriginalDataset\VeryMildDemented\verymildDem280.jpg,VeryMildDemented,1
C:\Users\HP\OneDrive\Documents\GitHub\MAJOR-PROJECT\archive\OriginalDataset\NonDemented\27 (36).jpg,NonDemented,0
C:\Users\HP\OneDrive\Documents\GitHub\MAJOR-PROJECT\archive\OriginalDataset\VeryMildDemented\verymildDem843.jpg,VeryMildDemented,1
C:\Users\HP\OneDrive\Documents\GitHub\MAJOR-PROJECT\archive\OriginalDataset\VeryMildDemented\verymildDem133.jpg,VeryMildDemented,1
C:\Users\HP\OneDrive\Documents\GitHub\MAJOR-PROJECT\archive\OriginalDataset\VeryMildDemented\verymildDem79.jpg,VeryMildDemented,1
C:\Users\HP\OneDrive\Documents\GitHub\MAJOR-PROJECT\archive\OriginalDataset\VeryMildDemented\verymildDem818.jpg,VeryMildDemented,1
C:\Users\HP\OneDrive\Documents\GitHub\MAJOR-PROJECT\archive\OriginalDataset\NonDemented\nonDem2559.jpg,NonDemented,0
C:\Users\HP\OneDrive\Documents\GitHub\MAJOR-PROJECT\archive\OriginalDataset\NonDemented\nonDem1742.jpg,NonDemented,0
C:\Users\HP\OneDrive\Documents\GitHub\MAJOR-PROJECT\archive\OriginalDataset\NonDemented\27 (50).jpg,NonDemented,0
C:\Users\HP\OneDrive\Documents\GitHub\MAJOR-PROJECT\archive\OriginalDataset\VeryMildDemented\verymildDem1191.jpg,VeryMildDemented,1
C:\Users\HP\OneDrive\Documents\GitHub\MAJOR-PROJECT\archive\OriginalDataset\NonDemented\nonDem656.jpg,NonDemented,0
C:\Users\HP\OneDrive\Documents\GitHub\MAJOR-PROJECT\archive\OriginalDataset\VeryMildDemented\26 (69).jpg,VeryMildDemented,1
C:\Users\HP\OneDrive\Documents\GitHub\MAJOR-PROJECT\archive\OriginalDataset\NonDemented\nonDem94.jpg,NonDemented,0
C:\Users\HP\OneDrive\Documents\GitHub\MAJOR-PROJECT\archive\OriginalDataset\VeryMildDemented\verymildDem1698.jpg,VeryMildDemented,1
C:\Users\HP\OneDrive\Documents\GitHub\MAJOR-PROJECT\archive\OriginalDataset\VeryMildDemented\30 (16).jpg,VeryMildDemented,1
C:\Users\HP\OneDrive\Documents\GitHub\MAJOR-PROJECT\archive\OriginalDataset\NonDemented\nonDem989.jpg,NonDemented,0
C:\Users\HP\OneDrive\Documents\GitHub\MAJOR-PROJECT\archive\OriginalDataset\VeryMildDemented\verymildDem1655.jpg,VeryMildDemented,1
C:\Users\HP\OneDrive\Documents\GitHub\MAJOR-PROJECT\archive\OriginalDataset\VeryMildDemented\verymildDem686.jpg,VeryMildDemented,1
C:\Users\HP\OneDrive\Documents\GitHub\MAJOR-PROJECT\archive\OriginalDataset\NonDemented\30 (84).jpg,NonDemented,0
C:\Users\HP\OneDrive\Documents\GitHub\MAJOR-PROJECT\archive\OriginalDataset\NonDemented\nonDem2268.jpg,NonDemented,0
C:\Users\HP\OneDrive\Documents\GitHub\MAJOR-PROJECT\archive\OriginalDataset\VeryMildDemented\verymildDem976.jpg,VeryMildDemented,1
C:\Users\HP\OneDrive\Documents\GitHub\MAJOR-PROJECT\archive\OriginalDataset\VeryMildDemented\verymildDem1470.jpg,VeryMildDemented,1
C:\Users\HP\OneDrive\Documents\GitHub\MAJOR-PROJECT\archive\OriginalDataset\NonDemented\nonDem2142.jpg,NonDemented,0
C:\Users\HP\OneDrive\Documents\GitHub\MAJOR-PROJECT\archive\OriginalDataset\NonDemented\nonDem1148.jpg,NonDemented,0
C:\Users\HP\OneDrive\Documents\GitHub\MAJOR-PROJECT\archive\OriginalDataset\NonDemented\nonDem662.jpg,NonDemented,0
C:\Users\HP\OneDrive\Documents\GitHub\MAJOR-PROJECT\archive\OriginalDataset\MildDemented\32 (27).jpg,MildDemented,1
C:\Users\HP\OneDrive\Documents\GitHub\MAJOR-PROJECT\archive\OriginalDataset\MildDemented\mildDem393.jpg,MildDemented,1
C:\Users\HP\OneDrive\Documents\GitHub\MAJOR-PROJECT\archive\OriginalDataset\MildDemented\mildDem115.jpg,MildDemented,1
C:\Users\HP\OneDrive\Documents\GitHub\MAJOR-PROJECT\archive\OriginalDataset\VeryMildDemented\verymildDem679.jpg,VeryMildDemented,1
C:\Users\HP\OneDrive\Documents\GitHub\MAJOR-PROJECT\archive\OriginalDataset\VeryMildDemented\verymildDem46.jpg,VeryMildDemented,1
C:\Users\HP\OneDrive\Documents\GitHub\MAJOR-PROJECT\archive\OriginalDataset\VeryMildDemented\verymildDem1403.jpg,VeryMildDemented,1
C:\Users\HP\OneDrive\Documents\GitHub\MAJOR-PROJECT\archive\OriginalDataset\MildDemented\mildDem350.jpg,MildDemented,1
C:\Users\HP\OneDrive\Documents\GitHub\MAJOR-PROJECT\archive\OriginalDataset\NonDemented\nonDem958.jpg,NonDemented,0
C:\Users\HP\OneDrive\Documents\GitHub\MAJOR-PROJECT\archive\OriginalDataset\VeryMildDemented\verymildDem1266.jpg,VeryMildDemented,1
C:\Users\HP\OneDrive\Documents\GitHub\MAJOR-PROJECT\archive\OriginalDataset\VeryMildDemented\verymildDem822.jpg,VeryMildDemented,1
C:\Users\HP\OneDrive\Documents\GitHub\MAJOR-PROJECT\archive\OriginalDataset\NonDemented\27 (34).jpg,NonDemented,0
C:\Users\HP\OneDrive\Documents\GitHub\MAJOR-PROJECT\archive\OriginalDataset\NonDemented\nonDem2166.jpg,NonDemented,0
C:\Users\HP\OneDrive\Documents\GitHub\MAJOR-PROJECT\archive\OriginalDataset\NonDemented\nonDem237.jpg,NonDemented,0
C:\Users\HP\OneDrive\Documents\GitHub\MAJOR-PROJECT\archive\OriginalDataset\NonDemented\32 (28).jpg,NonDemented,0
C:\Users\HP\OneDrive\Documents\GitHub\MAJOR-PROJECT\archive\OriginalDataset\NonDemented\30 (16).jpg,NonDemented,0
C:\Users\HP\OneDrive\Documents\GitHub\MAJOR-PROJECT\archive\OriginalDataset\VeryMildDemented\verymildDem1410.jpg,VeryMildDemented,1
C:\Users\HP\OneDrive\Documents\GitHub\MAJOR-PROJECT\archive\OriginalDataset\MildDemented\mildDem566.jpg,MildDemented,1
C:\Users\HP\OneDrive\Documents\GitHub\MAJOR-PROJECT\archive\OriginalDataset\NonDemented\nonDem2532.jpg,NonDemented,0
C:\Users\HP\OneDrive\Documents\GitHub\MAJOR-PROJECT\archive\OriginalDataset\VeryMildDemented\verymildDem540.jpg,VeryMildDemented,1
C:\Users\HP\OneDrive\Documents\GitHub\MAJOR-PROJECT\archive\OriginalDataset\MildDemented\mildDem591.jpg,MildDemented,1
C:\Users\HP\OneDrive\Documents\GitHub\MAJOR-PROJECT\archive\OriginalDataset\NonDemented\nonDem1583.jpg,NonDemented,0
C:\Users\HP\OneDrive\Documents\GitHub\MAJOR-PROJECT\archive\OriginalDataset\NonDemented\nonDem582.jpg,NonDemented,0
C:\Users\HP\OneDrive\Documents\GitHub\MAJOR-PROJECT\archive\OriginalDataset\NonDemented\nonDem652.jpg,NonDemented,0
C:\Users\HP\OneDrive\Documents\GitHub\MAJOR-PROJECT\archive\OriginalDataset\NonDemented\26 (68).jpg,NonDemented,0
C:\Users\HP\OneDrive\Documents\GitHub\MAJOR-PROJECT\archive\OriginalDataset\NonDemented\nonDem2011.jpg,NonDemented,0
C:\Users\HP\OneDrive\Documents\GitHub\MAJOR-PROJECT\archive\OriginalDataset\NonDemented\nonDem1500.jpg,NonDemented,0
C:\Users\HP\OneDrive\Documents\GitHub\MAJOR-PROJECT\archive\OriginalDataset\NonDemented\28 (17).jpg,NonDemented,0
C:\Users\HP\OneDrive\Documents\GitHub\MAJOR-PROJECT\archive\OriginalDataset\VeryMildDemented\verymildDem506.jpg,VeryMildDemented,1
C:\Users\HP\OneDrive\Documents\GitHub\MAJOR-PROJECT\archive\OriginalDataset\NonDemented\26 (83).jpg,NonDemented,0
C:\Users\HP\OneDrive\Documents\GitHub\MAJOR-PROJECT\archive\OriginalDataset\VeryMildDemented\27 (18).jpg,VeryMildDemented,1
C:\Users\HP\OneDrive\Documents\GitHub\MAJOR-PROJECT\archive\OriginalDataset\VeryMildDemented\verymildDem489.jpg,VeryMildDemented,1
C:\Users\HP\OneDrive\Documents\GitHub\MAJOR-PROJECT\archive\OriginalDataset\NonDemented\nonDem1104.jpg,NonDemented,0
C:\Users\HP\OneDrive\Documents\GitHub\MAJOR-PROJECT\archive\OriginalDataset\NonDemented\nonDem1149.jpg,NonDemented,0
C:\Users\HP\OneDrive\Documents\GitHub\MAJOR-PROJECT\archive\OriginalDataset\VeryMildDemented\32 (36).jpg,VeryMildDemented,1
C:\Users\HP\OneDrive\Documents\GitHub\MAJOR-PROJECT\archive\OriginalDataset\VeryMildDemented\30 (68).jpg,VeryMildDemented,1
C:\Users\HP\OneDrive\Documents\GitHub\MAJOR-PROJECT\archive\OriginalDataset\VeryMildDemented\verymildDem1647.jpg,VeryMildDemented,1
C:\Users\HP\OneDrive\Documents\GitHub\MAJOR-PROJECT\archive\OriginalDataset\NonDemented\nonDem2478.jpg,NonDemented,0
C:\Users\HP\OneDrive\Documents\GitHub\MAJOR-PROJECT\archive\OriginalDataset\NonDemented\nonDem1142.jpg,NonDemented,0
C:\Users\HP\OneDrive\Documents\GitHub\MAJOR-PROJECT\archive\OriginalDataset\NonDemented\nonDem2101.jpg,NonDemented,0
C:\Users\HP\OneDrive\Documents\GitHub\MAJOR-PROJECT\archive\OriginalDataset\NonDemented\nonDem2172.jpg,NonDemented,0
C:\Users\HP\OneDrive\Documents\GitHub\MAJOR-PROJECT\archive\OriginalDataset\VeryMildDemented\verymildDem575.jpg,VeryMildDemented,1
C:\Users\HP\OneDrive\Documents\GitHub\MAJOR-PROJECT\archive\OriginalDataset\VeryMildDemented\27 (45).jpg,VeryMildDemented,1
C:\Users\HP\OneDrive\Documents\GitHub\MAJOR-PROJECT\archive\OriginalDataset\VeryMildDemented\verymildDem1758.jpg,VeryMildDemented,1
C:\Users\HP\OneDrive\Documents\GitHub\MAJOR-PROJECT\archive\OriginalDataset\VeryMildDemented\32 (63).jpg,VeryMildDemented,1
C:\Users\HP\OneDrive\Documents\GitHub\MAJOR-PROJECT\archive\OriginalDataset\VeryMildDemented\verymildDem964.jpg,VeryMildDemented,1
C:\Users\HP\OneDrive\Documents\GitHub\MAJOR-PROJECT\archive\OriginalDataset\VeryMildDemented\verymildDem1441.jpg,VeryMildDemented,1
C:\Users\HP\OneDrive\Documents\GitHub\MAJOR-PROJECT\archive\OriginalDataset\NonDemented\nonDem1010.jpg,NonDemented,0
C:\Users\HP\OneDrive\Documents\GitHub\MAJOR-PROJECT\archive\OriginalDataset\NonDemented\nonDem650.jpg,NonDemented,0
C:\Users\HP\OneDrive\Documents\GitHub\MAJOR-PROJECT\archive\OriginalDataset\NonDemented\nonDem870.jpg,NonDemented,0
C:\Users\HP\OneDrive\Documents\GitHub\MAJOR-PROJECT\archive\OriginalDataset\NonDemented\nonDem892.jpg,NonDemented,0
C:\Users\HP\OneDrive\Documents\GitHub\MAJOR-PROJECT\archive\OriginalDataset\VeryMildDemented\verymildDem1073.jpg,VeryMildDemented,1
C:\Users\HP\OneDrive\Documents\GitHub\MAJOR-PROJECT\archive\OriginalDataset\NonDemented\30 (51).jpg,NonDemented,0
C:\Users\HP\OneDrive\Documents\GitHub\MAJOR-PROJECT\archive\OriginalDataset\NonDemented\nonDem1733.jpg,NonDemented,0
C:\Users\HP\OneDrive\Documents\GitHub\MAJOR-PROJECT\archive\OriginalDataset\NonDemented\nonDem1751.jpg,NonDemented,0
C:\Users\HP\OneDrive\Documents\GitHub\MAJOR-PROJECT\archive\OriginalDataset\NonDemented\30 (34).jpg,NonDemented,0
C:\Users\HP\OneDrive\Documents\GitHub\MAJOR-PROJECT\archive\OriginalDataset\MildDemented\mildDem287.jpg,MildDemented,1
C:\Users\HP\OneDrive\Documents\GitHub\MAJOR-PROJECT\archive\OriginalDataset\MildDemented\mildDem312.jpg,MildDemented,1
C:\Users\HP\OneDrive\Documents\GitHub\MAJOR-PROJECT\archive\OriginalDataset\MildDemented\mildDem604.jpg,MildDemented,1
C:\Users\HP\OneDrive\Documents\GitHub\MAJOR-PROJECT\archive\OriginalDataset\VeryMildDemented\verymildDem367.jpg,VeryMildDemented,1
C:\Users\HP\OneDrive\Documents\GitHub\MAJOR-PROJECT\archive\OriginalDataset\NonDemented\28 (5).jpg,NonDemented,0
C:\Users\HP\OneDrive\Documents\GitHub\MAJOR-PROJECT\archive\OriginalDataset\NonDemented\nonDem1825.jpg,NonDemented,0
C:\Users\HP\OneDrive\Documents\GitHub\MAJOR-PROJECT\archive\OriginalDataset\NonDemented\32 (61).jpg,NonDemented,0
C:\Users\HP\OneDrive\Documents\GitHub\MAJOR-PROJECT\archive\OriginalDataset\MildDemented\mildDem577.jpg,MildDemented,1
C:\Users\HP\OneDrive\Documents\GitHub\MAJOR-PROJECT\archive\OriginalDataset\NonDemented\31 (18).jpg,NonDemented,0
C:\Users\HP\OneDrive\Documents\GitHub\MAJOR-PROJECT\archive\OriginalDataset\NonDemented\30 (82).jpg,NonDemented,0
C:\Users\HP\OneDrive\Documents\GitHub\MAJOR-PROJECT\archive\OriginalDataset\MildDemented\mildDem376.jpg,MildDemented,1
C:\Users\HP\OneDrive\Documents\GitHub\MAJOR-PROJECT\archive\OriginalDataset\NonDemented\nonDem1591.jpg,NonDemented,0
C:\Users\HP\OneDrive\Documents\GitHub\MAJOR-PROJECT\archive\OriginalDataset\VeryMildDemented\27 (55).jpg,VeryMildDemented,1
C:\Users\HP\OneDrive\Documents\GitHub\MAJOR-PROJECT\archive\OriginalDataset\VeryMildDemented\verymildDem737.jpg,VeryMildDemented,1
C:\Users\HP\OneDrive\Documents\GitHub\MAJOR-PROJECT\archive\OriginalDataset\VeryMildDemented\verymildDem1099.jpg,VeryMildDemented,1
C:\Users\HP\OneDrive\Documents\GitHub\MAJOR-PROJECT\archive\OriginalDataset\NonDemented\nonDem443.jpg,NonDemented,0
C:\Users\HP\OneDrive\Documents\GitHub\MAJOR-PROJECT\archive\OriginalDataset\NonDemented\nonDem2161.jpg,NonDemented,0
C:\Users\HP\OneDrive\Documents\GitHub\MAJOR-PROJECT\archive\OriginalDataset\NonDemented\nonDem1702.jpg,NonDemented,0
C:\Users\HP\OneDrive\Documents\GitHub\MAJOR-PROJECT\archive\OriginalDataset\VeryMildDemented\verymildDem729.jpg,VeryMildDemented,1
C:\Users\HP\OneDrive\Documents\GitHub\MAJOR-PROJECT\archive\OriginalDataset\NonDemented\nonDem625.jpg,NonDemented,0
C:\Users\HP\OneDrive\Documents\GitHub\MAJOR-PROJECT\archive\OriginalDataset\ModerateDemented\moderateDem17.jpg,ModerateDemented,1
C:\Users\HP\OneDrive\Documents\GitHub\MAJOR-PROJECT\archive\OriginalDataset\VeryMildDemented\verymildDem551.jpg,VeryMildDemented,1
C:\Users\HP\OneDrive\Documents\GitHub\MAJOR-PROJECT\archive\OriginalDataset\NonDemented\32 (31).jpg,NonDemented,0
C:\Users\HP\OneDrive\Documents\GitHub\MAJOR-PROJECT\archive\OriginalDataset\NonDemented\nonDem1243.jpg,NonDemented,0
C:\Users\HP\OneDrive\Documents\GitHub\MAJOR-PROJECT\archive\OriginalDataset\MildDemented\mildDem712.jpg,MildDemented,1
C:\Users\HP\OneDrive\Documents\GitHub\MAJOR-PROJECT\archive\OriginalDataset\MildDemented\mildDem93.jpg,MildDemented,1
C:\Users\HP\OneDrive\Documents\GitHub\MAJOR-PROJECT\archive\OriginalDataset\VeryMildDemented\verymildDem1318.jpg,VeryMildDemented,1
C:\Users\HP\OneDrive\Documents\GitHub\MAJOR-PROJECT\archive\OriginalDataset\NonDemented\nonDem201.jpg,NonDemented,0
C:\Users\HP\OneDrive\Documents\GitHub\MAJOR-PROJECT\archive\OriginalDataset\VeryMildDemented\verymildDem1616.jpg,VeryMildDemented,1
C:\Users\HP\OneDrive\Documents\GitHub\MAJOR-PROJECT\archive\OriginalDataset\NonDemented\nonDem908.jpg,NonDemented,0
C:\Users\HP\OneDrive\Documents\GitHub\MAJOR-PROJECT\archive\OriginalDataset\MildDemented\mildDem680.jpg,MildDemented,1
C:\Users\HP\OneDrive\Documents\GitHub\MAJOR-PROJECT\archive\OriginalDataset\NonDemented\nonDem1015.jpg,NonDemented,0
C:\Users\HP\OneDrive\Documents\GitHub\MAJOR-PROJECT\archive\OriginalDataset\VeryMildDemented\verymildDem1369.jpg,VeryMildDemented,1
C:\Users\HP\OneDrive\Documents\GitHub\MAJOR-PROJECT\archive\OriginalDataset\NonDemented\nonDem1586.jpg,NonDemented,0
C:\Users\HP\OneDrive\Documents\GitHub\MAJOR-PROJECT\archive\OriginalDataset\NonDemented\nonDem2448.jpg,NonDemented,0
C:\Users\HP\OneDrive\Documents\GitHub\MAJOR-PROJECT\archive\OriginalDataset\NonDemented\31 (12).jpg,NonDemented,0
C:\Users\HP\OneDrive\Documents\GitHub\MAJOR-PROJECT\archive\OriginalDataset\NonDemented\28 (19).jpg,NonDemented,0
C:\Users\HP\OneDrive\Documents\GitHub\MAJOR-PROJECT\archive\OriginalDataset\MildDemented\mildDem279.jpg,MildDemented,1
C:\Users\HP\OneDrive\Documents\GitHub\MAJOR-PROJECT\archive\OriginalDataset\NonDemented\30 (11).jpg,NonDemented,0
C:\Users\HP\OneDrive\Documents\GitHub\MAJOR-PROJECT\archive\OriginalDataset\VeryMildDemented\verymildDem893.jpg,VeryMildDemented,1
C:\Users\HP\OneDrive\Documents\GitHub\MAJOR-PROJECT\archive\OriginalDataset\NonDemented\nonDem2518.jpg,NonDemented,0
C:\Users\HP\OneDrive\Documents\GitHub\MAJOR-PROJECT\archive\OriginalDataset\VeryMildDemented\verymildDem1226.jpg,VeryMildDemented,1
C:\Users\HP\OneDrive\Documents\GitHub\MAJOR-PROJECT\archive\OriginalDataset\NonDemented\nonDem111.jpg,NonDemented,0
C:\Users\HP\OneDrive\Documents\GitHub\MAJOR-PROJECT\archive\OriginalDataset\NonDemented\28 (75).jpg,NonDemented,0
C:\Users\HP\OneDrive\Documents\GitHub\MAJOR-PROJECT\archive\OriginalDataset\VeryMildDemented\verymildDem358.jpg,VeryMildDemented,1
C:\Users\HP\OneDrive\Documents\GitHub\MAJOR-PROJECT\archive\OriginalDataset\MildDemented\mildDem179.jpg,MildDemented,1
C:\Users\HP\OneDrive\Documents\GitHub\MAJOR-PROJECT\archive\OriginalDataset\VeryMildDemented\verymildDem427.jpg,VeryMildDemented,1
C:\Users\HP\OneDrive\Documents\GitHub\MAJOR-PROJECT\archive\OriginalDataset\NonDemented\nonDem2555.jpg,NonDemented,0
C:\Users\HP\OneDrive\Documents\GitHub\MAJOR-PROJECT\archive\OriginalDataset\MildDemented\mildDem533.jpg,MildDemented,1
C:\Users\HP\OneDrive\Documents\GitHub\MAJOR-PROJECT\archive\OriginalDataset\VeryMildDemented\verymildDem1404.jpg,VeryMildDemented,1
C:\Users\HP\OneDrive\Documents\GitHub\MAJOR-PROJECT\archive\OriginalDataset\NonDemented\nonDem1214.jpg,NonDemented,0
C:\Users\HP\OneDrive\Documents\GitHub\MAJOR-PROJECT\archive\OriginalDataset\NonDemented\nonDem2155.jpg,NonDemented,0
C:\Users\HP\OneDrive\Documents\GitHub\MAJOR-PROJECT\archive\OriginalDataset\VeryMildDemented\verymildDem1128.jpg,VeryMildDemented,1
C:\Users\HP\OneDrive\Documents\GitHub\MAJOR-PROJECT\archive\OriginalDataset\NonDemented\nonDem1240.jpg,NonDemented,0
C:\Users\HP\OneDrive\Documents\GitHub\MAJOR-PROJECT\archive\OriginalDataset\NonDemented\nonDem371.jpg,NonDemented,0
C:\Users\HP\OneDrive\Documents\GitHub\MAJOR-PROJECT\archive\OriginalDataset\VeryMildDemented\verymildDem990.jpg,VeryMildDemented,1
C:\Users\HP\OneDrive\Documents\GitHub\MAJOR-PROJECT\archive\OriginalDataset\NonDemented\nonDem1291.jpg,NonDemented,0
C:\Users\HP\OneDrive\Documents\GitHub\MAJOR-PROJECT\archive\OriginalDataset\MildDemented\31 (18).jpg,MildDemented,1
C:\Users\HP\OneDrive\Documents\GitHub\MAJOR-PROJECT\archive\OriginalDataset\VeryMildDemented\verymildDem1523.jpg,VeryMildDemented,1
C:\Users\HP\OneDrive\Documents\GitHub\MAJOR-PROJECT\archive\OriginalDataset\VeryMildDemented\31 (62).jpg,VeryMildDemented,1
C:\Users\HP\OneDrive\Documents\GitHub\MAJOR-PROJECT\archive\OriginalDataset\NonDemented\nonDem95.jpg,NonDemented,0
C:\Users\HP\OneDrive\Documents\GitHub\MAJOR-PROJECT\archive\OriginalDataset\NonDemented\nonDem786.jpg,NonDemented,0
C:\Users\HP\OneDrive\Documents\GitHub\MAJOR-PROJECT\archive\OriginalDataset\VeryMildDemented\verymildDem799.jpg,VeryMildDemented,1
C:\Users\HP\OneDrive\Documents\GitHub\MAJOR-PROJECT\archive\OriginalDataset\VeryMildDemented\28 (3).jpg,VeryMildDemented,1
C:\Users\HP\OneDrive\Documents\GitHub\MAJOR-PROJECT\archive\OriginalDataset\NonDemented\nonDem1532.jpg,NonDemented,0
C:\Users\HP\OneDrive\Documents\GitHub\MAJOR-PROJECT\archive\OriginalDataset\NonDemented\nonDem1528.jpg,NonDemented,0
C:\Users\HP\OneDrive\Documents\GitHub\MAJOR-PROJECT\archive\OriginalDataset\NonDemented\nonDem2154.jpg,NonDemented,0
C:\Users\HP\OneDrive\Documents\GitHub\MAJOR-PROJECT\archive\OriginalDataset\MildDemented\mildDem277.jpg,MildDemented,1
C:\Users\HP\OneDrive\Documents\GitHub\MAJOR-PROJECT\archive\OriginalDataset\VeryMildDemented\verymildDem1319.jpg,VeryMildDemented,1
C:\Users\HP\OneDrive\Documents\GitHub\MAJOR-PROJECT\archive\OriginalDataset\NonDemented\nonDem2479.jpg,NonDemented,0
C:\Users\HP\OneDrive\Documents\GitHub\MAJOR-PROJECT\archive\OriginalDataset\NonDemented\nonDem12.jpg,NonDemented,0
C:\Users\HP\OneDrive\Documents\GitHub\MAJOR-PROJECT\archive\OriginalDataset\NonDemented\nonDem88.jpg,NonDemented,0
C:\Users\HP\OneDrive\Documents\GitHub\MAJOR-PROJECT\archive\OriginalDataset\VeryMildDemented\verymildDem589.jpg,VeryMildDemented,1
C:\Users\HP\OneDrive\Documents\GitHub\MAJOR-PROJECT\archive\OriginalDataset\VeryMildDemented\verymildDem554.jpg,VeryMildDemented,1
C:\Users\HP\OneDrive\Documents\GitHub\MAJOR-PROJECT\archive\OriginalDataset\NonDemented\nonDem777.jpg,NonDemented,0
C:\Users\HP\OneDrive\Documents\GitHub\MAJOR-PROJECT\archive\OriginalDataset\NonDemented\nonDem97.jpg,NonDemented,0
C:\Users\HP\OneDrive\Documents\GitHub\MAJOR-PROJECT\archive\OriginalDataset\NonDemented\nonDem693.jpg,NonDemented,0
C:\Users\HP\OneDrive\Documents\GitHub\MAJOR-PROJECT\archive\OriginalDataset\MildDemented\mildDem675.jpg,MildDemented,1
C:\Users\HP\OneDrive\Documents\GitHub\MAJOR-PROJECT\archive\OriginalDataset\VeryMildDemented\28 (37).jpg,VeryMildDemented,1
C:\Users\HP\OneDrive\Documents\GitHub\MAJOR-PROJECT\archive\OriginalDataset\VeryMildDemented\28 (68).jpg,VeryMildDemented,1
C:\Users\HP\OneDrive\Documents\GitHub\MAJOR-PROJECT\archive\OriginalDataset\VeryMildDemented\verymildDem303.jpg,VeryMildDemented,1
C:\Users\HP\OneDrive\Documents\GitHub\MAJOR-PROJECT\archive\OriginalDataset\NonDemented\nonDem536.jpg,NonDemented,0
C:\Users\HP\OneDrive\Documents\GitHub\MAJOR-PROJECT\archive\OriginalDataset\NonDemented\nonDem2379.jpg,NonDemented,0
C:\Users\HP\OneDrive\Documents\GitHub\MAJOR-PROJECT\archive\OriginalDataset\VeryMildDemented\30 (39).jpg,VeryMildDemented,1
C:\Users\HP\OneDrive\Documents\GitHub\MAJOR-PROJECT\archive\OriginalDataset\MildDemented\mildDem189.jpg,MildDemented,1
C:\Users\HP\OneDrive\Documents\GitHub\MAJOR-PROJECT\archive\OriginalDataset\VeryMildDemented\verymildDem934.jpg,VeryMildDemented,1
C:\Users\HP\OneDrive\Documents\GitHub\MAJOR-PROJECT\archive\OriginalDataset\NonDemented\nonDem518.jpg,NonDemented,0
C:\Users\HP\OneDrive\Documents\GitHub\MAJOR-PROJECT\archive\OriginalDataset\VeryMildDemented\verymildDem1083.jpg,VeryMildDemented,1
C:\Users\HP\OneDrive\Documents\GitHub\MAJOR-PROJECT\archive\OriginalDataset\NonDemented\nonDem1225.jpg,NonDemented,0
C:\Users\HP\OneDrive\Documents\GitHub\MAJOR-PROJECT\archive\OriginalDataset\VeryMildDemented\32 (23).jpg,VeryMildDemented,1
C:\Users\HP\OneDrive\Documents\GitHub\MAJOR-PROJECT\archive\OriginalDataset\VeryMildDemented\verymildDem1654.jpg,VeryMildDemented,1
C:\Users\HP\OneDrive\Documents\GitHub\MAJOR-PROJECT\archive\OriginalDataset\VeryMildDemented\verymildDem243.jpg,VeryMildDemented,1
C:\Users\HP\OneDrive\Documents\GitHub\MAJOR-PROJECT\archive\OriginalDataset\NonDemented\nonDem1672.jpg,NonDemented,0
C:\Users\HP\OneDrive\Documents\GitHub\MAJOR-PROJECT\archive\OriginalDataset\NonDemented\nonDem1922.jpg,NonDemented,0
C:\Users\HP\OneDrive\Documents\GitHub\MAJOR-PROJECT\archive\OriginalDataset\NonDemented\27 (42).jpg,NonDemented,0
C:\Users\HP\OneDrive\Documents\GitHub\MAJOR-PROJECT\archive\OriginalDataset\VeryMildDemented\verymildDem595.jpg,VeryMildDemented,1
C:\Users\HP\OneDrive\Documents\GitHub\MAJOR-PROJECT\archive\OriginalDataset\VeryMildDemented\verymildDem645.jpg,VeryMildDemented,1
C:\Users\HP\OneDrive\Documents\GitHub\MAJOR-PROJECT\archive\OriginalDataset\NonDemented\nonDem860.jpg,NonDemented,0
C:\Users\HP\OneDrive\Documents\GitHub\MAJOR-PROJECT\archive\OriginalDataset\NonDemented\nonDem2273.jpg,NonDemented,0
C:\Users\HP\OneDrive\Documents\GitHub\MAJOR-PROJECT\archive\OriginalDataset\NonDemented\nonDem219.jpg,NonDemented,0
C:\Users\HP\OneDrive\Documents\GitHub\MAJOR-PROJECT\archive\OriginalDataset\NonDemented\nonDem672.jpg,NonDemented,0
C:\Users\HP\OneDrive\Documents\GitHub\MAJOR-PROJECT\archive\OriginalDataset\NonDemented\26 (84).jpg,NonDemented,0
C:\Users\HP\OneDrive\Documents\GitHub\MAJOR-PROJECT\archive\OriginalDataset\NonDemented\29 (33).jpg,NonDemented,0
C:\Users\HP\OneDrive\Documents\GitHub\MAJOR-PROJECT\archive\OriginalDataset\VeryMildDemented\30 (53).jpg,VeryMildDemented,1
C:\Users\HP\OneDrive\Documents\GitHub\MAJOR-PROJECT\archive\OriginalDataset\NonDemented\nonDem533.jpg,NonDemented,0
C:\Users\HP\OneDrive\Documents\GitHub\MAJOR-PROJECT\archive\OriginalDataset\NonDemented\nonDem535.jpg,NonDemented,0
C:\Users\HP\OneDrive\Documents\GitHub\MAJOR-PROJECT\archive\OriginalDataset\NonDemented\nonDem2164.jpg,NonDemented,0
C:\Users\HP\OneDrive\Documents\GitHub\MAJOR-PROJECT\archive\OriginalDataset\NonDemented\nonDem1531.jpg,NonDemented,0
C:\Users\HP\OneDrive\Documents\GitHub\MAJOR-PROJECT\archive\OriginalDataset\NonDemented\nonDem1746.jpg,NonDemented,0
C:\Users\HP\OneDrive\Documents\GitHub\MAJOR-PROJECT\archive\OriginalDataset\VeryMildDemented\verymildDem936.jpg,VeryMildDemented,1
C:\Users\HP\OneDrive\Documents\GitHub\MAJOR-PROJECT\archive\OriginalDataset\NonDemented\32 (82).jpg,NonDemented,0
C:\Users\HP\OneDrive\Documents\GitHub\MAJOR-PROJECT\archive\OriginalDataset\VeryMildDemented\32 (54).jpg,VeryMildDemented,1
C:\Users\HP\OneDrive\Documents\GitHub\MAJOR-PROJECT\archive\OriginalDataset\NonDemented\nonDem1129.jpg,NonDemented,0
C:\Users\HP\OneDrive\Documents\GitHub\MAJOR-PROJECT\archive\OriginalDataset\NonDemented\nonDem1610.jpg,NonDemented,0
C:\Users\HP\OneDrive\Documents\GitHub\MAJOR-PROJECT\archive\OriginalDataset\NonDemented\27 (22).jpg,NonDemented,0
C:\Users\HP\OneDrive\Documents\GitHub\MAJOR-PROJECT\archive\OriginalDataset\VeryMildDemented\verymildDem644.jpg,VeryMildDemented,1
C:\Users\HP\OneDrive\Documents\GitHub\MAJOR-PROJECT\archive\OriginalDataset\VeryMildDemented\verymildDem1664.jpg,VeryMildDemented,1
C:\Users\HP\OneDrive\Documents\GitHub\MAJOR-PROJECT\archive\OriginalDataset\VeryMildDemented\27 (40).jpg,VeryMildDemented,1
C:\Users\HP\OneDrive\Documents\GitHub\MAJOR-PROJECT\archive\OriginalDataset\VeryMildDemented\verymildDem1038.jpg,VeryMildDemented,1
C:\Users\HP\OneDrive\Documents\GitHub\MAJOR-PROJECT\archive\OriginalDataset\VeryMildDemented\verymildDem1111.jpg,VeryMildDemented,1
C:\Users\HP\OneDrive\Documents\GitHub\MAJOR-PROJECT\archive\OriginalDataset\MildDemented\mildDem184.jpg,MildDemented,1
C:\Users\HP\OneDrive\Documents\GitHub\MAJOR-PROJECT\archive\OriginalDataset\NonDemented\30 (47).jpg,NonDemented,0
C:\Users\HP\OneDrive\Documents\GitHub\MAJOR-PROJECT\archive\OriginalDataset\NonDemented\nonDem161.jpg,NonDemented,0
C:\Users\HP\OneDrive\Documents\GitHub\MAJOR-PROJECT\archive\OriginalDataset\NonDemented\29 (59).jpg,NonDemented,0
C:\Users\HP\OneDrive\Documents\GitHub\MAJOR-PROJECT\archive\OriginalDataset\NonDemented\29 (6).jpg,NonDemented,0
C:\Users\HP\OneDrive\Documents\GitHub\MAJOR-PROJECT\archive\OriginalDataset\NonDemented\nonDem477.jpg,NonDemented,0
C:\Users\HP\OneDrive\Documents\GitHub\MAJOR-PROJECT\archive\OriginalDataset\NonDemented\nonDem899.jpg,NonDemented,0
C:\Users\HP\OneDrive\Documents\GitHub\MAJOR-PROJECT\archive\OriginalDataset\NonDemented\nonDem2279.jpg,NonDemented,0
C:\Users\HP\OneDrive\Documents\GitHub\MAJOR-PROJECT\archive\OriginalDataset\MildDemented\mildDem275.jpg,MildDemented,1
C:\Users\HP\OneDrive\Documents\GitHub\MAJOR-PROJECT\archive\OriginalDataset\NonDemented\nonDem1309.jpg,NonDemented,0
C:\Users\HP\OneDrive\Documents\GitHub\MAJOR-PROJECT\archive\OriginalDataset\VeryMildDemented\32 (6).jpg,VeryMildDemented,1
C:\Users\HP\OneDrive\Documents\GitHub\MAJOR-PROJECT\archive\OriginalDataset\NonDemented\nonDem295.jpg,NonDemented,0
C:\Users\HP\OneDrive\Documents\GitHub\MAJOR-PROJECT\archive\OriginalDataset\VeryMildDemented\verymildDem841.jpg,VeryMildDemented,1
C:\Users\HP\OneDrive\Documents\GitHub\MAJOR-PROJECT\archive\OriginalDataset\NonDemented\nonDem249.jpg,NonDemented,0
C:\Users\HP\OneDrive\Documents\GitHub\MAJOR-PROJECT\archive\OriginalDataset\NonDemented\31 (22).jpg,NonDemented,0
C:\Users\HP\OneDrive\Documents\GitHub\MAJOR-PROJECT\archive\OriginalDataset\NonDemented\nonDem1134.jpg,NonDemented,0
C:\Users\HP\OneDrive\Documents\GitHub\MAJOR-PROJECT\archive\OriginalDataset\MildDemented\mildDem415.jpg,MildDemented,1
C:\Users\HP\OneDrive\Documents\GitHub\MAJOR-PROJECT\archive\OriginalDataset\VeryMildDemented\31 (69).jpg,VeryMildDemented,1
C:\Users\HP\OneDrive\Documents\GitHub\MAJOR-PROJECT\archive\OriginalDataset\NonDemented\nonDem750.jpg,NonDemented,0
C:\Users\HP\OneDrive\Documents\GitHub\MAJOR-PROJECT\archive\OriginalDataset\VeryMildDemented\27 (56).jpg,VeryMildDemented,1
C:\Users\HP\OneDrive\Documents\GitHub\MAJOR-PROJECT\archive\OriginalDataset\NonDemented\nonDem56.jpg,NonDemented,0
C:\Users\HP\OneDrive\Documents\GitHub\MAJOR-PROJECT\archive\OriginalDataset\VeryMildDemented\verymildDem370.jpg,VeryMildDemented,1
C:\Users\HP\OneDrive\Documents\GitHub\MAJOR-PROJECT\archive\OriginalDataset\VeryMildDemented\verymildDem851.jpg,VeryMildDemented,1
C:\Users\HP\OneDrive\Documents\GitHub\MAJOR-PROJECT\archive\OriginalDataset\VeryMildDemented\verymildDem1288.jpg,VeryMildDemented,1
C:\Users\HP\OneDrive\Documents\GitHub\MAJOR-PROJECT\archive\OriginalDataset\NonDemented\nonDem345.jpg,NonDemented,0
C:\Users\HP\OneDrive\Documents\GitHub\MAJOR-PROJECT\archive\OriginalDataset\NonDemented\nonDem814.jpg,NonDemented,0
C:\Users\HP\OneDrive\Documents\GitHub\MAJOR-PROJECT\archive\OriginalDataset\NonDemented\nonDem1341.jpg,NonDemented,0
C:\Users\HP\OneDrive\Documents\GitHub\MAJOR-PROJECT\archive\OriginalDataset\MildDemented\mildDem605.jpg,MildDemented,1
C:\Users\HP\OneDrive\Documents\GitHub\MAJOR-PROJECT\archive\OriginalDataset\VeryMildDemented\verymildDem1451.jpg,VeryMildDemented,1
C:\Users\HP\OneDrive\Documents\GitHub\MAJOR-PROJECT\archive\OriginalDataset\MildDemented\mildDem627.jpg,MildDemented,1
C:\Users\HP\OneDrive\Documents\GitHub\MAJOR-PROJECT\archive\OriginalDataset\VeryMildDemented\30 (18).jpg,VeryMildDemented,1
C:\Users\HP\OneDrive\Documents\GitHub\MAJOR-PROJECT\archive\OriginalDataset\VeryMildDemented\verymildDem26.jpg,VeryMildDemented,1
C:\Users\HP\OneDrive\Documents\GitHub\MAJOR-PROJECT\archive\OriginalDataset\VeryMildDemented\verymildDem1171.jpg,VeryMildDemented,1
C:\Users\HP\OneDrive\Documents\GitHub\MAJOR-PROJECT\archive\OriginalDataset\NonDemented\nonDem1693.jpg,NonDemented,0
C:\Users\HP\OneDrive\Documents\GitHub\MAJOR-PROJECT\archive\OriginalDataset\VeryMildDemented\27 (50).jpg,VeryMildDemented,1
C:\Users\HP\OneDrive\Documents\GitHub\MAJOR-PROJECT\archive\OriginalDataset\NonDemented\nonDem1620.jpg,NonDemented,0
C:\Users\HP\OneDrive\Documents\GitHub\MAJOR-PROJECT\archive\OriginalDataset\NonDemented\nonDem485.jpg,NonDemented,0
C:\Users\HP\OneDrive\Documents\GitHub\MAJOR-PROJECT\archive\OriginalDataset\NonDemented\nonDem1674.jpg,NonDemented,0
C:\Users\HP\OneDrive\Documents\GitHub\MAJOR-PROJECT\archive\OriginalDataset\VeryMildDemented\verymildDem1513.jpg,VeryMildDemented,1
C:\Users\HP\OneDrive\Documents\GitHub\MAJOR-PROJECT\archive\OriginalDataset\VeryMildDemented\verymildDem612.jpg,VeryMildDemented,1
C:\Users\HP\OneDrive\Documents\GitHub\MAJOR-PROJECT\archive\OriginalDataset\NonDemented\nonDem1794.jpg,NonDemented,0
C:\Users\HP\OneDrive\Documents\GitHub\MAJOR-PROJECT\archive\OriginalDataset\VeryMildDemented\verymildDem814.jpg,VeryMildDemented,1
C:\Users\HP\OneDrive\Documents\GitHub\MAJOR-PROJECT\archive\OriginalDataset\NonDemented\nonDem191.jpg,NonDemented,0
C:\Users\HP\OneDrive\Documents\GitHub\MAJOR-PROJECT\archive\OriginalDataset\NonDemented\nonDem1556.jpg,NonDemented,0
C:\Users\HP\OneDrive\Documents\GitHub\MAJOR-PROJECT\archive\OriginalDataset\NonDemented\28 (82).jpg,NonDemented,0
C:\Users\HP\OneDrive\Documents\GitHub\MAJOR-PROJECT\archive\OriginalDataset\MildDemented\29 (7).jpg,MildDemented,1
C:\Users\HP\OneDrive\Documents\GitHub\MAJOR-PROJECT\archive\OriginalDataset\VeryMildDemented\verymildDem1107.jpg,VeryMildDemented,1
C:\Users\HP\OneDrive\Documents\GitHub\MAJOR-PROJECT\archive\OriginalDataset\NonDemented\nonDem2428.jpg,NonDemented,0
C:\Users\HP\OneDrive\Documents\GitHub\MAJOR-PROJECT\archive\OriginalDataset\VeryMildDemented\verymildDem346.jpg,VeryMildDemented,1
C:\Users\HP\OneDrive\Documents\GitHub\MAJOR-PROJECT\archive\OriginalDataset\VeryMildDemented\verymildDem309.jpg,VeryMildDemented,1
C:\Users\HP\OneDrive\Documents\GitHub\MAJOR-PROJECT\archive\OriginalDataset\NonDemented\nonDem118.jpg,NonDemented,0
C:\Users\HP\OneDrive\Documents\GitHub\MAJOR-PROJECT\archive\OriginalDataset\VeryMildDemented\verymildDem1316.jpg,VeryMildDemented,1
C:\Users\HP\OneDrive\Documents\GitHub\MAJOR-PROJECT\archive\OriginalDataset\NonDemented\28 (91).jpg,NonDemented,0
C:\Users\HP\OneDrive\Documents\GitHub\MAJOR-PROJECT\archive\OriginalDataset\MildDemented\mildDem450.jpg,MildDemented,1
C:\Users\HP\OneDrive\Documents\GitHub\MAJOR-PROJECT\archive\OriginalDataset\VeryMildDemented\verymildDem1751.jpg,VeryMildDemented,1
C:\Users\HP\OneDrive\Documents\GitHub\MAJOR-PROJECT\archive\OriginalDataset\MildDemented\mildDem272.jpg,MildDemented,1
C:\Users\HP\OneDrive\Documents\GitHub\MAJOR-PROJECT\archive\OriginalDataset\NonDemented\nonDem289.jpg,NonDemented,0
C:\Users\HP\OneDrive\Documents\GitHub\MAJOR-PROJECT\archive\OriginalDataset\MildDemented\27.jpg,MildDemented,1
C:\Users\HP\OneDrive\Documents\GitHub\MAJOR-PROJECT\archive\OriginalDataset\NonDemented\nonDem1392.jpg,NonDemented,0
C:\Users\HP\OneDrive\Documents\GitHub\MAJOR-PROJECT\archive\OriginalDataset\NonDemented\29 (55).jpg,NonDemented,0
C:\Users\HP\OneDrive\Documents\GitHub\MAJOR-PROJECT\archive\OriginalDataset\NonDemented\nonDem317.jpg,NonDemented,0
C:\Users\HP\OneDrive\Documents\GitHub\MAJOR-PROJECT\archive\OriginalDataset\NonDemented\nonDem374.jpg,NonDemented,0
C:\Users\HP\OneDrive\Documents\GitHub\MAJOR-PROJECT\archive\OriginalDataset\ModerateDemented\moderateDem25.jpg,ModerateDemented,1
C:\Users\HP\OneDrive\Documents\GitHub\MAJOR-PROJECT\archive\OriginalDataset\NonDemented\32 (55).jpg,NonDemented,0
C:\Users\HP\OneDrive\Documents\GitHub\MAJOR-PROJECT\archive\OriginalDataset\VeryMildDemented\verymildDem832.jpg,VeryMildDemented,1
C:\Users\HP\OneDrive\Documents\GitHub\MAJOR-PROJECT\archive\OriginalDataset\NonDemented\27 (46).jpg,NonDemented,0
C:\Users\HP\OneDrive\Documents\GitHub\MAJOR-PROJECT\archive\OriginalDataset\NonDemented\nonDem1408.jpg,NonDemented,0
C:\Users\HP\OneDrive\Documents\GitHub\MAJOR-PROJECT\archive\OriginalDataset\VeryMildDemented\29 (52).jpg,VeryMildDemented,1
C:\Users\HP\OneDrive\Documents\GitHub\MAJOR-PROJECT\archive\OriginalDataset\NonDemented\nonDem1316.jpg,NonDemented,0
C:\Users\HP\OneDrive\Documents\GitHub\MAJOR-PROJECT\archive\OriginalDataset\MildDemented\mildDem666.jpg,MildDemented,1
C:\Users\HP\OneDrive\Documents\GitHub\MAJOR-PROJECT\archive\OriginalDataset\NonDemented\nonDem1888.jpg,NonDemented,0
C:\Users\HP\OneDrive\Documents\GitHub\MAJOR-PROJECT\archive\OriginalDataset\VeryMildDemented\verymildDem198.jpg,VeryMildDemented,1
C:\Users\HP\OneDrive\Documents\GitHub\MAJOR-PROJECT\archive\OriginalDataset\NonDemented\nonDem1112.jpg,NonDemented,0
C:\Users\HP\OneDrive\Documents\GitHub\MAJOR-PROJECT\archive\OriginalDataset\VeryMildDemented\verymildDem1241.jpg,VeryMildDemented,1
C:\Users\HP\OneDrive\Documents\GitHub\MAJOR-PROJECT\archive\OriginalDataset\NonDemented\nonDem997.jpg,NonDemented,0
C:\Users\HP\OneDrive\Documents\GitHub\MAJOR-PROJECT\archive\OriginalDataset\MildDemented\mildDem43.jpg,MildDemented,1
C:\Users\HP\OneDrive\Documents\GitHub\MAJOR-PROJECT\archive\OriginalDataset\NonDemented\nonDem2236.jpg,NonDemented,0
C:\Users\HP\OneDrive\Documents\GitHub\MAJOR-PROJECT\archive\OriginalDataset\NonDemented\nonDem1749.jpg,NonDemented,0
C:\Users\HP\OneDrive\Documents\GitHub\MAJOR-PROJECT\archive\OriginalDataset\VeryMildDemented\verymildDem1132.jpg,VeryMildDemented,1
C:\Users\HP\OneDrive\Documents\GitHub\MAJOR-PROJECT\archive\OriginalDataset\NonDemented\nonDem1565.jpg,NonDemented,0
C:\Users\HP\OneDrive\Documents\GitHub\MAJOR-PROJECT\archive\OriginalDataset\VeryMildDemented\verymildDem607.jpg,VeryMildDemented,1
C:\Users\HP\OneDrive\Documents\GitHub\MAJOR-PROJECT\archive\OriginalDataset\NonDemented\nonDem714.jpg,NonDemented,0
C:\Users\HP\OneDrive\Documents\GitHub\MAJOR-PROJECT\archive\OriginalDataset\MildDemented\mildDem631.jpg,MildDemented,1
C:\Users\HP\OneDrive\Documents\GitHub\MAJOR-PROJECT\archive\OriginalDataset\NonDemented\nonDem1491.jpg,NonDemented,0
C:\Users\HP\OneDrive\Documents\GitHub\MAJOR-PROJECT\archive\OriginalDataset\NonDemented\nonDem1861.jpg,NonDemented,0
C:\Users\HP\OneDrive\Documents\GitHub\MAJOR-PROJECT\archive\OriginalDataset\VeryMildDemented\verymildDem995.jpg,VeryMildDemented,1
C:\Users\HP\OneDrive\Documents\GitHub\MAJOR-PROJECT\archive\OriginalDataset\NonDemented\26 (87).jpg,NonDemented,0
C:\Users\HP\OneDrive\Documents\GitHub\MAJOR-PROJECT\archive\OriginalDataset\NonDemented\nonDem1832.jpg,NonDemented,0
C:\Users\HP\OneDrive\Documents\GitHub\MAJOR-PROJECT\archive\OriginalDataset\VeryMildDemented\31 (27).jpg,VeryMildDemented,1
C:\Users\HP\OneDrive\Documents\GitHub\MAJOR-PROJECT\archive\OriginalDataset\MildDemented\mildDem156.jpg,MildDemented,1
C:\Users\HP\OneDrive\Documents\GitHub\MAJOR-PROJECT\archive\OriginalDataset\NonDemented\nonDem1269.jpg,NonDemented,0
C:\Users\HP\OneDrive\Documents\GitHub\MAJOR-PROJECT\archive\OriginalDataset\NonDemented\nonDem1846.jpg,NonDemented,0
C:\Users\HP\OneDrive\Documents\GitHub\MAJOR-PROJECT\archive\OriginalDataset\NonDemented\27 (100).jpg,NonDemented,0
C:\Users\HP\OneDrive\Documents\GitHub\MAJOR-PROJECT\archive\OriginalDataset\NonDemented\nonDem861.jpg,NonDemented,0
C:\Users\HP\OneDrive\Documents\GitHub\MAJOR-PROJECT\archive\OriginalDataset\VeryMildDemented\verymildDem1279.jpg,VeryMildDemented,1
C:\Users\HP\OneDrive\Documents\GitHub\MAJOR-PROJECT\archive\OriginalDataset\NonDemented\nonDem844.jpg,NonDemented,0
C:\Users\HP\OneDrive\Documents\GitHub\MAJOR-PROJECT\archive\OriginalDataset\NonDemented\nonDem503.jpg,NonDemented,0
C:\Users\HP\OneDrive\Documents\GitHub\MAJOR-PROJECT\archive\OriginalDataset\NonDemented\nonDem1334.jpg,NonDemented,0
C:\Users\HP\OneDrive\Documents\GitHub\MAJOR-PROJECT\archive\OriginalDataset\NonDemented\30 (21).jpg,NonDemented,0
C:\Users\HP\OneDrive\Documents\GitHub\MAJOR-PROJECT\archive\OriginalDataset\NonDemented\32 (69).jpg,NonDemented,0
C:\Users\HP\OneDrive\Documents\GitHub\MAJOR-PROJECT\archive\OriginalDataset\VeryMildDemented\32 (29).jpg,VeryMildDemented,1
C:\Users\HP\OneDrive\Documents\GitHub\MAJOR-PROJECT\archive\OriginalDataset\MildDemented\mildDem228.jpg,MildDemented,1
C:\Users\HP\OneDrive\Documents\GitHub\MAJOR-PROJECT\archive\OriginalDataset\NonDemented\nonDem869.jpg,NonDemented,0
C:\Users\HP\OneDrive\Documents\GitHub\MAJOR-PROJECT\archive\OriginalDataset\MildDemented\mildDem353.jpg,MildDemented,1
C:\Users\HP\OneDrive\Documents\GitHub\MAJOR-PROJECT\archive\OriginalDataset\NonDemented\nonDem2069.jpg,NonDemented,0
C:\Users\HP\OneDrive\Documents\GitHub\MAJOR-PROJECT\archive\OriginalDataset\VeryMildDemented\30 (69).jpg,VeryMildDemented,1
C:\Users\HP\OneDrive\Documents\GitHub\MAJOR-PROJECT\archive\OriginalDataset\VeryMildDemented\verymildDem45.jpg,VeryMildDemented,1
C:\Users\HP\OneDrive\Documents\GitHub\MAJOR-PROJECT\archive\OriginalDataset\NonDemented\nonDem1423.jpg,NonDemented,0
C:\Users\HP\OneDrive\Documents\GitHub\MAJOR-PROJECT\archive\OriginalDataset\MildDemented\mildDem373.jpg,MildDemented,1
C:\Users\HP\OneDrive\Documents\GitHub\MAJOR-PROJECT\archive\OriginalDataset\NonDemented\nonDem1163.jpg,NonDemented,0
C:\Users\HP\OneDrive\Documents\GitHub\MAJOR-PROJECT\archive\OriginalDataset\NonDemented\nonDem1263.jpg,NonDemented,0
C:\Users\HP\OneDrive\Documents\GitHub\MAJOR-PROJECT\archive\OriginalDataset\NonDemented\nonDem1767.jpg,NonDemented,0
C:\Users\HP\OneDrive\Documents\GitHub\MAJOR-PROJECT\archive\OriginalDataset\NonDemented\nonDem1125.jpg,NonDemented,0
C:\Users\HP\OneDrive\Documents\GitHub\MAJOR-PROJECT\archive\OriginalDataset\NonDemented\nonDem1492.jpg,NonDemented,0
C:\Users\HP\OneDrive\Documents\GitHub\MAJOR-PROJECT\archive\OriginalDataset\MildDemented\mildDem685.jpg,MildDemented,1
C:\Users\HP\OneDrive\Documents\GitHub\MAJOR-PROJECT\archive\OriginalDataset\VeryMildDemented\verymildDem1428.jpg,VeryMildDemented,1
C:\Users\HP\OneDrive\Documents\GitHub\MAJOR-PROJECT\archive\OriginalDataset\NonDemented\nonDem2005.jpg,NonDemented,0
C:\Users\HP\OneDrive\Documents\GitHub\MAJOR-PROJECT\archive\OriginalDataset\MildDemented\mildDem40.jpg,MildDemented,1
C:\Users\HP\OneDrive\Documents\GitHub\MAJOR-PROJECT\archive\OriginalDataset\VeryMildDemented\verymildDem1255.jpg,VeryMildDemented,1
C:\Users\HP\OneDrive\Documents\GitHub\MAJOR-PROJECT\archive\OriginalDataset\NonDemented\29 (2).jpg,NonDemented,0
C:\Users\HP\OneDrive\Documents\GitHub\MAJOR-PROJECT\archive\OriginalDataset\VeryMildDemented\verymildDem1309.jpg,VeryMildDemented,1
C:\Users\HP\OneDrive\Documents\GitHub\MAJOR-PROJECT\archive\OriginalDataset\NonDemented\nonDem2008.jpg,NonDemented,0
C:\Users\HP\OneDrive\Documents\GitHub\MAJOR-PROJECT\archive\OriginalDataset\VeryMildDemented\verymildDem228.jpg,VeryMildDemented,1
C:\Users\HP\OneDrive\Documents\GitHub\MAJOR-PROJECT\archive\OriginalDataset\VeryMildDemented\29 (5).jpg,VeryMildDemented,1
C:\Users\HP\OneDrive\Documents\GitHub\MAJOR-PROJECT\archive\OriginalDataset\NonDemented\nonDem733.jpg,NonDemented,0
C:\Users\HP\OneDrive\Documents\GitHub\MAJOR-PROJECT\archive\OriginalDataset\MildDemented\mildDem131.jpg,MildDemented,1
C:\Users\HP\OneDrive\Documents\GitHub\MAJOR-PROJECT\archive\OriginalDataset\VeryMildDemented\verymildDem1106.jpg,VeryMildDemented,1
C:\Users\HP\OneDrive\Documents\GitHub\MAJOR-PROJECT\archive\OriginalDataset\ModerateDemented\31 (2).jpg,ModerateDemented,1
C:\Users\HP\OneDrive\Documents\GitHub\MAJOR-PROJECT\archive\OriginalDataset\NonDemented\26 (67).jpg,NonDemented,0
C:\Users\HP\OneDrive\Documents\GitHub\MAJOR-PROJECT\archive\OriginalDataset\VeryMildDemented\verymildDem1169.jpg,VeryMildDemented,1
C:\Users\HP\OneDrive\Documents\GitHub\MAJOR-PROJECT\archive\OriginalDataset\NonDemented\nonDem839.jpg,NonDemented,0
C:\Users\HP\OneDrive\Documents\GitHub\MAJOR-PROJECT\archive\OriginalDataset\NonDemented\nonDem2192.jpg,NonDemented,0
C:\Users\HP\OneDrive\Documents\GitHub\MAJOR-PROJECT\archive\OriginalDataset\NonDemented\27 (74).jpg,NonDemented,0
C:\Users\HP\OneDrive\Documents\GitHub\MAJOR-PROJECT\archive\OriginalDataset\VeryMildDemented\26 (67).jpg,VeryMildDemented,1
C:\Users\HP\OneDrive\Documents\GitHub\MAJOR-PROJECT\archive\OriginalDataset\VeryMildDemented\verymildDem1479.jpg,VeryMildDemented,1
C:\Users\HP\OneDrive\Documents\GitHub\MAJOR-PROJECT\archive\OriginalDataset\NonDemented\nonDem630.jpg,NonDemented,0
C:\Users\HP\OneDrive\Documents\GitHub\MAJOR-PROJECT\archive\OriginalDataset\VeryMildDemented\29 (8).jpg,VeryMildDemented,1
C:\Users\HP\OneDrive\Documents\GitHub\MAJOR-PROJECT\archive\OriginalDataset\MildDemented\mildDem414.jpg,MildDemented,1
C:\Users\HP\OneDrive\Documents\GitHub\MAJOR-PROJECT\archive\OriginalDataset\NonDemented\nonDem1675.jpg,NonDemented,0
C:\Users\HP\OneDrive\Documents\GitHub\MAJOR-PROJECT\archive\OriginalDataset\NonDemented\nonDem422.jpg,NonDemented,0
C:\Users\HP\OneDrive\Documents\GitHub\MAJOR-PROJECT\archive\OriginalDataset\NonDemented\nonDem2529.jpg,NonDemented,0
C:\Users\HP\OneDrive\Documents\GitHub\MAJOR-PROJECT\archive\OriginalDataset\NonDemented\nonDem1185.jpg,NonDemented,0
C:\Users\HP\OneDrive\Documents\GitHub\MAJOR-PROJECT\archive\OriginalDataset\NonDemented\nonDem375.jpg,NonDemented,0
C:\Users\HP\OneDrive\Documents\GitHub\MAJOR-PROJECT\archive\OriginalDataset\NonDemented\nonDem992.jpg,NonDemented,0
C:\Users\HP\OneDrive\Documents\GitHub\MAJOR-PROJECT\archive\OriginalDataset\VeryMildDemented\verymildDem160.jpg,VeryMildDemented,1
C:\Users\HP\OneDrive\Documents\GitHub\MAJOR-PROJECT\archive\OriginalDataset\NonDemented\nonDem2327.jpg,NonDemented,0
C:\Users\HP\OneDrive\Documents\GitHub\MAJOR-PROJECT\archive\OriginalDataset\MildDemented\mildDem641.jpg,MildDemented,1
C:\Users\HP\OneDrive\Documents\GitHub\MAJOR-PROJECT\archive\OriginalDataset\MildDemented\27 (3).jpg,MildDemented,1
C:\Users\HP\OneDrive\Documents\GitHub\MAJOR-PROJECT\archive\OriginalDataset\NonDemented\nonDem2168.jpg,NonDemented,0
C:\Users\HP\OneDrive\Documents\GitHub\MAJOR-PROJECT\archive\OriginalDataset\NonDemented\nonDem1496.jpg,NonDemented,0
C:\Users\HP\OneDrive\Documents\GitHub\MAJOR-PROJECT\archive\OriginalDataset\NonDemented\nonDem967.jpg,NonDemented,0
C:\Users\HP\OneDrive\Documents\GitHub\MAJOR-PROJECT\archive\OriginalDataset\VeryMildDemented\verymildDem728.jpg,VeryMildDemented,1
C:\Users\HP\OneDrive\Documents\GitHub\MAJOR-PROJECT\archive\OriginalDataset\VeryMildDemented\32 (32).jpg,VeryMildDemented,1
C:\Users\HP\OneDrive\Documents\GitHub\MAJOR-PROJECT\archive\OriginalDataset\NonDemented\27 (47).jpg,NonDemented,0
C:\Users\HP\OneDrive\Documents\GitHub\MAJOR-PROJECT\archive\OriginalDataset\NonDemented\nonDem1811.jpg,NonDemented,0
C:\Users\HP\OneDrive\Documents\GitHub\MAJOR-PROJECT\archive\OriginalDataset\NonDemented\nonDem53.jpg,NonDemented,0
C:\Users\HP\OneDrive\Documents\GitHub\MAJOR-PROJECT\archive\OriginalDataset\VeryMildDemented\verymildDem1166.jpg,VeryMildDemented,1
C:\Users\HP\OneDrive\Documents\GitHub\MAJOR-PROJECT\archive\OriginalDataset\VeryMildDemented\verymildDem29.jpg,VeryMildDemented,1
C:\Users\HP\OneDrive\Documents\GitHub\MAJOR-PROJECT\archive\OriginalDataset\VeryMildDemented\32 (4).jpg,VeryMildDemented,1
C:\Users\HP\OneDrive\Documents\GitHub\MAJOR-PROJECT\archive\OriginalDataset\MildDemented\mildDem322.jpg,MildDemented,1
C:\Users\HP\OneDrive\Documents\GitHub\MAJOR-PROJECT\archive\OriginalDataset\VeryMildDemented\verymildDem1030.jpg,VeryMildDemented,1
C:\Users\HP\OneDrive\Documents\GitHub\MAJOR-PROJECT\archive\OriginalDataset\NonDemented\nonDem867.jpg,NonDemented,0
C:\Users\HP\OneDrive\Documents\GitHub\MAJOR-PROJECT\archive\OriginalDataset\NonDemented\nonDem1064.jpg,NonDemented,0
C:\Users\HP\OneDrive\Documents\GitHub\MAJOR-PROJECT\archive\OriginalDataset\VeryMildDemented\verymildDem1133.jpg,VeryMildDemented,1
C:\Users\HP\OneDrive\Documents\GitHub\MAJOR-PROJECT\archive\OriginalDataset\VeryMildDemented\verymildDem1690.jpg,VeryMildDemented,1
C:\Users\HP\OneDrive\Documents\GitHub\MAJOR-PROJECT\archive\OriginalDataset\VeryMildDemented\28 (30).jpg,VeryMildDemented,1
C:\Users\HP\OneDrive\Documents\GitHub\MAJOR-PROJECT\archive\OriginalDataset\NonDemented\nonDem984.jpg,NonDemented,0
C:\Users\HP\OneDrive\Documents\GitHub\MAJOR-PROJECT\archive\OriginalDataset\NonDemented\nonDem1873.jpg,NonDemented,0
C:\Users\HP\OneDrive\Documents\GitHub\MAJOR-PROJECT\archive\OriginalDataset\MildDemented\mildDem596.jpg,MildDemented,1
C:\Users\HP\OneDrive\Documents\GitHub\MAJOR-PROJECT\archive\OriginalDataset\VeryMildDemented\verymildDem456.jpg,VeryMildDemented,1
C:\Users\HP\OneDrive\Documents\GitHub\MAJOR-PROJECT\archive\OriginalDataset\NonDemented\nonDem313.jpg,NonDemented,0
C:\Users\HP\OneDrive\Documents\GitHub\MAJOR-PROJECT\archive\OriginalDataset\VeryMildDemented\verymildDem711.jpg,VeryMildDemented,1
C:\Users\HP\OneDrive\Documents\GitHub\MAJOR-PROJECT\archive\OriginalDataset\VeryMildDemented\30 (58).jpg,VeryMildDemented,1
C:\Users\HP\OneDrive\Documents\GitHub\MAJOR-PROJECT\archive\OriginalDataset\NonDemented\nonDem658.jpg,NonDemented,0
C:\Users\HP\OneDrive\Documents\GitHub\MAJOR-PROJECT\archive\OriginalDataset\NonDemented\nonDem619.jpg,NonDemented,0
C:\Users\HP\OneDrive\Documents\GitHub\MAJOR-PROJECT\archive\OriginalDataset\NonDemented\nonDem827.jpg,NonDemented,0
C:\Users\HP\OneDrive\Documents\GitHub\MAJOR-PROJECT\archive\OriginalDataset\VeryMildDemented\verymildDem1144.jpg,VeryMildDemented,1
C:\Users\HP\OneDrive\Documents\GitHub\MAJOR-PROJECT\archive\OriginalDataset\VeryMildDemented\verymildDem801.jpg,VeryMildDemented,1
C:\Users\HP\OneDrive\Documents\GitHub\MAJOR-PROJECT\archive\OriginalDataset\NonDemented\27 (32).jpg,NonDemented,0
C:\Users\HP\OneDrive\Documents\GitHub\MAJOR-PROJECT\archive\OriginalDataset\VeryMildDemented\verymildDem270.jpg,VeryMildDemented,1
C:\Users\HP\OneDrive\Documents\GitHub\MAJOR-PROJECT\archive\OriginalDataset\VeryMildDemented\27.jpg,VeryMildDemented,1
C:\Users\HP\OneDrive\Documents\GitHub\MAJOR-PROJECT\archive\OriginalDataset\VeryMildDemented\32 (52).jpg,VeryMildDemented,1
C:\Users\HP\OneDrive\Documents\GitHub\MAJOR-PROJECT\archive\OriginalDataset\VeryMildDemented\verymildDem961.jpg,VeryMildDemented,1
C:\Users\HP\OneDrive\Documents\GitHub\MAJOR-PROJECT\archive\OriginalDataset\VeryMildDemented\28 (58).jpg,VeryMildDemented,1
C:\Users\HP\OneDrive\Documents\GitHub\MAJOR-PROJECT\archive\OriginalDataset\NonDemented\nonDem392.jpg,NonDemented,0
C:\Users\HP\OneDrive\Documents\GitHub\MAJOR-PROJECT\archive\OriginalDataset\NonDemented\nonDem2542.jpg,NonDemented,0
C:\Users\HP\OneDrive\Documents\GitHub\MAJOR-PROJECT\archive\OriginalDataset\VeryMildDemented\verymildDem847.jpg,VeryMildDemented,1
C:\Users\HP\OneDrive\Documents\GitHub\MAJOR-PROJECT\archive\OriginalDataset\VeryMildDemented\verymildDem44.jpg,VeryMildDemented,1
C:\Users\HP\OneDrive\Documents\GitHub\MAJOR-PROJECT\archive\OriginalDataset\NonDemented\nonDem2026.jpg,NonDemented,0
C:\Users\HP\OneDrive\Documents\GitHub\MAJOR-PROJECT\archive\OriginalDataset\NonDemented\32 (8).jpg,NonDemented,0
C:\Users\HP\OneDrive\Documents\GitHub\MAJOR-PROJECT\archive\OriginalDataset\NonDemented\nonDem1728.jpg,NonDemented,0
C:\Users\HP\OneDrive\Documents\GitHub\MAJOR-PROJECT\archive\OriginalDataset\NonDemented\nonDem547.jpg,NonDemented,0
C:\Users\HP\OneDrive\Documents\GitHub\MAJOR-PROJECT\archive\OriginalDataset\NonDemented\29.jpg,NonDemented,0
C:\Users\HP\OneDrive\Documents\GitHub\MAJOR-PROJECT\archive\OriginalDataset\NonDemented\nonDem2335.jpg,NonDemented,0
C:\Users\HP\OneDrive\Documents\GitHub\MAJOR-PROJECT\archive\OriginalDataset\NonDemented\nonDem612.jpg,NonDemented,0
C:\Users\HP\OneDrive\Documents\GitHub\MAJOR-PROJECT\archive\OriginalDataset\NonDemented\nonDem1442.jpg,NonDemented,0
C:\Users\HP\OneDrive\Documents\GitHub\MAJOR-PROJECT\archive\OriginalDataset\VeryMildDemented\verymildDem610.jpg,VeryMildDemented,1
C:\Users\HP\OneDrive\Documents\GitHub\MAJOR-PROJECT\archive\OriginalDataset\ModerateDemented\moderateDem44.jpg,ModerateDemented,1
C:\Users\HP\OneDrive\Documents\GitHub\MAJOR-PROJECT\archive\OriginalDataset\NonDemented\27 (76).jpg,NonDemented,0
C:\Users\HP\OneDrive\Documents\GitHub\MAJOR-PROJECT\archive\OriginalDataset\NonDemented\nonDem1864.jpg,NonDemented,0
C:\Users\HP\OneDrive\Documents\GitHub\MAJOR-PROJECT\archive\OriginalDataset\VeryMildDemented\verymildDem761.jpg,VeryMildDemented,1
C:\Users\HP\OneDrive\Documents\GitHub\MAJOR-PROJECT\archive\OriginalDataset\VeryMildDemented\verymildDem1539.jpg,VeryMildDemented,1
C:\Users\HP\OneDrive\Documents\GitHub\MAJOR-PROJECT\archive\OriginalDataset\NonDemented\nonDem1109.jpg,NonDemented,0
C:\Users\HP\OneDrive\Documents\GitHub\MAJOR-PROJECT\archive\OriginalDataset\NonDemented\nonDem72.jpg,NonDemented,0
C:\Users\HP\OneDrive\Documents\GitHub\MAJOR-PROJECT\archive\OriginalDataset\MildDemented\mildDem664.jpg,MildDemented,1
C:\Users\HP\OneDrive\Documents\GitHub\MAJOR-PROJECT\archive\OriginalDataset\NonDemented\27 (44).jpg,NonDemented,0
C:\Users\HP\OneDrive\Documents\GitHub\MAJOR-PROJECT\archive\OriginalDataset\VeryMildDemented\verymildDem39.jpg,VeryMildDemented,1
C:\Users\HP\OneDrive\Documents\GitHub\MAJOR-PROJECT\archive\OriginalDataset\VeryMildDemented\verymildDem981.jpg,VeryMildDemented,1
C:\Users\HP\OneDrive\Documents\GitHub\MAJOR-PROJECT\archive\OriginalDataset\NonDemented\nonDem1785.jpg,NonDemented,0
C:\Users\HP\OneDrive\Documents\GitHub\MAJOR-PROJECT\archive\OriginalDataset\VeryMildDemented\verymildDem654.jpg,VeryMildDemented,1
C:\Users\HP\OneDrive\Documents\GitHub\MAJOR-PROJECT\archive\OriginalDataset\VeryMildDemented\verymildDem1405.jpg,VeryMildDemented,1
C:\Users\HP\OneDrive\Documents\GitHub\MAJOR-PROJECT\archive\OriginalDataset\VeryMildDemented\32 (61).jpg,VeryMildDemented,1
C:\Users\HP\OneDrive\Documents\GitHub\MAJOR-PROJECT\archive\OriginalDataset\NonDemented\nonDem1275.jpg,NonDemented,0
C:\Users\HP\OneDrive\Documents\GitHub\MAJOR-PROJECT\archive\OriginalDataset\VeryMildDemented\verymildDem1131.jpg,VeryMildDemented,1
C:\Users\HP\OneDrive\Documents\GitHub\MAJOR-PROJECT\archive\OriginalDataset\NonDemented\nonDem1141.jpg,NonDemented,0
C:\Users\HP\OneDrive\Documents\GitHub\MAJOR-PROJECT\archive\OriginalDataset\NonDemented\nonDem952.jpg,NonDemented,0
C:\Users\HP\OneDrive\Documents\GitHub\MAJOR-PROJECT\archive\OriginalDataset\VeryMildDemented\verymildDem1335.jpg,VeryMildDemented,1
C:\Users\HP\OneDrive\Documents\GitHub\MAJOR-PROJECT\archive\OriginalDataset\VeryMildDemented\verymildDem667.jpg,VeryMildDemented,1
C:\Users\HP\OneDrive\Documents\GitHub\MAJOR-PROJECT\archive\OriginalDataset\VeryMildDemented\verymildDem414.jpg,VeryMildDemented,1
C:\Users\HP\OneDrive\Documents\GitHub\MAJOR-PROJECT\archive\OriginalDataset\NonDemented\nonDem628.jpg,NonDemented,0
C:\Users\HP\OneDrive\Documents\GitHub\MAJOR-PROJECT\archive\OriginalDataset\VeryMildDemented\29 (29).jpg,VeryMildDemented,1
C:\Users\HP\OneDrive\Documents\GitHub\MAJOR-PROJECT\archive\OriginalDataset\NonDemented\nonDem394.jpg,NonDemented,0
C:\Users\HP\OneDrive\Documents\GitHub\MAJOR-PROJECT\archive\OriginalDataset\VeryMildDemented\29 (10).jpg,VeryMildDemented,1
C:\Users\HP\OneDrive\Documents\GitHub\MAJOR-PROJECT\archive\OriginalDataset\VeryMildDemented\26 (62).jpg,VeryMildDemented,1
C:\Users\HP\OneDrive\Documents\GitHub\MAJOR-PROJECT\archive\OriginalDataset\ModerateDemented\moderateDem35.jpg,ModerateDemented,1
C:\Users\HP\OneDrive\Documents\GitHub\MAJOR-PROJECT\archive\OriginalDataset\VeryMildDemented\verymildDem337.jpg,VeryMildDemented,1
C:\Users\HP\OneDrive\Documents\GitHub\MAJOR-PROJECT\archive\OriginalDataset\NonDemented\nonDem64.jpg,NonDemented,0
C:\Users\HP\OneDrive\Documents\GitHub\MAJOR-PROJECT\archive\OriginalDataset\VeryMildDemented\verymildDem1478.jpg,VeryMildDemented,1
C:\Users\HP\OneDrive\Documents\GitHub\MAJOR-PROJECT\archive\OriginalDataset\NonDemented\29 (25).jpg,NonDemented,0
C:\Users\HP\OneDrive\Documents\GitHub\MAJOR-PROJECT\archive\OriginalDataset\VeryMildDemented\verymildDem789.jpg,VeryMildDemented,1
C:\Users\HP\OneDrive\Documents\GitHub\MAJOR-PROJECT\archive\OriginalDataset\NonDemented\nonDem2217.jpg,NonDemented,0
C:\Users\HP\OneDrive\Documents\GitHub\MAJOR-PROJECT\archive\OriginalDataset\VeryMildDemented\verymildDem1516.jpg,VeryMildDemented,1
C:\Users\HP\OneDrive\Documents\GitHub\MAJOR-PROJECT\archive\OriginalDataset\VeryMildDemented\verymildDem708.jpg,VeryMildDemented,1
C:\Users\HP\OneDrive\Documents\GitHub\MAJOR-PROJECT\archive\OriginalDataset\NonDemented\nonDem2415.jpg,NonDemented,0
C:\Users\HP\OneDrive\Documents\GitHub\MAJOR-PROJECT\archive\OriginalDataset\MildDemented\mildDem399.jpg,MildDemented,1
C:\Users\HP\OneDrive\Documents\GitHub\MAJOR-PROJECT\archive\OriginalDataset\MildDemented\mildDem375.jpg,MildDemented,1
C:\Users\HP\OneDrive\Documents\GitHub\MAJOR-PROJECT\archive\OriginalDataset\NonDemented\nonDem2095.jpg,NonDemented,0
C:\Users\HP\OneDrive\Documents\GitHub\MAJOR-PROJECT\archive\OriginalDataset\VeryMildDemented\verymildDem333.jpg,VeryMildDemented,1
C:\Users\HP\OneDrive\Documents\GitHub\MAJOR-PROJECT\archive\OriginalDataset\NonDemented\nonDem1777.jpg,NonDemented,0
C:\Users\HP\OneDrive\Documents\GitHub\MAJOR-PROJECT\archive\OriginalDataset\NonDemented\nonDem859.jpg,NonDemented,0
C:\Users\HP\OneDrive\Documents\GitHub\MAJOR-PROJECT\archive\OriginalDataset\NonDemented\nonDem688.jpg,NonDemented,0
C:\Users\HP\OneDrive\Documents\GitHub\MAJOR-PROJECT\archive\OriginalDataset\VeryMildDemented\31 (47).jpg,VeryMildDemented,1
C:\Users\HP\OneDrive\Documents\GitHub\MAJOR-PROJECT\archive\OriginalDataset\VeryMildDemented\verymildDem836.jpg,VeryMildDemented,1
C:\Users\HP\OneDrive\Documents\GitHub\MAJOR-PROJECT\archive\OriginalDataset\NonDemented\nonDem2188.jpg,NonDemented,0
C:\Users\HP\OneDrive\Documents\GitHub\MAJOR-PROJECT\archive\OriginalDataset\NonDemented\nonDem703.jpg,NonDemented,0
C:\Users\HP\OneDrive\Documents\GitHub\MAJOR-PROJECT\archive\OriginalDataset\NonDemented\nonDem1778.jpg,NonDemented,0
C:\Users\HP\OneDrive\Documents\GitHub\MAJOR-PROJECT\archive\OriginalDataset\VeryMildDemented\verymildDem1432.jpg,VeryMildDemented,1
C:\Users\HP\OneDrive\Documents\GitHub\MAJOR-PROJECT\archive\OriginalDataset\VeryMildDemented\verymildDem1569.jpg,VeryMildDemented,1
C:\Users\HP\OneDrive\Documents\GitHub\MAJOR-PROJECT\archive\OriginalDataset\NonDemented\nonDem1184.jpg,NonDemented,0
C:\Users\HP\OneDrive\Documents\GitHub\MAJOR-PROJECT\archive\OriginalDataset\VeryMildDemented\verymildDem166.jpg,VeryMildDemented,1
C:\Users\HP\OneDrive\Documents\GitHub\MAJOR-PROJECT\archive\OriginalDataset\NonDemented\27 (71).jpg,NonDemented,0
C:\Users\HP\OneDrive\Documents\GitHub\MAJOR-PROJECT\archive\OriginalDataset\NonDemented\nonDem441.jpg,NonDemented,0
C:\Users\HP\OneDrive\Documents\GitHub\MAJOR-PROJECT\archive\OriginalDataset\MildDemented\mildDem613.jpg,MildDemented,1
C:\Users\HP\OneDrive\Documents\GitHub\MAJOR-PROJECT\archive\OriginalDataset\MildDemented\mildDem65.jpg,MildDemented,1
C:\Users\HP\OneDrive\Documents\GitHub\MAJOR-PROJECT\archive\OriginalDataset\NonDemented\nonDem968.jpg,NonDemented,0
C:\Users\HP\OneDrive\Documents\GitHub\MAJOR-PROJECT\archive\OriginalDataset\NonDemented\nonDem866.jpg,NonDemented,0
C:\Users\HP\OneDrive\Documents\GitHub\MAJOR-PROJECT\archive\OriginalDataset\VeryMildDemented\verymildDem318.jpg,VeryMildDemented,1
C:\Users\HP\OneDrive\Documents\GitHub\MAJOR-PROJECT\archive\OriginalDataset\MildDemented\mildDem346.jpg,MildDemented,1
C:\Users\HP\OneDrive\Documents\GitHub\MAJOR-PROJECT\archive\OriginalDataset\VeryMildDemented\31 (53).jpg,VeryMildDemented,1
C:\Users\HP\OneDrive\Documents\GitHub\MAJOR-PROJECT\archive\OriginalDataset\VeryMildDemented\verymildDem584.jpg,VeryMildDemented,1
C:\Users\HP\OneDrive\Documents\GitHub\MAJOR-PROJECT\archive\OriginalDataset\VeryMildDemented\verymildDem1485.jpg,VeryMildDemented,1
C:\Users\HP\OneDrive\Documents\GitHub\MAJOR-PROJECT\archive\OriginalDataset\NonDemented\nonDem890.jpg,NonDemented,0
C:\Users\HP\OneDrive\Documents\GitHub\MAJOR-PROJECT\archive\OriginalDataset\ModerateDemented\moderateDem31.jpg,ModerateDemented,1
C:\Users\HP\OneDrive\Documents\GitHub\MAJOR-PROJECT\archive\OriginalDataset\VeryMildDemented\verymildDem91.jpg,VeryMildDemented,1
C:\Users\HP\OneDrive\Documents\GitHub\MAJOR-PROJECT\archive\OriginalDataset\NonDemented\nonDem2328.jpg,NonDemented,0
C:\Users\HP\OneDrive\Documents\GitHub\MAJOR-PROJECT\archive\OriginalDataset\NonDemented\nonDem525.jpg,NonDemented,0
C:\Users\HP\OneDrive\Documents\GitHub\MAJOR-PROJECT\archive\OriginalDataset\NonDemented\nonDem492.jpg,NonDemented,0
C:\Users\HP\OneDrive\Documents\GitHub\MAJOR-PROJECT\archive\OriginalDataset\NonDemented\32 (52).jpg,NonDemented,0
C:\Users\HP\OneDrive\Documents\GitHub\MAJOR-PROJECT\archive\OriginalDataset\VeryMildDemented\26 (50).jpg,VeryMildDemented,1
C:\Users\HP\OneDrive\Documents\GitHub\MAJOR-PROJECT\archive\OriginalDataset\MildDemented\31 (21).jpg,MildDemented,1
C:\Users\HP\OneDrive\Documents\GitHub\MAJOR-PROJECT\archive\OriginalDataset\NonDemented\31 (67).jpg,NonDemented,0
C:\Users\HP\OneDrive\Documents\GitHub\MAJOR-PROJECT\archive\OriginalDataset\MildDemented\mildDem132.jpg,MildDemented,1
C:\Users\HP\OneDrive\Documents\GitHub\MAJOR-PROJECT\archive\OriginalDataset\MildDemented\mildDem468.jpg,MildDemented,1
C:\Users\HP\OneDrive\Documents\GitHub\MAJOR-PROJECT\archive\OriginalDataset\ModerateDemented\moderateDem38.jpg,ModerateDemented,1
C:\Users\HP\OneDrive\Documents\GitHub\MAJOR-PROJECT\archive\OriginalDataset\NonDemented\nonDem112.jpg,NonDemented,0
C:\Users\HP\OneDrive\Documents\GitHub\MAJOR-PROJECT\archive\OriginalDataset\VeryMildDemented\verymildDem448.jpg,VeryMildDemented,1
C:\Users\HP\OneDrive\Documents\GitHub\MAJOR-PROJECT\archive\OriginalDataset\NonDemented\nonDem205.jpg,NonDemented,0
C:\Users\HP\OneDrive\Documents\GitHub\MAJOR-PROJECT\archive\OriginalDataset\NonDemented\nonDem1870.jpg,NonDemented,0
C:\Users\HP\OneDrive\Documents\GitHub\MAJOR-PROJECT\archive\OriginalDataset\NonDemented\nonDem1899.jpg,NonDemented,0
C:\Users\HP\OneDrive\Documents\GitHub\MAJOR-PROJECT\archive\OriginalDataset\NonDemented\nonDem139.jpg,NonDemented,0
C:\Users\HP\OneDrive\Documents\GitHub\MAJOR-PROJECT\archive\OriginalDataset\NonDemented\nonDem1965.jpg,NonDemented,0
C:\Users\HP\OneDrive\Documents\GitHub\MAJOR-PROJECT\archive\OriginalDataset\VeryMildDemented\verymildDem524.jpg,VeryMildDemented,1
C:\Users\HP\OneDrive\Documents\GitHub\MAJOR-PROJECT\archive\OriginalDataset\VeryMildDemented\verymildDem300.jpg,VeryMildDemented,1
C:\Users\HP\OneDrive\Documents\GitHub\MAJOR-PROJECT\archive\OriginalDataset\NonDemented\nonDem944.jpg,NonDemented,0
C:\Users\HP\OneDrive\Documents\GitHub\MAJOR-PROJECT\archive\OriginalDataset\NonDemented\nonDem2531.jpg,NonDemented,0
C:\Users\HP\OneDrive\Documents\GitHub\MAJOR-PROJECT\archive\OriginalDataset\NonDemented\nonDem1764.jpg,NonDemented,0
C:\Users\HP\OneDrive\Documents\GitHub\MAJOR-PROJECT\archive\OriginalDataset\NonDemented\27 (25).jpg,NonDemented,0
C:\Users\HP\OneDrive\Documents\GitHub\MAJOR-PROJECT\archive\OriginalDataset\NonDemented\nonDem893.jpg,NonDemented,0
C:\Users\HP\OneDrive\Documents\GitHub\MAJOR-PROJECT\archive\OriginalDataset\NonDemented\nonDem2282.jpg,NonDemented,0
C:\Users\HP\OneDrive\Documents\GitHub\MAJOR-PROJECT\archive\OriginalDataset\NonDemented\nonDem2527.jpg,NonDemented,0
C:\Users\HP\OneDrive\Documents\GitHub\MAJOR-PROJECT\archive\OriginalDataset\MildDemented\mildDem239.jpg,MildDemented,1
C:\Users\HP\OneDrive\Documents\GitHub\MAJOR-PROJECT\archive\OriginalDataset\MildDemented\mildDem73.jpg,MildDemented,1
C:\Users\HP\OneDrive\Documents\GitHub\MAJOR-PROJECT\archive\OriginalDataset\NonDemented\nonDem1405.jpg,NonDemented,0
C:\Users\HP\OneDrive\Documents\GitHub\MAJOR-PROJECT\archive\OriginalDataset\MildDemented\mildDem241.jpg,MildDemented,1
C:\Users\HP\OneDrive\Documents\GitHub\MAJOR-PROJECT\archive\OriginalDataset\MildDemented\mildDem709.jpg,MildDemented,1
C:\Users\HP\OneDrive\Documents\GitHub\MAJOR-PROJECT\archive\OriginalDataset\NonDemented\31 (77).jpg,NonDemented,0
C:\Users\HP\OneDrive\Documents\GitHub\MAJOR-PROJECT\archive\OriginalDataset\NonDemented\nonDem1529.jpg,NonDemented,0
C:\Users\HP\OneDrive\Documents\GitHub\MAJOR-PROJECT\archive\OriginalDataset\MildDemented\mildDem289.jpg,MildDemented,1
C:\Users\HP\OneDrive\Documents\GitHub\MAJOR-PROJECT\archive\OriginalDataset\VeryMildDemented\verymildDem749.jpg,VeryMildDemented,1
C:\Users\HP\OneDrive\Documents\GitHub\MAJOR-PROJECT\archive\OriginalDataset\NonDemented\nonDem924.jpg,NonDemented,0
C:\Users\HP\OneDrive\Documents\GitHub\MAJOR-PROJECT\archive\OriginalDataset\NonDemented\nonDem2321.jpg,NonDemented,0
C:\Users\HP\OneDrive\Documents\GitHub\MAJOR-PROJECT\archive\OriginalDataset\MildDemented\mildDem658.jpg,MildDemented,1
C:\Users\HP\OneDrive\Documents\GitHub\MAJOR-PROJECT\archive\OriginalDataset\NonDemented\nonDem1178.jpg,NonDemented,0
C:\Users\HP\OneDrive\Documents\GitHub\MAJOR-PROJECT\archive\OriginalDataset\VeryMildDemented\verymildDem20.jpg,VeryMildDemented,1
C:\Users\HP\OneDrive\Documents\GitHub\MAJOR-PROJECT\archive\OriginalDataset\VeryMildDemented\verymildDem1481.jpg,VeryMildDemented,1
C:\Users\HP\OneDrive\Documents\GitHub\MAJOR-PROJECT\archive\OriginalDataset\NonDemented\nonDem110.jpg,NonDemented,0
C:\Users\HP\OneDrive\Documents\GitHub\MAJOR-PROJECT\archive\OriginalDataset\VeryMildDemented\verymildDem1384.jpg,VeryMildDemented,1
C:\Users\HP\OneDrive\Documents\GitHub\MAJOR-PROJECT\archive\OriginalDataset\VeryMildDemented\verymildDem406.jpg,VeryMildDemented,1
C:\Users\HP\OneDrive\Documents\GitHub\MAJOR-PROJECT\archive\OriginalDataset\NonDemented\30 (85).jpg,NonDemented,0
C:\Users\HP\OneDrive\Documents\GitHub\MAJOR-PROJECT\archive\OriginalDataset\NonDemented\nonDem1944.jpg,NonDemented,0
C:\Users\HP\OneDrive\Documents\GitHub\MAJOR-PROJECT\archive\OriginalDataset\NonDemented\nonDem1680.jpg,NonDemented,0
C:\Users\HP\OneDrive\Documents\GitHub\MAJOR-PROJECT\archive\OriginalDataset\NonDemented\29 (50).jpg,NonDemented,0
C:\Users\HP\OneDrive\Documents\GitHub\MAJOR-PROJECT\archive\OriginalDataset\VeryMildDemented\29 (35).jpg,VeryMildDemented,1
C:\Users\HP\OneDrive\Documents\GitHub\MAJOR-PROJECT\archive\OriginalDataset\VeryMildDemented\verymildDem351.jpg,VeryMildDemented,1
C:\Users\HP\OneDrive\Documents\GitHub\MAJOR-PROJECT\archive\OriginalDataset\NonDemented\nonDem1490.jpg,NonDemented,0
C:\Users\HP\OneDrive\Documents\GitHub\MAJOR-PROJECT\archive\OriginalDataset\NonDemented\nonDem996.jpg,NonDemented,0
C:\Users\HP\OneDrive\Documents\GitHub\MAJOR-PROJECT\archive\OriginalDataset\MildDemented\31 (28).jpg,MildDemented,1
C:\Users\HP\OneDrive\Documents\GitHub\MAJOR-PROJECT\archive\OriginalDataset\NonDemented\nonDem171.jpg,NonDemented,0
C:\Users\HP\OneDrive\Documents\GitHub\MAJOR-PROJECT\archive\OriginalDataset\NonDemented\nonDem1369.jpg,NonDemented,0
C:\Users\HP\OneDrive\Documents\GitHub\MAJOR-PROJECT\archive\OriginalDataset\MildDemented\mildDem155.jpg,MildDemented,1
C:\Users\HP\OneDrive\Documents\GitHub\MAJOR-PROJECT\archive\OriginalDataset\VeryMildDemented\verymildDem361.jpg,VeryMildDemented,1
C:\Users\HP\OneDrive\Documents\GitHub\MAJOR-PROJECT\archive\OriginalDataset\NonDemented\31 (84).jpg,NonDemented,0
C:\Users\HP\OneDrive\Documents\GitHub\MAJOR-PROJECT\archive\OriginalDataset\VeryMildDemented\verymildDem86.jpg,VeryMildDemented,1
C:\Users\HP\OneDrive\Documents\GitHub\MAJOR-PROJECT\archive\OriginalDataset\VeryMildDemented\verymildDem410.jpg,VeryMildDemented,1
C:\Users\HP\OneDrive\Documents\GitHub\MAJOR-PROJECT\archive\OriginalDataset\NonDemented\nonDem2455.jpg,NonDemented,0
C:\Users\HP\OneDrive\Documents\GitHub\MAJOR-PROJECT\archive\OriginalDataset\VeryMildDemented\31 (37).jpg,VeryMildDemented,1
C:\Users\HP\OneDrive\Documents\GitHub\MAJOR-PROJECT\archive\OriginalDataset\MildDemented\26 (24).jpg,MildDemented,1
C:\Users\HP\OneDrive\Documents\GitHub\MAJOR-PROJECT\archive\OriginalDataset\NonDemented\nonDem1255.jpg,NonDemented,0
C:\Users\HP\OneDrive\Documents\GitHub\MAJOR-PROJECT\archive\OriginalDataset\NonDemented\28 (33).jpg,NonDemented,0
C:\Users\HP\OneDrive\Documents\GitHub\MAJOR-PROJECT\archive\OriginalDataset\VeryMildDemented\verymildDem1142.jpg,VeryMildDemented,1
C:\Users\HP\OneDrive\Documents\GitHub\MAJOR-PROJECT\archive\OriginalDataset\NonDemented\30 (89).jpg,NonDemented,0
C:\Users\HP\OneDrive\Documents\GitHub\MAJOR-PROJECT\archive\OriginalDataset\NonDemented\32 (4).jpg,NonDemented,0
C:\Users\HP\OneDrive\Documents\GitHub\MAJOR-PROJECT\archive\OriginalDataset\NonDemented\nonDem1824.jpg,NonDemented,0
C:\Users\HP\OneDrive\Documents\GitHub\MAJOR-PROJECT\archive\OriginalDataset\VeryMildDemented\verymildDem1566.jpg,VeryMildDemented,1
C:\Users\HP\OneDrive\Documents\GitHub\MAJOR-PROJECT\archive\OriginalDataset\VeryMildDemented\32 (30).jpg,VeryMildDemented,1
C:\Users\HP\OneDrive\Documents\GitHub\MAJOR-PROJECT\archive\OriginalDataset\NonDemented\nonDem747.jpg,NonDemented,0
C:\Users\HP\OneDrive\Documents\GitHub\MAJOR-PROJECT\archive\OriginalDataset\VeryMildDemented\verymildDem1138.jpg,VeryMildDemented,1
C:\Users\HP\OneDrive\Documents\GitHub\MAJOR-PROJECT\archive\OriginalDataset\VeryMildDemented\verymildDem559.jpg,VeryMildDemented,1
C:\Users\HP\OneDrive\Documents\GitHub\MAJOR-PROJECT\archive\OriginalDataset\NonDemented\nonDem2108.jpg,NonDemented,0
C:\Users\HP\OneDrive\Documents\GitHub\MAJOR-PROJECT\archive\OriginalDataset\MildDemented\mildDem158.jpg,MildDemented,1
C:\Users\HP\OneDrive\Documents\GitHub\MAJOR-PROJECT\archive\OriginalDataset\NonDemented\nonDem1629.jpg,NonDemented,0
C:\Users\HP\OneDrive\Documents\GitHub\MAJOR-PROJECT\archive\OriginalDataset\NonDemented\nonDem1251.jpg,NonDemented,0
C:\Users\HP\OneDrive\Documents\GitHub\MAJOR-PROJECT\archive\OriginalDataset\NonDemented\nonDem929.jpg,NonDemented,0
C:\Users\HP\OneDrive\Documents\GitHub\MAJOR-PROJECT\archive\OriginalDataset\NonDemented\nonDem1223.jpg,NonDemented,0
C:\Users\HP\OneDrive\Documents\GitHub\MAJOR-PROJECT\archive\OriginalDataset\NonDemented\nonDem2214.jpg,NonDemented,0
C:\Users\HP\OneDrive\Documents\GitHub\MAJOR-PROJECT\archive\OriginalDataset\VeryMildDemented\verymildDem1046.jpg,VeryMildDemented,1
C:\Users\HP\OneDrive\Documents\GitHub\MAJOR-PROJECT\archive\OriginalDataset\VeryMildDemented\verymildDem442.jpg,VeryMildDemented,1
C:\Users\HP\OneDrive\Documents\GitHub\MAJOR-PROJECT\archive\OriginalDataset\NonDemented\nonDem1085.jpg,NonDemented,0
C:\Users\HP\OneDrive\Documents\GitHub\MAJOR-PROJECT\archive\OriginalDataset\NonDemented\nonDem221.jpg,NonDemented,0
C:\Users\HP\OneDrive\Documents\GitHub\MAJOR-PROJECT\archive\OriginalDataset\VeryMildDemented\31 (39).jpg,VeryMildDemented,1
C:\Users\HP\OneDrive\Documents\GitHub\MAJOR-PROJECT\archive\OriginalDataset\VeryMildDemented\verymildDem910.jpg,VeryMildDemented,1
C:\Users\HP\OneDrive\Documents\GitHub\MAJOR-PROJECT\archive\OriginalDataset\NonDemented\nonDem1559.jpg,NonDemented,0
C:\Users\HP\OneDrive\Documents\GitHub\MAJOR-PROJECT\archive\OriginalDataset\VeryMildDemented\verymildDem1245.jpg,VeryMildDemented,1
C:\Users\HP\OneDrive\Documents\GitHub\MAJOR-PROJECT\archive\OriginalDataset\VeryMildDemented\27 (46).jpg,VeryMildDemented,1
C:\Users\HP\OneDrive\Documents\GitHub\MAJOR-PROJECT\archive\OriginalDataset\VeryMildDemented\verymildDem1650.jpg,VeryMildDemented,1
C:\Users\HP\OneDrive\Documents\GitHub\MAJOR-PROJECT\archive\OriginalDataset\NonDemented\nonDem2238.jpg,NonDemented,0
C:\Users\HP\OneDrive\Documents\GitHub\MAJOR-PROJECT\archive\OriginalDataset\VeryMildDemented\verymildDem89.jpg,VeryMildDemented,1
C:\Users\HP\OneDrive\Documents\GitHub\MAJOR-PROJECT\archive\OriginalDataset\VeryMildDemented\verymildDem1274.jpg,VeryMildDemented,1
C:\Users\HP\OneDrive\Documents\GitHub\MAJOR-PROJECT\archive\OriginalDataset\NonDemented\nonDem1482.jpg,NonDemented,0
C:\Users\HP\OneDrive\Documents\GitHub\MAJOR-PROJECT\archive\OriginalDataset\VeryMildDemented\verymildDem954.jpg,VeryMildDemented,1
C:\Users\HP\OneDrive\Documents\GitHub\MAJOR-PROJECT\archive\OriginalDataset\NonDemented\26 (79).jpg,NonDemented,0
C:\Users\HP\OneDrive\Documents\GitHub\MAJOR-PROJECT\archive\OriginalDataset\NonDemented\nonDem803.jpg,NonDemented,0
C:\Users\HP\OneDrive\Documents\GitHub\MAJOR-PROJECT\archive\OriginalDataset\MildDemented\mildDem196.jpg,MildDemented,1
C:\Users\HP\OneDrive\Documents\GitHub\MAJOR-PROJECT\archive\OriginalDataset\NonDemented\nonDem1355.jpg,NonDemented,0
C:\Users\HP\OneDrive\Documents\GitHub\MAJOR-PROJECT\archive\OriginalDataset\NonDemented\nonDem1980.jpg,NonDemented,0
C:\Users\HP\OneDrive\Documents\GitHub\MAJOR-PROJECT\archive\OriginalDataset\NonDemented\nonDem1976.jpg,NonDemented,0
C:\Users\HP\OneDrive\Documents\GitHub\MAJOR-PROJECT\archive\OriginalDataset\NonDemented\nonDem2119.jpg,NonDemented,0
C:\Users\HP\OneDrive\Documents\GitHub\MAJOR-PROJECT\archive\OriginalDataset\NonDemented\nonDem1622.jpg,NonDemented,0
C:\Users\HP\OneDrive\Documents\GitHub\MAJOR-PROJECT\archive\OriginalDataset\VeryMildDemented\verymildDem380.jpg,VeryMildDemented,1
C:\Users\HP\OneDrive\Documents\GitHub\MAJOR-PROJECT\archive\OriginalDataset\NonDemented\nonDem2288.jpg,NonDemented,0
C:\Users\HP\OneDrive\Documents\GitHub\MAJOR-PROJECT\archive\OriginalDataset\NonDemented\nonDem770.jpg,NonDemented,0
C:\Users\HP\OneDrive\Documents\GitHub\MAJOR-PROJECT\archive\OriginalDataset\VeryMildDemented\verymildDem1199.jpg,VeryMildDemented,1
C:\Users\HP\OneDrive\Documents\GitHub\MAJOR-PROJECT\archive\OriginalDataset\MildDemented\mildDem448.jpg,MildDemented,1
C:\Users\HP\OneDrive\Documents\GitHub\MAJOR-PROJECT\archive\OriginalDataset\NonDemented\nonDem440.jpg,NonDemented,0
C:\Users\HP\OneDrive\Documents\GitHub\MAJOR-PROJECT\archive\OriginalDataset\NonDemented\nonDem140.jpg,NonDemented,0
C:\Users\HP\OneDrive\Documents\GitHub\MAJOR-PROJECT\archive\OriginalDataset\VeryMildDemented\verymildDem257.jpg,VeryMildDemented,1
C:\Users\HP\OneDrive\Documents\GitHub\MAJOR-PROJECT\archive\OriginalDataset\NonDemented\31 (11).jpg,NonDemented,0
C:\Users\HP\OneDrive\Documents\GitHub\MAJOR-PROJECT\archive\OriginalDataset\MildDemented\mildDem89.jpg,MildDemented,1
C:\Users\HP\OneDrive\Documents\GitHub\MAJOR-PROJECT\archive\OriginalDataset\MildDemented\mildDem103.jpg,MildDemented,1
C:\Users\HP\OneDrive\Documents\GitHub\MAJOR-PROJECT\archive\OriginalDataset\NonDemented\nonDem257.jpg,NonDemented,0
C:\Users\HP\OneDrive\Documents\GitHub\MAJOR-PROJECT\archive\OriginalDataset\MildDemented\mildDem143.jpg,MildDemented,1
C:\Users\HP\OneDrive\Documents\GitHub\MAJOR-PROJECT\archive\OriginalDataset\MildDemented\mildDem512.jpg,MildDemented,1
C:\Users\HP\OneDrive\Documents\GitHub\MAJOR-PROJECT\archive\OriginalDataset\NonDemented\nonDem1628.jpg,NonDemented,0
C:\Users\HP\OneDrive\Documents\GitHub\MAJOR-PROJECT\archive\OriginalDataset\VeryMildDemented\verymildDem1284.jpg,VeryMildDemented,1
C:\Users\HP\OneDrive\Documents\GitHub\MAJOR-PROJECT\archive\OriginalDataset\NonDemented\29 (79).jpg,NonDemented,0
C:\Users\HP\OneDrive\Documents\GitHub\MAJOR-PROJECT\archive\OriginalDataset\MildDemented\mildDem190.jpg,MildDemented,1
C:\Users\HP\OneDrive\Documents\GitHub\MAJOR-PROJECT\archive\OriginalDataset\VeryMildDemented\verymildDem827.jpg,VeryMildDemented,1
C:\Users\HP\OneDrive\Documents\GitHub\MAJOR-PROJECT\archive\OriginalDataset\NonDemented\nonDem2436.jpg,NonDemented,0
C:\Users\HP\OneDrive\Documents\GitHub\MAJOR-PROJECT\archive\OriginalDataset\NonDemented\nonDem904.jpg,NonDemented,0
C:\Users\HP\OneDrive\Documents\GitHub\MAJOR-PROJECT\archive\OriginalDataset\NonDemented\nonDem1551.jpg,NonDemented,0
C:\Users\HP\OneDrive\Documents\GitHub\MAJOR-PROJECT\archive\OriginalDataset\NonDemented\30 (86).jpg,NonDemented,0
C:\Users\HP\OneDrive\Documents\GitHub\MAJOR-PROJECT\archive\OriginalDataset\NonDemented\nonDem2365.jpg,NonDemented,0
C:\Users\HP\OneDrive\Documents\GitHub\MAJOR-PROJECT\archive\OriginalDataset\VeryMildDemented\verymildDem755.jpg,VeryMildDemented,1
C:\Users\HP\OneDrive\Documents\GitHub\MAJOR-PROJECT\archive\OriginalDataset\VeryMildDemented\verymildDem933.jpg,VeryMildDemented,1
C:\Users\HP\OneDrive\Documents\GitHub\MAJOR-PROJECT\archive\OriginalDataset\NonDemented\28 (88).jpg,NonDemented,0
C:\Users\HP\OneDrive\Documents\GitHub\MAJOR-PROJECT\archive\OriginalDataset\VeryMildDemented\28 (44).jpg,VeryMildDemented,1
C:\Users\HP\OneDrive\Documents\GitHub\MAJOR-PROJECT\archive\OriginalDataset\NonDemented\nonDem606.jpg,NonDemented,0
C:\Users\HP\OneDrive\Documents\GitHub\MAJOR-PROJECT\archive\OriginalDataset\NonDemented\nonDem50.jpg,NonDemented,0
C:\Users\HP\OneDrive\Documents\GitHub\MAJOR-PROJECT\archive\OriginalDataset\VeryMildDemented\verymildDem1157.jpg,VeryMildDemented,1
C:\Users\HP\OneDrive\Documents\GitHub\MAJOR-PROJECT\archive\OriginalDataset\NonDemented\nonDem26.jpg,NonDemented,0
C:\Users\HP\OneDrive\Documents\GitHub\MAJOR-PROJECT\archive\OriginalDataset\MildDemented\mildDem652.jpg,MildDemented,1
C:\Users\HP\OneDrive\Documents\GitHub\MAJOR-PROJECT\archive\OriginalDataset\VeryMildDemented\verymildDem298.jpg,VeryMildDemented,1
C:\Users\HP\OneDrive\Documents\GitHub\MAJOR-PROJECT\archive\OriginalDataset\NonDemented\nonDem1208.jpg,NonDemented,0
C:\Users\HP\OneDrive\Documents\GitHub\MAJOR-PROJECT\archive\OriginalDataset\NonDemented\nonDem1176.jpg,NonDemented,0
C:\Users\HP\OneDrive\Documents\GitHub\MAJOR-PROJECT\archive\OriginalDataset\NonDemented\nonDem285.jpg,NonDemented,0
C:\Users\HP\OneDrive\Documents\GitHub\MAJOR-PROJECT\archive\OriginalDataset\NonDemented\nonDem100.jpg,NonDemented,0
C:\Users\HP\OneDrive\Documents\GitHub\MAJOR-PROJECT\archive\OriginalDataset\VeryMildDemented\verymildDem1615.jpg,VeryMildDemented,1
C:\Users\HP\OneDrive\Documents\GitHub\MAJOR-PROJECT\archive\OriginalDataset\NonDemented\nonDem423.jpg,NonDemented,0
C:\Users\HP\OneDrive\Documents\GitHub\MAJOR-PROJECT\archive\OriginalDataset\NonDemented\nonDem2424.jpg,NonDemented,0
C:\Users\HP\OneDrive\Documents\GitHub\MAJOR-PROJECT\archive\OriginalDataset\VeryMildDemented\verymildDem784.jpg,VeryMildDemented,1
C:\Users\HP\OneDrive\Documents\GitHub\MAJOR-PROJECT\archive\OriginalDataset\VeryMildDemented\verymildDem1212.jpg,VeryMildDemented,1
C:\Users\HP\OneDrive\Documents\GitHub\MAJOR-PROJECT\archive\OriginalDataset\VeryMildDemented\verymildDem100.jpg,VeryMildDemented,1
C:\Users\HP\OneDrive\Documents\GitHub\MAJOR-PROJECT\archive\OriginalDataset\NonDemented\31 (21).jpg,NonDemented,0
C:\Users\HP\OneDrive\Documents\GitHub\MAJOR-PROJECT\archive\OriginalDataset\NonDemented\30 (46).jpg,NonDemented,0
C:\Users\HP\OneDrive\Documents\GitHub\MAJOR-PROJECT\archive\OriginalDataset\MildDemented\mildDem90.jpg,MildDemented,1
C:\Users\HP\OneDrive\Documents\GitHub\MAJOR-PROJECT\archive\OriginalDataset\NonDemented\27 (90).jpg,NonDemented,0
C:\Users\HP\OneDrive\Documents\GitHub\MAJOR-PROJECT\archive\OriginalDataset\MildDemented\mildDem496.jpg,MildDemented,1
C:\Users\HP\OneDrive\Documents\GitHub\MAJOR-PROJECT\archive\OriginalDataset\NonDemented\nonDem653.jpg,NonDemented,0
C:\Users\HP\OneDrive\Documents\GitHub\MAJOR-PROJECT\archive\OriginalDataset\NonDemented\nonDem18.jpg,NonDemented,0
C:\Users\HP\OneDrive\Documents\GitHub\MAJOR-PROJECT\archive\OriginalDataset\VeryMildDemented\verymildDem134.jpg,VeryMildDemented,1
C:\Users\HP\OneDrive\Documents\GitHub\MAJOR-PROJECT\archive\OriginalDataset\NonDemented\nonDem1470.jpg,NonDemented,0
C:\Users\HP\OneDrive\Documents\GitHub\MAJOR-PROJECT\archive\OriginalDataset\VeryMildDemented\32 (44).jpg,VeryMildDemented,1
C:\Users\HP\OneDrive\Documents\GitHub\MAJOR-PROJECT\archive\OriginalDataset\VeryMildDemented\verymildDem864.jpg,VeryMildDemented,1
C:\Users\HP\OneDrive\Documents\GitHub\MAJOR-PROJECT\archive\OriginalDataset\VeryMildDemented\verymildDem629.jpg,VeryMildDemented,1
C:\Users\HP\OneDrive\Documents\GitHub\MAJOR-PROJECT\archive\OriginalDataset\VeryMildDemented\verymildDem1278.jpg,VeryMildDemented,1
C:\Users\HP\OneDrive\Documents\GitHub\MAJOR-PROJECT\archive\OriginalDataset\NonDemented\31 (47).jpg,NonDemented,0
C:\Users\HP\OneDrive\Documents\GitHub\MAJOR-PROJECT\archive\OriginalDataset\VeryMildDemented\verymildDem353.jpg,VeryMildDemented,1
C:\Users\HP\OneDrive\Documents\GitHub\MAJOR-PROJECT\archive\OriginalDataset\NonDemented\nonDem659.jpg,NonDemented,0
C:\Users\HP\OneDrive\Documents\GitHub\MAJOR-PROJECT\archive\OriginalDataset\VeryMildDemented\verymildDem852.jpg,VeryMildDemented,1
C:\Users\HP\OneDrive\Documents\GitHub\MAJOR-PROJECT\archive\OriginalDataset\NonDemented\nonDem1170.jpg,NonDemented,0
C:\Users\HP\OneDrive\Documents\GitHub\MAJOR-PROJECT\archive\OriginalDataset\MildDemented\mildDem160.jpg,MildDemented,1
C:\Users\HP\OneDrive\Documents\GitHub\MAJOR-PROJECT\archive\OriginalDataset\VeryMildDemented\verymildDem1303.jpg,VeryMildDemented,1
C:\Users\HP\OneDrive\Documents\GitHub\MAJOR-PROJECT\archive\OriginalDataset\NonDemented\nonDem405.jpg,NonDemented,0
C:\Users\HP\OneDrive\Documents\GitHub\MAJOR-PROJECT\archive\OriginalDataset\VeryMildDemented\verymildDem1327.jpg,VeryMildDemented,1
C:\Users\HP\OneDrive\Documents\GitHub\MAJOR-PROJECT\archive\OriginalDataset\NonDemented\28 (63).jpg,NonDemented,0
C:\Users\HP\OneDrive\Documents\GitHub\MAJOR-PROJECT\archive\OriginalDataset\NonDemented\nonDem1224.jpg,NonDemented,0
C:\Users\HP\OneDrive\Documents\GitHub\MAJOR-PROJECT\archive\OriginalDataset\MildDemented\mildDem617.jpg,MildDemented,1
C:\Users\HP\OneDrive\Documents\GitHub\MAJOR-PROJECT\archive\OriginalDataset\MildDemented\mildDem82.jpg,MildDemented,1
C:\Users\HP\OneDrive\Documents\GitHub\MAJOR-PROJECT\archive\OriginalDataset\NonDemented\nonDem673.jpg,NonDemented,0
C:\Users\HP\OneDrive\Documents\GitHub\MAJOR-PROJECT\archive\OriginalDataset\VeryMildDemented\verymildDem1270.jpg,VeryMildDemented,1
C:\Users\HP\OneDrive\Documents\GitHub\MAJOR-PROJECT\archive\OriginalDataset\NonDemented\28 (37).jpg,NonDemented,0
C:\Users\HP\OneDrive\Documents\GitHub\MAJOR-PROJECT\archive\OriginalDataset\NonDemented\nonDem2145.jpg,NonDemented,0
C:\Users\HP\OneDrive\Documents\GitHub\MAJOR-PROJECT\archive\OriginalDataset\NonDemented\nonDem1857.jpg,NonDemented,0
C:\Users\HP\OneDrive\Documents\GitHub\MAJOR-PROJECT\archive\OriginalDataset\NonDemented\nonDem1653.jpg,NonDemented,0
C:\Users\HP\OneDrive\Documents\GitHub\MAJOR-PROJECT\archive\OriginalDataset\VeryMildDemented\verymildDem1678.jpg,VeryMildDemented,1
C:\Users\HP\OneDrive\Documents\GitHub\MAJOR-PROJECT\archive\OriginalDataset\VeryMildDemented\verymildDem1262.jpg,VeryMildDemented,1
C:\Users\HP\OneDrive\Documents\GitHub\MAJOR-PROJECT\archive\OriginalDataset\MildDemented\mildDem694.jpg,MildDemented,1
C:\Users\HP\OneDrive\Documents\GitHub\MAJOR-PROJECT\archive\OriginalDataset\NonDemented\nonDem389.jpg,NonDemented,0
C:\Users\HP\OneDrive\Documents\GitHub\MAJOR-PROJECT\archive\OriginalDataset\NonDemented\nonDem981.jpg,NonDemented,0
C:\Users\HP\OneDrive\Documents\GitHub\MAJOR-PROJECT\archive\OriginalDataset\MildDemented\mildDem226.jpg,MildDemented,1
C:\Users\HP\OneDrive\Documents\GitHub\MAJOR-PROJECT\archive\OriginalDataset\VeryMildDemented\verymildDem1276.jpg,VeryMildDemented,1
C:\Users\HP\OneDrive\Documents\GitHub\MAJOR-PROJECT\archive\OriginalDataset\NonDemented\nonDem1445.jpg,NonDemented,0
C:\Users\HP\OneDrive\Documents\GitHub\MAJOR-PROJECT\archive\OriginalDataset\NonDemented\nonDem213.jpg,NonDemented,0
C:\Users\HP\OneDrive\Documents\GitHub\MAJOR-PROJECT\archive\OriginalDataset\VeryMildDemented\verymildDem1632.jpg,VeryMildDemented,1
C:\Users\HP\OneDrive\Documents\GitHub\MAJOR-PROJECT\archive\OriginalDataset\NonDemented\nonDem2223.jpg,NonDemented,0
C:\Users\HP\OneDrive\Documents\GitHub\MAJOR-PROJECT\archive\OriginalDataset\NonDemented\nonDem2441.jpg,NonDemented,0
C:\Users\HP\OneDrive\Documents\GitHub\MAJOR-PROJECT\archive\OriginalDataset\NonDemented\26 (92).jpg,NonDemented,0
C:\Users\HP\OneDrive\Documents\GitHub\MAJOR-PROJECT\archive\OriginalDataset\NonDemented\nonDem2425.jpg,NonDemented,0
C:\Users\HP\OneDrive\Documents\GitHub\MAJOR-PROJECT\archive\OriginalDataset\VeryMildDemented\verymildDem653.jpg,VeryMildDemented,1
C:\Users\HP\OneDrive\Documents\GitHub\MAJOR-PROJECT\archive\OriginalDataset\NonDemented\nonDem1916.jpg,NonDemented,0
C:\Users\HP\OneDrive\Documents\GitHub\MAJOR-PROJECT\archive\OriginalDataset\NonDemented\nonDem1631.jpg,NonDemented,0
C:\Users\HP\OneDrive\Documents\GitHub\MAJOR-PROJECT\archive\OriginalDataset\VeryMildDemented\verymildDem935.jpg,VeryMildDemented,1
C:\Users\HP\OneDrive\Documents\GitHub\MAJOR-PROJECT\archive\OriginalDataset\VeryMildDemented\verymildDem74.jpg,VeryMildDemented,1
C:\Users\HP\OneDrive\Documents\GitHub\MAJOR-PROJECT\archive\OriginalDataset\NonDemented\nonDem28.jpg,NonDemented,0
C:\Users\HP\OneDrive\Documents\GitHub\MAJOR-PROJECT\archive\OriginalDataset\NonDemented\nonDem1834.jpg,NonDemented,0
C:\Users\HP\OneDrive\Documents\GitHub\MAJOR-PROJECT\archive\OriginalDataset\NonDemented\nonDem515.jpg,NonDemented,0
C:\Users\HP\OneDrive\Documents\GitHub\MAJOR-PROJECT\archive\OriginalDataset\MildDemented\mildDem679.jpg,MildDemented,1
C:\Users\HP\OneDrive\Documents\GitHub\MAJOR-PROJECT\archive\OriginalDataset\VeryMildDemented\verymildDem787.jpg,VeryMildDemented,1
C:\Users\HP\OneDrive\Documents\GitHub\MAJOR-PROJECT\archive\OriginalDataset\VeryMildDemented\27 (69).jpg,VeryMildDemented,1
C:\Users\HP\OneDrive\Documents\GitHub\MAJOR-PROJECT\archive\OriginalDataset\MildDemented\mildDem564.jpg,MildDemented,1
C:\Users\HP\OneDrive\Documents\GitHub\MAJOR-PROJECT\archive\OriginalDataset\NonDemented\nonDem206.jpg,NonDemented,0
C:\Users\HP\OneDrive\Documents\GitHub\MAJOR-PROJECT\archive\OriginalDataset\NonDemented\nonDem1499.jpg,NonDemented,0
C:\Users\HP\OneDrive\Documents\GitHub\MAJOR-PROJECT\archive\OriginalDataset\NonDemented\nonDem1351.jpg,NonDemented,0
C:\Users\HP\OneDrive\Documents\GitHub\MAJOR-PROJECT\archive\OriginalDataset\VeryMildDemented\verymildDem220.jpg,VeryMildDemented,1
C:\Users\HP\OneDrive\Documents\GitHub\MAJOR-PROJECT\archive\OriginalDataset\NonDemented\28 (2).jpg,NonDemented,0
C:\Users\HP\OneDrive\Documents\GitHub\MAJOR-PROJECT\archive\OriginalDataset\MildDemented\mildDem388.jpg,MildDemented,1
C:\Users\HP\OneDrive\Documents\GitHub\MAJOR-PROJECT\archive\OriginalDataset\NonDemented\nonDem524.jpg,NonDemented,0
C:\Users\HP\OneDrive\Documents\GitHub\MAJOR-PROJECT\archive\OriginalDataset\NonDemented\32 (41).jpg,NonDemented,0
C:\Users\HP\OneDrive\Documents\GitHub\MAJOR-PROJECT\archive\OriginalDataset\VeryMildDemented\verymildDem1729.jpg,VeryMildDemented,1
C:\Users\HP\OneDrive\Documents\GitHub\MAJOR-PROJECT\archive\OriginalDataset\NonDemented\nonDem1182.jpg,NonDemented,0
C:\Users\HP\OneDrive\Documents\GitHub\MAJOR-PROJECT\archive\OriginalDataset\VeryMildDemented\verymildDem72.jpg,VeryMildDemented,1
C:\Users\HP\OneDrive\Documents\GitHub\MAJOR-PROJECT\archive\OriginalDataset\VeryMildDemented\verymildDem731.jpg,VeryMildDemented,1
C:\Users\HP\OneDrive\Documents\GitHub\MAJOR-PROJECT\archive\OriginalDataset\NonDemented\26 (91).jpg,NonDemented,0
C:\Users\HP\OneDrive\Documents\GitHub\MAJOR-PROJECT\archive\OriginalDataset\NonDemented\nonDem2338.jpg,NonDemented,0
C:\Users\HP\OneDrive\Documents\GitHub\MAJOR-PROJECT\archive\OriginalDataset\ModerateDemented\moderateDem50.jpg,ModerateDemented,1
C:\Users\HP\OneDrive\Documents\GitHub\MAJOR-PROJECT\archive\OriginalDataset\VeryMildDemented\verymildDem834.jpg,VeryMildDemented,1
C:\Users\HP\OneDrive\Documents\GitHub\MAJOR-PROJECT\archive\OriginalDataset\NonDemented\28 (56).jpg,NonDemented,0
C:\Users\HP\OneDrive\Documents\GitHub\MAJOR-PROJECT\archive\OriginalDataset\VeryMildDemented\verymildDem306.jpg,VeryMildDemented,1
C:\Users\HP\OneDrive\Documents\GitHub\MAJOR-PROJECT\archive\OriginalDataset\VeryMildDemented\verymildDem633.jpg,VeryMildDemented,1
C:\Users\HP\OneDrive\Documents\GitHub\MAJOR-PROJECT\archive\OriginalDataset\NonDemented\nonDem2373.jpg,NonDemented,0
C:\Users\HP\OneDrive\Documents\GitHub\MAJOR-PROJECT\archive\OriginalDataset\VeryMildDemented\verymildDem407.jpg,VeryMildDemented,1
C:\Users\HP\OneDrive\Documents\GitHub\MAJOR-PROJECT\archive\OriginalDataset\MildDemented\mildDem411.jpg,MildDemented,1
C:\Users\HP\OneDrive\Documents\GitHub\MAJOR-PROJECT\archive\OriginalDataset\NonDemented\nonDem517.jpg,NonDemented,0
C:\Users\HP\OneDrive\Documents\GitHub\MAJOR-PROJECT\archive\OriginalDataset\NonDemented\nonDem1522.jpg,NonDemented,0
C:\Users\HP\OneDrive\Documents\GitHub\MAJOR-PROJECT\archive\OriginalDataset\VeryMildDemented\verymildDem203.jpg,VeryMildDemented,1
C:\Users\HP\OneDrive\Documents\GitHub\MAJOR-PROJECT\archive\OriginalDataset\NonDemented\30 (79).jpg,NonDemented,0
C:\Users\HP\OneDrive\Documents\GitHub\MAJOR-PROJECT\archive\OriginalDataset\MildDemented\mildDem332.jpg,MildDemented,1
C:\Users\HP\OneDrive\Documents\GitHub\MAJOR-PROJECT\archive\OriginalDataset\NonDemented\nonDem2502.jpg,NonDemented,0
C:\Users\HP\OneDrive\Documents\GitHub\MAJOR-PROJECT\archive\OriginalDataset\VeryMildDemented\verymildDem210.jpg,VeryMildDemented,1
C:\Users\HP\OneDrive\Documents\GitHub\MAJOR-PROJECT\archive\OriginalDataset\VeryMildDemented\31 (57).jpg,VeryMildDemented,1
C:\Users\HP\OneDrive\Documents\GitHub\MAJOR-PROJECT\archive\OriginalDataset\NonDemented\nonDem2120.jpg,NonDemented,0
C:\Users\HP\OneDrive\Documents\GitHub\MAJOR-PROJECT\archive\OriginalDataset\NonDemented\nonDem2325.jpg,NonDemented,0
C:\Users\HP\OneDrive\Documents\GitHub\MAJOR-PROJECT\archive\OriginalDataset\VeryMildDemented\verymildDem617.jpg,VeryMildDemented,1
C:\Users\HP\OneDrive\Documents\GitHub\MAJOR-PROJECT\archive\OriginalDataset\NonDemented\29 (43).jpg,NonDemented,0
C:\Users\HP\OneDrive\Documents\GitHub\MAJOR-PROJECT\archive\OriginalDataset\MildDemented\mildDem497.jpg,MildDemented,1
C:\Users\HP\OneDrive\Documents\GitHub\MAJOR-PROJECT\archive\OriginalDataset\NonDemented\nonDem2427.jpg,NonDemented,0
C:\Users\HP\OneDrive\Documents\GitHub\MAJOR-PROJECT\archive\OriginalDataset\NonDemented\nonDem16.jpg,NonDemented,0
C:\Users\HP\OneDrive\Documents\GitHub\MAJOR-PROJECT\archive\OriginalDataset\NonDemented\28 (24).jpg,NonDemented,0
C:\Users\HP\OneDrive\Documents\GitHub\MAJOR-PROJECT\archive\OriginalDataset\NonDemented\nonDem1904.jpg,NonDemented,0
C:\Users\HP\OneDrive\Documents\GitHub\MAJOR-PROJECT\archive\OriginalDataset\NonDemented\nonDem1887.jpg,NonDemented,0
C:\Users\HP\OneDrive\Documents\GitHub\MAJOR-PROJECT\archive\OriginalDataset\NonDemented\32 (49).jpg,NonDemented,0
C:\Users\HP\OneDrive\Documents\GitHub\MAJOR-PROJECT\archive\OriginalDataset\NonDemented\nonDem2068.jpg,NonDemented,0
C:\Users\HP\OneDrive\Documents\GitHub\MAJOR-PROJECT\archive\OriginalDataset\MildDemented\mildDem152.jpg,MildDemented,1
C:\Users\HP\OneDrive\Documents\GitHub\MAJOR-PROJECT\archive\OriginalDataset\NonDemented\nonDem250.jpg,NonDemented,0
C:\Users\HP\OneDrive\Documents\GitHub\MAJOR-PROJECT\archive\OriginalDataset\NonDemented\nonDem2438.jpg,NonDemented,0
C:\Users\HP\OneDrive\Documents\GitHub\MAJOR-PROJECT\archive\OriginalDataset\VeryMildDemented\30 (54).jpg,VeryMildDemented,1
C:\Users\HP\OneDrive\Documents\GitHub\MAJOR-PROJECT\archive\OriginalDataset\NonDemented\nonDem381.jpg,NonDemented,0
C:\Users\HP\OneDrive\Documents\GitHub\MAJOR-PROJECT\archive\OriginalDataset\VeryMildDemented\verymildDem1401.jpg,VeryMildDemented,1
C:\Users\HP\OneDrive\Documents\GitHub\MAJOR-PROJECT\archive\OriginalDataset\NonDemented\31 (74).jpg,NonDemented,0
C:\Users\HP\OneDrive\Documents\GitHub\MAJOR-PROJECT\archive\OriginalDataset\MildDemented\mildDem708.jpg,MildDemented,1
C:\Users\HP\OneDrive\Documents\GitHub\MAJOR-PROJECT\archive\OriginalDataset\NonDemented\nonDem1964.jpg,NonDemented,0
C:\Users\HP\OneDrive\Documents\GitHub\MAJOR-PROJECT\archive\OriginalDataset\MildDemented\mildDem503.jpg,MildDemented,1
C:\Users\HP\OneDrive\Documents\GitHub\MAJOR-PROJECT\archive\OriginalDataset\MildDemented\mildDem475.jpg,MildDemented,1
C:\Users\HP\OneDrive\Documents\GitHub\MAJOR-PROJECT\archive\OriginalDataset\MildDemented\mildDem102.jpg,MildDemented,1
C:\Users\HP\OneDrive\Documents\GitHub\MAJOR-PROJECT\archive\OriginalDataset\NonDemented\nonDem2504.jpg,NonDemented,0
C:\Users\HP\OneDrive\Documents\GitHub\MAJOR-PROJECT\archive\OriginalDataset\NonDemented\nonDem2051.jpg,NonDemented,0
C:\Users\HP\OneDrive\Documents\GitHub\MAJOR-PROJECT\archive\OriginalDataset\VeryMildDemented\verymildDem856.jpg,VeryMildDemented,1
C:\Users\HP\OneDrive\Documents\GitHub\MAJOR-PROJECT\archive\OriginalDataset\NonDemented\29 (86).jpg,NonDemented,0
C:\Users\HP\OneDrive\Documents\GitHub\MAJOR-PROJECT\archive\OriginalDataset\NonDemented\nonDem905.jpg,NonDemented,0
C:\Users\HP\OneDrive\Documents\GitHub\MAJOR-PROJECT\archive\OriginalDataset\NonDemented\nonDem676.jpg,NonDemented,0
C:\Users\HP\OneDrive\Documents\GitHub\MAJOR-PROJECT\archive\OriginalDataset\NonDemented\nonDem373.jpg,NonDemented,0
C:\Users\HP\OneDrive\Documents\GitHub\MAJOR-PROJECT\archive\OriginalDataset\NonDemented\nonDem2302.jpg,NonDemented,0
C:\Users\HP\OneDrive\Documents\GitHub\MAJOR-PROJECT\archive\OriginalDataset\VeryMildDemented\verymildDem278.jpg,VeryMildDemented,1
C:\Users\HP\OneDrive\Documents\GitHub\MAJOR-PROJECT\archive\OriginalDataset\VeryMildDemented\verymildDem1774.jpg,VeryMildDemented,1
C:\Users\HP\OneDrive\Documents\GitHub\MAJOR-PROJECT\archive\OriginalDataset\MildDemented\mildDem632.jpg,MildDemented,1
C:\Users\HP\OneDrive\Documents\GitHub\MAJOR-PROJECT\archive\OriginalDataset\MildDemented\mildDem297.jpg,MildDemented,1
C:\Users\HP\OneDrive\Documents\GitHub\MAJOR-PROJECT\archive\OriginalDataset\MildDemented\mildDem645.jpg,MildDemented,1
C:\Users\HP\OneDrive\Documents\GitHub\MAJOR-PROJECT\archive\OriginalDataset\VeryMildDemented\verymildDem272.jpg,VeryMildDemented,1
C:\Users\HP\OneDrive\Documents\GitHub\MAJOR-PROJECT\archive\OriginalDataset\NonDemented\nonDem707.jpg,NonDemented,0
C:\Users\HP\OneDrive\Documents\GitHub\MAJOR-PROJECT\archive\OriginalDataset\VeryMildDemented\verymildDem114.jpg,VeryMildDemented,1
C:\Users\HP\OneDrive\Documents\GitHub\MAJOR-PROJECT\archive\OriginalDataset\NonDemented\32 (16).jpg,NonDemented,0
C:\Users\HP\OneDrive\Documents\GitHub\MAJOR-PROJECT\archive\OriginalDataset\NonDemented\27 (17).jpg,NonDemented,0
C:\Users\HP\OneDrive\Documents\GitHub\MAJOR-PROJECT\archive\OriginalDataset\VeryMildDemented\verymildDem1184.jpg,VeryMildDemented,1
C:\Users\HP\OneDrive\Documents\GitHub\MAJOR-PROJECT\archive\OriginalDataset\NonDemented\nonDem1781.jpg,NonDemented,0
C:\Users\HP\OneDrive\Documents\GitHub\MAJOR-PROJECT\archive\OriginalDataset\NonDemented\nonDem888.jpg,NonDemented,0
C:\Users\HP\OneDrive\Documents\GitHub\MAJOR-PROJECT\archive\OriginalDataset\NonDemented\nonDem393.jpg,NonDemented,0
C:\Users\HP\OneDrive\Documents\GitHub\MAJOR-PROJECT\archive\OriginalDataset\MildDemented\mildDem682.jpg,MildDemented,1
C:\Users\HP\OneDrive\Documents\GitHub\MAJOR-PROJECT\archive\OriginalDataset\VeryMildDemented\verymildDem1710.jpg,VeryMildDemented,1
C:\Users\HP\OneDrive\Documents\GitHub\MAJOR-PROJECT\archive\OriginalDataset\NonDemented\nonDem1761.jpg,NonDemented,0
C:\Users\HP\OneDrive\Documents\GitHub\MAJOR-PROJECT\archive\OriginalDataset\VeryMildDemented\27 (30).jpg,VeryMildDemented,1
C:\Users\HP\OneDrive\Documents\GitHub\MAJOR-PROJECT\archive\OriginalDataset\VeryMildDemented\verymildDem244.jpg,VeryMildDemented,1
C:\Users\HP\OneDrive\Documents\GitHub\MAJOR-PROJECT\archive\OriginalDataset\MildDemented\mildDem303.jpg,MildDemented,1
C:\Users\HP\OneDrive\Documents\GitHub\MAJOR-PROJECT\archive\OriginalDataset\NonDemented\nonDem596.jpg,NonDemented,0
C:\Users\HP\OneDrive\Documents\GitHub\MAJOR-PROJECT\archive\OriginalDataset\NonDemented\nonDem29.jpg,NonDemented,0
C:\Users\HP\OneDrive\Documents\GitHub\MAJOR-PROJECT\archive\OriginalDataset\NonDemented\nonDem1994.jpg,NonDemented,0
C:\Users\HP\OneDrive\Documents\GitHub\MAJOR-PROJECT\archive\OriginalDataset\NonDemented\nonDem1058.jpg,NonDemented,0
C:\Users\HP\OneDrive\Documents\GitHub\MAJOR-PROJECT\archive\OriginalDataset\VeryMildDemented\verymildDem1496.jpg,VeryMildDemented,1
C:\Users\HP\OneDrive\Documents\GitHub\MAJOR-PROJECT\archive\OriginalDataset\VeryMildDemented\verymildDem675.jpg,VeryMildDemented,1
C:\Users\HP\OneDrive\Documents\GitHub\MAJOR-PROJECT\archive\OriginalDataset\VeryMildDemented\verymildDem476.jpg,VeryMildDemented,1
C:\Users\HP\OneDrive\Documents\GitHub\MAJOR-PROJECT\archive\OriginalDataset\VeryMildDemented\31.jpg,VeryMildDemented,1
C:\Users\HP\OneDrive\Documents\GitHub\MAJOR-PROJECT\archive\OriginalDataset\VeryMildDemented\verymildDem902.jpg,VeryMildDemented,1
C:\Users\HP\OneDrive\Documents\GitHub\MAJOR-PROJECT\archive\OriginalDataset\NonDemented\28 (38).jpg,NonDemented,0
C:\Users\HP\OneDrive\Documents\GitHub\MAJOR-PROJECT\archive\OriginalDataset\VeryMildDemented\30 (56).jpg,VeryMildDemented,1
C:\Users\HP\OneDrive\Documents\GitHub\MAJOR-PROJECT\archive\OriginalDataset\NonDemented\nonDem27.jpg,NonDemented,0
C:\Users\HP\OneDrive\Documents\GitHub\MAJOR-PROJECT\archive\OriginalDataset\NonDemented\nonDem1805.jpg,NonDemented,0
C:\Users\HP\OneDrive\Documents\GitHub\MAJOR-PROJECT\archive\OriginalDataset\VeryMildDemented\verymildDem925.jpg,VeryMildDemented,1
C:\Users\HP\OneDrive\Documents\GitHub\MAJOR-PROJECT\archive\OriginalDataset\VeryMildDemented\verymildDem875.jpg,VeryMildDemented,1
C:\Users\HP\OneDrive\Documents\GitHub\MAJOR-PROJECT\archive\OriginalDataset\NonDemented\nonDem76.jpg,NonDemented,0
C:\Users\HP\OneDrive\Documents\GitHub\MAJOR-PROJECT\archive\OriginalDataset\MildDemented\mildDem511.jpg,MildDemented,1
C:\Users\HP\OneDrive\Documents\GitHub\MAJOR-PROJECT\archive\OriginalDataset\NonDemented\nonDem1359.jpg,NonDemented,0
C:\Users\HP\OneDrive\Documents\GitHub\MAJOR-PROJECT\archive\OriginalDataset\NonDemented\nonDem825.jpg,NonDemented,0
C:\Users\HP\OneDrive\Documents\GitHub\MAJOR-PROJECT\archive\OriginalDataset\MildDemented\mildDem223.jpg,MildDemented,1
C:\Users\HP\OneDrive\Documents\GitHub\MAJOR-PROJECT\archive\OriginalDataset\NonDemented\nonDem914.jpg,NonDemented,0
C:\Users\HP\OneDrive\Documents\GitHub\MAJOR-PROJECT\archive\OriginalDataset\VeryMildDemented\verymildDem1491.jpg,VeryMildDemented,1
C:\Users\HP\OneDrive\Documents\GitHub\MAJOR-PROJECT\archive\OriginalDataset\NonDemented\nonDem278.jpg,NonDemented,0
C:\Users\HP\OneDrive\Documents\GitHub\MAJOR-PROJECT\archive\OriginalDataset\VeryMildDemented\verymildDem1373.jpg,VeryMildDemented,1
C:\Users\HP\OneDrive\Documents\GitHub\MAJOR-PROJECT\archive\OriginalDataset\NonDemented\32 (56).jpg,NonDemented,0
C:\Users\HP\OneDrive\Documents\GitHub\MAJOR-PROJECT\archive\OriginalDataset\NonDemented\nonDem330.jpg,NonDemented,0
C:\Users\HP\OneDrive\Documents\GitHub\MAJOR-PROJECT\archive\OriginalDataset\NonDemented\nonDem919.jpg,NonDemented,0
C:\Users\HP\OneDrive\Documents\GitHub\MAJOR-PROJECT\archive\OriginalDataset\VeryMildDemented\verymildDem325.jpg,VeryMildDemented,1
C:\Users\HP\OneDrive\Documents\GitHub\MAJOR-PROJECT\archive\OriginalDataset\VeryMildDemented\31 (35).jpg,VeryMildDemented,1
C:\Users\HP\OneDrive\Documents\GitHub\MAJOR-PROJECT\archive\OriginalDataset\VeryMildDemented\verymildDem539.jpg,VeryMildDemented,1
C:\Users\HP\OneDrive\Documents\GitHub\MAJOR-PROJECT\archive\OriginalDataset\NonDemented\nonDem1773.jpg,NonDemented,0
C:\Users\HP\OneDrive\Documents\GitHub\MAJOR-PROJECT\archive\OriginalDataset\NonDemented\nonDem1648.jpg,NonDemented,0
C:\Users\HP\OneDrive\Documents\GitHub\MAJOR-PROJECT\archive\OriginalDataset\NonDemented\nonDem685.jpg,NonDemented,0
C:\Users\HP\OneDrive\Documents\GitHub\MAJOR-PROJECT\archive\OriginalDataset\VeryMildDemented\verymildDem322.jpg,VeryMildDemented,1
C:\Users\HP\OneDrive\Documents\GitHub\MAJOR-PROJECT\archive\OriginalDataset\NonDemented\nonDem501.jpg,NonDemented,0
C:\Users\HP\OneDrive\Documents\GitHub\MAJOR-PROJECT\archive\OriginalDataset\MildDemented\mildDem195.jpg,MildDemented,1
C:\Users\HP\OneDrive\Documents\GitHub\MAJOR-PROJECT\archive\OriginalDataset\NonDemented\30 (100).jpg,NonDemented,0
C:\Users\HP\OneDrive\Documents\GitHub\MAJOR-PROJECT\archive\OriginalDataset\VeryMildDemented\verymildDem1148.jpg,VeryMildDemented,1
C:\Users\HP\OneDrive\Documents\GitHub\MAJOR-PROJECT\archive\OriginalDataset\VeryMildDemented\verymildDem23.jpg,VeryMildDemented,1
C:\Users\HP\OneDrive\Documents\GitHub\MAJOR-PROJECT\archive\OriginalDataset\NonDemented\nonDem210.jpg,NonDemented,0
C:\Users\HP\OneDrive\Documents\GitHub\MAJOR-PROJECT\archive\OriginalDataset\VeryMildDemented\verymildDem1585.jpg,VeryMildDemented,1
C:\Users\HP\OneDrive\Documents\GitHub\MAJOR-PROJECT\archive\OriginalDataset\NonDemented\31 (28).jpg,NonDemented,0
C:\Users\HP\OneDrive\Documents\GitHub\MAJOR-PROJECT\archive\OriginalDataset\VeryMildDemented\verymildDem82.jpg,VeryMildDemented,1
C:\Users\HP\OneDrive\Documents\GitHub\MAJOR-PROJECT\archive\OriginalDataset\VeryMildDemented\verymildDem411.jpg,VeryMildDemented,1
C:\Users\HP\OneDrive\Documents\GitHub\MAJOR-PROJECT\archive\OriginalDataset\VeryMildDemented\verymildDem1180.jpg,VeryMildDemented,1
C:\Users\HP\OneDrive\Documents\GitHub\MAJOR-PROJECT\archive\OriginalDataset\NonDemented\nonDem1989.jpg,NonDemented,0
C:\Users\HP\OneDrive\Documents\GitHub\MAJOR-PROJECT\archive\OriginalDataset\VeryMildDemented\verymildDem1383.jpg,VeryMildDemented,1
C:\Users\HP\OneDrive\Documents\GitHub\MAJOR-PROJECT\archive\OriginalDataset\NonDemented\nonDem262.jpg,NonDemented,0
C:\Users\HP\OneDrive\Documents\GitHub\MAJOR-PROJECT\archive\OriginalDataset\NonDemented\26 (98).jpg,NonDemented,0
C:\Users\HP\OneDrive\Documents\GitHub\MAJOR-PROJECT\archive\OriginalDataset\NonDemented\nonDem2512.jpg,NonDemented,0
C:\Users\HP\OneDrive\Documents\GitHub\MAJOR-PROJECT\archive\OriginalDataset\NonDemented\nonDem113.jpg,NonDemented,0
C:\Users\HP\OneDrive\Documents\GitHub\MAJOR-PROJECT\archive\OriginalDataset\NonDemented\nonDem1841.jpg,NonDemented,0
C:\Users\HP\OneDrive\Documents\GitHub\MAJOR-PROJECT\archive\OriginalDataset\NonDemented\nonDem857.jpg,NonDemented,0
C:\Users\HP\OneDrive\Documents\GitHub\MAJOR-PROJECT\archive\OriginalDataset\NonDemented\nonDem1398.jpg,NonDemented,0
C:\Users\HP\OneDrive\Documents\GitHub\MAJOR-PROJECT\archive\OriginalDataset\NonDemented\nonDem2543.jpg,NonDemented,0
C:\Users\HP\OneDrive\Documents\GitHub\MAJOR-PROJECT\archive\OriginalDataset\MildDemented\mildDem638.jpg,MildDemented,1
C:\Users\HP\OneDrive\Documents\GitHub\MAJOR-PROJECT\archive\OriginalDataset\VeryMildDemented\verymildDem119.jpg,VeryMildDemented,1
C:\Users\HP\OneDrive\Documents\GitHub\MAJOR-PROJECT\archive\OriginalDataset\NonDemented\nonDem1612.jpg,NonDemented,0
C:\Users\HP\OneDrive\Documents\GitHub\MAJOR-PROJECT\archive\OriginalDataset\NonDemented\nonDem2332.jpg,NonDemented,0
C:\Users\HP\OneDrive\Documents\GitHub\MAJOR-PROJECT\archive\OriginalDataset\NonDemented\nonDem540.jpg,NonDemented,0
C:\Users\HP\OneDrive\Documents\GitHub\MAJOR-PROJECT\archive\OriginalDataset\NonDemented\nonDem570.jpg,NonDemented,0
C:\Users\HP\OneDrive\Documents\GitHub\MAJOR-PROJECT\archive\OriginalDataset\NonDemented\nonDem735.jpg,NonDemented,0
C:\Users\HP\OneDrive\Documents\GitHub\MAJOR-PROJECT\archive\OriginalDataset\NonDemented\nonDem1801.jpg,NonDemented,0
C:\Users\HP\OneDrive\Documents\GitHub\MAJOR-PROJECT\archive\OriginalDataset\NonDemented\nonDem1962.jpg,NonDemented,0
C:\Users\HP\OneDrive\Documents\GitHub\MAJOR-PROJECT\archive\OriginalDataset\NonDemented\nonDem1056.jpg,NonDemented,0
C:\Users\HP\OneDrive\Documents\GitHub\MAJOR-PROJECT\archive\OriginalDataset\NonDemented\nonDem2054.jpg,NonDemented,0
C:\Users\HP\OneDrive\Documents\GitHub\MAJOR-PROJECT\archive\OriginalDataset\NonDemented\nonDem2037.jpg,NonDemented,0
C:\Users\HP\OneDrive\Documents\GitHub\MAJOR-PROJECT\archive\OriginalDataset\VeryMildDemented\verymildDem33.jpg,VeryMildDemented,1
C:\Users\HP\OneDrive\Documents\GitHub\MAJOR-PROJECT\archive\OriginalDataset\NonDemented\nonDem1911.jpg,NonDemented,0
C:\Users\HP\OneDrive\Documents\GitHub\MAJOR-PROJECT\archive\OriginalDataset\VeryMildDemented\verymildDem1049.jpg,VeryMildDemented,1
C:\Users\HP\OneDrive\Documents\GitHub\MAJOR-PROJECT\archive\OriginalDataset\VeryMildDemented\30 (20).jpg,VeryMildDemented,1
C:\Users\HP\OneDrive\Documents\GitHub\MAJOR-PROJECT\archive\OriginalDataset\VeryMildDemented\verymildDem1651.jpg,VeryMildDemented,1
C:\Users\HP\OneDrive\Documents\GitHub\MAJOR-PROJECT\archive\OriginalDataset\NonDemented\nonDem936.jpg,NonDemented,0
C:\Users\HP\OneDrive\Documents\GitHub\MAJOR-PROJECT\archive\OriginalDataset\NonDemented\nonDem1647.jpg,NonDemented,0
C:\Users\HP\OneDrive\Documents\GitHub\MAJOR-PROJECT\archive\OriginalDataset\VeryMildDemented\verymildDem1394.jpg,VeryMildDemented,1
C:\Users\HP\OneDrive\Documents\GitHub\MAJOR-PROJECT\archive\OriginalDataset\VeryMildDemented\verymildDem192.jpg,VeryMildDemented,1
C:\Users\HP\OneDrive\Documents\GitHub\MAJOR-PROJECT\archive\OriginalDataset\NonDemented\29 (85).jpg,NonDemented,0
C:\Users\HP\OneDrive\Documents\GitHub\MAJOR-PROJECT\archive\OriginalDataset\VeryMildDemented\verymildDem775.jpg,VeryMildDemented,1
C:\Users\HP\OneDrive\Documents\GitHub\MAJOR-PROJECT\archive\OriginalDataset\VeryMildDemented\verymildDem301.jpg,VeryMildDemented,1
C:\Users\HP\OneDrive\Documents\GitHub\MAJOR-PROJECT\archive\OriginalDataset\MildDemented\mildDem356.jpg,MildDemented,1
C:\Users\HP\OneDrive\Documents\GitHub\MAJOR-PROJECT\archive\OriginalDataset\VeryMildDemented\27 (8).jpg,VeryMildDemented,1
C:\Users\HP\OneDrive\Documents\GitHub\MAJOR-PROJECT\archive\OriginalDataset\VeryMildDemented\verymildDem1677.jpg,VeryMildDemented,1
C:\Users\HP\OneDrive\Documents\GitHub\MAJOR-PROJECT\archive\OriginalDataset\VeryMildDemented\verymildDem202.jpg,VeryMildDemented,1
C:\Users\HP\OneDrive\Documents\GitHub\MAJOR-PROJECT\archive\OriginalDataset\NonDemented\nonDem2422.jpg,NonDemented,0
C:\Users\HP\OneDrive\Documents\GitHub\MAJOR-PROJECT\archive\OriginalDataset\NonDemented\nonDem1862.jpg,NonDemented,0
C:\Users\HP\OneDrive\Documents\GitHub\MAJOR-PROJECT\archive\OriginalDataset\VeryMildDemented\29 (51).jpg,VeryMildDemented,1
C:\Users\HP\OneDrive\Documents\GitHub\MAJOR-PROJECT\archive\OriginalDataset\NonDemented\nonDem647.jpg,NonDemented,0
C:\Users\HP\OneDrive\Documents\GitHub\MAJOR-PROJECT\archive\OriginalDataset\NonDemented\32 (53).jpg,NonDemented,0
C:\Users\HP\OneDrive\Documents\GitHub\MAJOR-PROJECT\archive\OriginalDataset\NonDemented\nonDem101.jpg,NonDemented,0
C:\Users\HP\OneDrive\Documents\GitHub\MAJOR-PROJECT\archive\OriginalDataset\VeryMildDemented\verymildDem531.jpg,VeryMildDemented,1
C:\Users\HP\OneDrive\Documents\GitHub\MAJOR-PROJECT\archive\OriginalDataset\NonDemented\nonDem1222.jpg,NonDemented,0
C:\Users\HP\OneDrive\Documents\GitHub\MAJOR-PROJECT\archive\OriginalDataset\MildDemented\mildDem35.jpg,MildDemented,1
C:\Users\HP\OneDrive\Documents\GitHub\MAJOR-PROJECT\archive\OriginalDataset\VeryMildDemented\verymildDem8.jpg,VeryMildDemented,1
C:\Users\HP\OneDrive\Documents\GitHub\MAJOR-PROJECT\archive\OriginalDataset\NonDemented\30 (83).jpg,NonDemented,0
C:\Users\HP\OneDrive\Documents\GitHub\MAJOR-PROJECT\archive\OriginalDataset\VeryMildDemented\verymildDem1387.jpg,VeryMildDemented,1
C:\Users\HP\OneDrive\Documents\GitHub\MAJOR-PROJECT\archive\OriginalDataset\NonDemented\27 (93).jpg,NonDemented,0
C:\Users\HP\OneDrive\Documents\GitHub\MAJOR-PROJECT\archive\OriginalDataset\NonDemented\nonDem1606.jpg,NonDemented,0
C:\Users\HP\OneDrive\Documents\GitHub\MAJOR-PROJECT\archive\OriginalDataset\NonDemented\nonDem1677.jpg,NonDemented,0
C:\Users\HP\OneDrive\Documents\GitHub\MAJOR-PROJECT\archive\OriginalDataset\NonDemented\nonDem1237.jpg,NonDemented,0
C:\Users\HP\OneDrive\Documents\GitHub\MAJOR-PROJECT\archive\OriginalDataset\NonDemented\28 (98).jpg,NonDemented,0
C:\Users\HP\OneDrive\Documents\GitHub\MAJOR-PROJECT\archive\OriginalDataset\NonDemented\nonDem1555.jpg,NonDemented,0
C:\Users\HP\OneDrive\Documents\GitHub\MAJOR-PROJECT\archive\OriginalDataset\VeryMildDemented\verymildDem1721.jpg,VeryMildDemented,1
C:\Users\HP\OneDrive\Documents\GitHub\MAJOR-PROJECT\archive\OriginalDataset\NonDemented\28 (44).jpg,NonDemented,0
C:\Users\HP\OneDrive\Documents\GitHub\MAJOR-PROJECT\archive\OriginalDataset\MildDemented\mildDem464.jpg,MildDemented,1
C:\Users\HP\OneDrive\Documents\GitHub\MAJOR-PROJECT\archive\OriginalDataset\VeryMildDemented\verymildDem113.jpg,VeryMildDemented,1
C:\Users\HP\OneDrive\Documents\GitHub\MAJOR-PROJECT\archive\OriginalDataset\NonDemented\nonDem667.jpg,NonDemented,0
C:\Users\HP\OneDrive\Documents\GitHub\MAJOR-PROJECT\archive\OriginalDataset\NonDemented\nonDem183.jpg,NonDemented,0
C:\Users\HP\OneDrive\Documents\GitHub\MAJOR-PROJECT\archive\OriginalDataset\NonDemented\29 (7).jpg,NonDemented,0
C:\Users\HP\OneDrive\Documents\GitHub\MAJOR-PROJECT\archive\OriginalDataset\MildDemented\mildDem329.jpg,MildDemented,1
C:\Users\HP\OneDrive\Documents\GitHub\MAJOR-PROJECT\archive\OriginalDataset\VeryMildDemented\verymildDem73.jpg,VeryMildDemented,1
C:\Users\HP\OneDrive\Documents\GitHub\MAJOR-PROJECT\archive\OriginalDataset\NonDemented\nonDem1295.jpg,NonDemented,0
C:\Users\HP\OneDrive\Documents\GitHub\MAJOR-PROJECT\archive\OriginalDataset\NonDemented\nonDem1485.jpg,NonDemented,0
C:\Users\HP\OneDrive\Documents\GitHub\MAJOR-PROJECT\archive\OriginalDataset\NonDemented\nonDem2508.jpg,NonDemented,0
C:\Users\HP\OneDrive\Documents\GitHub\MAJOR-PROJECT\archive\OriginalDataset\VeryMildDemented\31 (11).jpg,VeryMildDemented,1
C:\Users\HP\OneDrive\Documents\GitHub\MAJOR-PROJECT\archive\OriginalDataset\NonDemented\30 (17).jpg,NonDemented,0
C:\Users\HP\OneDrive\Documents\GitHub\MAJOR-PROJECT\archive\OriginalDataset\NonDemented\nonDem2055.jpg,NonDemented,0
C:\Users\HP\OneDrive\Documents\GitHub\MAJOR-PROJECT\archive\OriginalDataset\VeryMildDemented\30 (9).jpg,VeryMildDemented,1
C:\Users\HP\OneDrive\Documents\GitHub\MAJOR-PROJECT\archive\OriginalDataset\NonDemented\nonDem148.jpg,NonDemented,0
C:\Users\HP\OneDrive\Documents\GitHub\MAJOR-PROJECT\archive\OriginalDataset\NonDemented\nonDem684.jpg,NonDemented,0
C:\Users\HP\OneDrive\Documents\GitHub\MAJOR-PROJECT\archive\OriginalDataset\NonDemented\nonDem769.jpg,NonDemented,0
C:\Users\HP\OneDrive\Documents\GitHub\MAJOR-PROJECT\archive\OriginalDataset\NonDemented\nonDem2151.jpg,NonDemented,0
C:\Users\HP\OneDrive\Documents\GitHub\MAJOR-PROJECT\archive\OriginalDataset\NonDemented\nonDem617.jpg,NonDemented,0
C:\Users\HP\OneDrive\Documents\GitHub\MAJOR-PROJECT\archive\OriginalDataset\NonDemented\nonDem124.jpg,NonDemented,0
C:\Users\HP\OneDrive\Documents\GitHub\MAJOR-PROJECT\archive\OriginalDataset\MildDemented\mildDem96.jpg,MildDemented,1
C:\Users\HP\OneDrive\Documents\GitHub\MAJOR-PROJECT\archive\OriginalDataset\VeryMildDemented\verymildDem916.jpg,VeryMildDemented,1
C:\Users\HP\OneDrive\Documents\GitHub\MAJOR-PROJECT\archive\OriginalDataset\NonDemented\nonDem1120.jpg,NonDemented,0
C:\Users\HP\OneDrive\Documents\GitHub\MAJOR-PROJECT\archive\OriginalDataset\NonDemented\nonDem1813.jpg,NonDemented,0
C:\Users\HP\OneDrive\Documents\GitHub\MAJOR-PROJECT\archive\OriginalDataset\NonDemented\nonDem1530.jpg,NonDemented,0
C:\Users\HP\OneDrive\Documents\GitHub\MAJOR-PROJECT\archive\OriginalDataset\NonDemented\nonDem1726.jpg,NonDemented,0
C:\Users\HP\OneDrive\Documents\GitHub\MAJOR-PROJECT\archive\OriginalDataset\MildDemented\mildDem434.jpg,MildDemented,1
C:\Users\HP\OneDrive\Documents\GitHub\MAJOR-PROJECT\archive\OriginalDataset\VeryMildDemented\verymildDem678.jpg,VeryMildDemented,1
C:\Users\HP\OneDrive\Documents\GitHub\MAJOR-PROJECT\archive\OriginalDataset\NonDemented\nonDem832.jpg,NonDemented,0
C:\Users\HP\OneDrive\Documents\GitHub\MAJOR-PROJECT\archive\OriginalDataset\NonDemented\nonDem2509.jpg,NonDemented,0
C:\Users\HP\OneDrive\Documents\GitHub\MAJOR-PROJECT\archive\OriginalDataset\MildDemented\mildDem609.jpg,MildDemented,1
C:\Users\HP\OneDrive\Documents\GitHub\MAJOR-PROJECT\archive\OriginalDataset\NonDemented\29 (40).jpg,NonDemented,0
C:\Users\HP\OneDrive\Documents\GitHub\MAJOR-PROJECT\archive\OriginalDataset\NonDemented\nonDem1290.jpg,NonDemented,0
C:\Users\HP\OneDrive\Documents\GitHub\MAJOR-PROJECT\archive\OriginalDataset\NonDemented\nonDem1441.jpg,NonDemented,0
C:\Users\HP\OneDrive\Documents\GitHub\MAJOR-PROJECT\archive\OriginalDataset\NonDemented\31 (32).jpg,NonDemented,0
C:\Users\HP\OneDrive\Documents\GitHub\MAJOR-PROJECT\archive\OriginalDataset\MildDemented\mildDem201.jpg,MildDemented,1
C:\Users\HP\OneDrive\Documents\GitHub\MAJOR-PROJECT\archive\OriginalDataset\NonDemented\29 (75).jpg,NonDemented,0
C:\Users\HP\OneDrive\Documents\GitHub\MAJOR-PROJECT\archive\OriginalDataset\NonDemented\nonDem1670.jpg,NonDemented,0
C:\Users\HP\OneDrive\Documents\GitHub\MAJOR-PROJECT\archive\OriginalDataset\VeryMildDemented\28 (67).jpg,VeryMildDemented,1
C:\Users\HP\OneDrive\Documents\GitHub\MAJOR-PROJECT\archive\OriginalDataset\NonDemented\nonDem1426.jpg,NonDemented,0
C:\Users\HP\OneDrive\Documents\GitHub\MAJOR-PROJECT\archive\OriginalDataset\VeryMildDemented\verymildDem1181.jpg,VeryMildDemented,1
C:\Users\HP\OneDrive\Documents\GitHub\MAJOR-PROJECT\archive\OriginalDataset\NonDemented\nonDem2358.jpg,NonDemented,0
C:\Users\HP\OneDrive\Documents\GitHub\MAJOR-PROJECT\archive\OriginalDataset\NonDemented\nonDem1276.jpg,NonDemented,0
C:\Users\HP\OneDrive\Documents\GitHub\MAJOR-PROJECT\archive\OriginalDataset\NonDemented\nonDem822.jpg,NonDemented,0
C:\Users\HP\OneDrive\Documents\GitHub\MAJOR-PROJECT\archive\OriginalDataset\VeryMildDemented\verymildDem221.jpg,VeryMildDemented,1
C:\Users\HP\OneDrive\Documents\GitHub\MAJOR-PROJECT\archive\OriginalDataset\NonDemented\nonDem1891.jpg,NonDemented,0
C:\Users\HP\OneDrive\Documents\GitHub\MAJOR-PROJECT\archive\OriginalDataset\NonDemented\27 (18).jpg,NonDemented,0
C:\Users\HP\OneDrive\Documents\GitHub\MAJOR-PROJECT\archive\OriginalDataset\VeryMildDemented\30 (15).jpg,VeryMildDemented,1
C:\Users\HP\OneDrive\Documents\GitHub\MAJOR-PROJECT\archive\OriginalDataset\MildDemented\mildDem108.jpg,MildDemented,1
C:\Users\HP\OneDrive\Documents\GitHub\MAJOR-PROJECT\archive\OriginalDataset\VeryMildDemented\27 (58).jpg,VeryMildDemented,1
C:\Users\HP\OneDrive\Documents\GitHub\MAJOR-PROJECT\archive\OriginalDataset\NonDemented\30 (40).jpg,NonDemented,0
C:\Users\HP\OneDrive\Documents\GitHub\MAJOR-PROJECT\archive\OriginalDataset\NonDemented\nonDem1328.jpg,NonDemented,0
C:\Users\HP\OneDrive\Documents\GitHub\MAJOR-PROJECT\archive\OriginalDataset\NonDemented\nonDem756.jpg,NonDemented,0
C:\Users\HP\OneDrive\Documents\GitHub\MAJOR-PROJECT\archive\OriginalDataset\NonDemented\nonDem224.jpg,NonDemented,0
C:\Users\HP\OneDrive\Documents\GitHub\MAJOR-PROJECT\archive\OriginalDataset\VeryMildDemented\verymildDem387.jpg,VeryMildDemented,1
C:\Users\HP\OneDrive\Documents\GitHub\MAJOR-PROJECT\archive\OriginalDataset\NonDemented\31 (42).jpg,NonDemented,0
C:\Users\HP\OneDrive\Documents\GitHub\MAJOR-PROJECT\archive\OriginalDataset\VeryMildDemented\verymildDem635.jpg,VeryMildDemented,1
C:\Users\HP\OneDrive\Documents\GitHub\MAJOR-PROJECT\archive\OriginalDataset\NonDemented\nonDem1180.jpg,NonDemented,0
C:\Users\HP\OneDrive\Documents\GitHub\MAJOR-PROJECT\archive\OriginalDataset\NonDemented\30 (96).jpg,NonDemented,0
C:\Users\HP\OneDrive\Documents\GitHub\MAJOR-PROJECT\archive\OriginalDataset\NonDemented\nonDem2320.jpg,NonDemented,0
C:\Users\HP\OneDrive\Documents\GitHub\MAJOR-PROJECT\archive\OriginalDataset\ModerateDemented\moderateDem45.jpg,ModerateDemented,1
C:\Users\HP\OneDrive\Documents\GitHub\MAJOR-PROJECT\archive\OriginalDataset\NonDemented\nonDem1236.jpg,NonDemented,0
C:\Users\HP\OneDrive\Documents\GitHub\MAJOR-PROJECT\archive\OriginalDataset\MildDemented\mildDem688.jpg,MildDemented,1
C:\Users\HP\OneDrive\Documents\GitHub\MAJOR-PROJECT\archive\OriginalDataset\NonDemented\30 (90).jpg,NonDemented,0
C:\Users\HP\OneDrive\Documents\GitHub\MAJOR-PROJECT\archive\OriginalDataset\VeryMildDemented\32 (62).jpg,VeryMildDemented,1
C:\Users\HP\OneDrive\Documents\GitHub\MAJOR-PROJECT\archive\OriginalDataset\NonDemented\nonDem2552.jpg,NonDemented,0
C:\Users\HP\OneDrive\Documents\GitHub\MAJOR-PROJECT\archive\OriginalDataset\NonDemented\31 (64).jpg,NonDemented,0
C:\Users\HP\OneDrive\Documents\GitHub\MAJOR-PROJECT\archive\OriginalDataset\VeryMildDemented\verymildDem404.jpg,VeryMildDemented,1
C:\Users\HP\OneDrive\Documents\GitHub\MAJOR-PROJECT\archive\OriginalDataset\VeryMildDemented\verymildDem1010.jpg,VeryMildDemented,1
C:\Users\HP\OneDrive\Documents\GitHub\MAJOR-PROJECT\archive\OriginalDataset\MildDemented\mildDem572.jpg,MildDemented,1
C:\Users\HP\OneDrive\Documents\GitHub\MAJOR-PROJECT\archive\OriginalDataset\VeryMildDemented\verymildDem1638.jpg,VeryMildDemented,1
C:\Users\HP\OneDrive\Documents\GitHub\MAJOR-PROJECT\archive\OriginalDataset\NonDemented\30 (30).jpg,NonDemented,0
C:\Users\HP\OneDrive\Documents\GitHub\MAJOR-PROJECT\archive\OriginalDataset\NonDemented\nonDem149.jpg,NonDemented,0
C:\Users\HP\OneDrive\Documents\GitHub\MAJOR-PROJECT\archive\OriginalDataset\VeryMildDemented\31 (2).jpg,VeryMildDemented,1
C:\Users\HP\OneDrive\Documents\GitHub\MAJOR-PROJECT\archive\OriginalDataset\NonDemented\nonDem1632.jpg,NonDemented,0
C:\Users\HP\OneDrive\Documents\GitHub\MAJOR-PROJECT\archive\OriginalDataset\NonDemented\nonDem955.jpg,NonDemented,0
C:\Users\HP\OneDrive\Documents\GitHub\MAJOR-PROJECT\archive\OriginalDataset\NonDemented\nonDem2485.jpg,NonDemented,0
C:\Users\HP\OneDrive\Documents\GitHub\MAJOR-PROJECT\archive\OriginalDataset\MildDemented\28 (16).jpg,MildDemented,1
C:\Users\HP\OneDrive\Documents\GitHub\MAJOR-PROJECT\archive\OriginalDataset\NonDemented\nonDem10.jpg,NonDemented,0
C:\Users\HP\OneDrive\Documents\GitHub\MAJOR-PROJECT\archive\OriginalDataset\MildDemented\mildDem36.jpg,MildDemented,1
C:\Users\HP\OneDrive\Documents\GitHub\MAJOR-PROJECT\archive\OriginalDataset\VeryMildDemented\verymildDem256.jpg,VeryMildDemented,1
C:\Users\HP\OneDrive\Documents\GitHub\MAJOR-PROJECT\archive\OriginalDataset\NonDemented\nonDem1401.jpg,NonDemented,0
C:\Users\HP\OneDrive\Documents\GitHub\MAJOR-PROJECT\archive\OriginalDataset\NonDemented\nonDem2519.jpg,NonDemented,0
C:\Users\HP\OneDrive\Documents\GitHub\MAJOR-PROJECT\archive\OriginalDataset\VeryMildDemented\27 (38).jpg,VeryMildDemented,1
C:\Users\HP\OneDrive\Documents\GitHub\MAJOR-PROJECT\archive\OriginalDataset\NonDemented\nonDem120.jpg,NonDemented,0
C:\Users\HP\OneDrive\Documents\GitHub\MAJOR-PROJECT\archive\OriginalDataset\VeryMildDemented\29 (63).jpg,VeryMildDemented,1
C:\Users\HP\OneDrive\Documents\GitHub\MAJOR-PROJECT\archive\OriginalDataset\VeryMildDemented\verymildDem672.jpg,VeryMildDemented,1
C:\Users\HP\OneDrive\Documents\GitHub\MAJOR-PROJECT\archive\OriginalDataset\NonDemented\27 (9).jpg,NonDemented,0
C:\Users\HP\OneDrive\Documents\GitHub\MAJOR-PROJECT\archive\OriginalDataset\MildDemented\mildDem671.jpg,MildDemented,1
C:\Users\HP\OneDrive\Documents\GitHub\MAJOR-PROJECT\archive\OriginalDataset\NonDemented\nonDem2126.jpg,NonDemented,0
C:\Users\HP\OneDrive\Documents\GitHub\MAJOR-PROJECT\archive\OriginalDataset\VeryMildDemented\verymildDem618.jpg,VeryMildDemented,1
C:\Users\HP\OneDrive\Documents\GitHub\MAJOR-PROJECT\archive\OriginalDataset\NonDemented\nonDem439.jpg,NonDemented,0
C:\Users\HP\OneDrive\Documents\GitHub\MAJOR-PROJECT\archive\OriginalDataset\NonDemented\nonDem2105.jpg,NonDemented,0
C:\Users\HP\OneDrive\Documents\GitHub\MAJOR-PROJECT\archive\OriginalDataset\MildDemented\28 (17).jpg,MildDemented,1
C:\Users\HP\OneDrive\Documents\GitHub\MAJOR-PROJECT\archive\OriginalDataset\NonDemented\nonDem1241.jpg,NonDemented,0
C:\Users\HP\OneDrive\Documents\GitHub\MAJOR-PROJECT\archive\OriginalDataset\VeryMildDemented\verymildDem922.jpg,VeryMildDemented,1
C:\Users\HP\OneDrive\Documents\GitHub\MAJOR-PROJECT\archive\OriginalDataset\VeryMildDemented\28 (46).jpg,VeryMildDemented,1
C:\Users\HP\OneDrive\Documents\GitHub\MAJOR-PROJECT\archive\OriginalDataset\MildDemented\mildDem8.jpg,MildDemented,1
C:\Users\HP\OneDrive\Documents\GitHub\MAJOR-PROJECT\archive\OriginalDataset\VeryMildDemented\verymildDem1332.jpg,VeryMildDemented,1
C:\Users\HP\OneDrive\Documents\GitHub\MAJOR-PROJECT\archive\OriginalDataset\MildDemented\mildDem193.jpg,MildDemented,1
C:\Users\HP\OneDrive\Documents\GitHub\MAJOR-PROJECT\archive\OriginalDataset\MildDemented\mildDem657.jpg,MildDemented,1
C:\Users\HP\OneDrive\Documents\GitHub\MAJOR-PROJECT\archive\OriginalDataset\VeryMildDemented\verymildDem699.jpg,VeryMildDemented,1
C:\Users\HP\OneDrive\Documents\GitHub\MAJOR-PROJECT\archive\OriginalDataset\NonDemented\nonDem1595.jpg,NonDemented,0
C:\Users\HP\OneDrive\Documents\GitHub\MAJOR-PROJECT\archive\OriginalDataset\NonDemented\nonDem1704.jpg,NonDemented,0
C:\Users\HP\OneDrive\Documents\GitHub\MAJOR-PROJECT\archive\OriginalDataset\NonDemented\nonDem1847.jpg,NonDemented,0
C:\Users\HP\OneDrive\Documents\GitHub\MAJOR-PROJECT\archive\OriginalDataset\NonDemented\nonDem353.jpg,NonDemented,0
C:\Users\HP\OneDrive\Documents\GitHub\MAJOR-PROJECT\archive\OriginalDataset\NonDemented\32 (12).jpg,NonDemented,0
C:\Users\HP\OneDrive\Documents\GitHub\MAJOR-PROJECT\archive\OriginalDataset\VeryMildDemented\verymildDem222.jpg,VeryMildDemented,1
C:\Users\HP\OneDrive\Documents\GitHub\MAJOR-PROJECT\archive\OriginalDataset\VeryMildDemented\verymildDem1053.jpg,VeryMildDemented,1
C:\Users\HP\OneDrive\Documents\GitHub\MAJOR-PROJECT\archive\OriginalDataset\VeryMildDemented\31 (22).jpg,VeryMildDemented,1
C:\Users\HP\OneDrive\Documents\GitHub\MAJOR-PROJECT\archive\OriginalDataset\VeryMildDemented\verymildDem292.jpg,VeryMildDemented,1
C:\Users\HP\OneDrive\Documents\GitHub\MAJOR-PROJECT\archive\OriginalDataset\NonDemented\nonDem383.jpg,NonDemented,0
C:\Users\HP\OneDrive\Documents\GitHub\MAJOR-PROJECT\archive\OriginalDataset\VeryMildDemented\verymildDem876.jpg,VeryMildDemented,1
C:\Users\HP\OneDrive\Documents\GitHub\MAJOR-PROJECT\archive\OriginalDataset\VeryMildDemented\verymildDem725.jpg,VeryMildDemented,1
C:\Users\HP\OneDrive\Documents\GitHub\MAJOR-PROJECT\archive\OriginalDataset\NonDemented\nonDem1971.jpg,NonDemented,0
C:\Users\HP\OneDrive\Documents\GitHub\MAJOR-PROJECT\archive\OriginalDataset\MildDemented\mildDem396.jpg,MildDemented,1
C:\Users\HP\OneDrive\Documents\GitHub\MAJOR-PROJECT\archive\OriginalDataset\MildDemented\29 (8).jpg,MildDemented,1
C:\Users\HP\OneDrive\Documents\GitHub\MAJOR-PROJECT\archive\OriginalDataset\NonDemented\nonDem1132.jpg,NonDemented,0
C:\Users\HP\OneDrive\Documents\GitHub\MAJOR-PROJECT\archive\OriginalDataset\VeryMildDemented\verymildDem904.jpg,VeryMildDemented,1
C:\Users\HP\OneDrive\Documents\GitHub\MAJOR-PROJECT\archive\OriginalDataset\MildDemented\mildDem219.jpg,MildDemented,1
C:\Users\HP\OneDrive\Documents\GitHub\MAJOR-PROJECT\archive\OriginalDataset\VeryMildDemented\31 (31).jpg,VeryMildDemented,1
C:\Users\HP\OneDrive\Documents\GitHub\MAJOR-PROJECT\archive\OriginalDataset\NonDemented\28 (89).jpg,NonDemented,0
C:\Users\HP\OneDrive\Documents\GitHub\MAJOR-PROJECT\archive\OriginalDataset\MildDemented\mildDem34.jpg,MildDemented,1
C:\Users\HP\OneDrive\Documents\GitHub\MAJOR-PROJECT\archive\OriginalDataset\VeryMildDemented\verymildDem201.jpg,VeryMildDemented,1
C:\Users\HP\OneDrive\Documents\GitHub\MAJOR-PROJECT\archive\OriginalDataset\NonDemented\30 (69).jpg,NonDemented,0
C:\Users\HP\OneDrive\Documents\GitHub\MAJOR-PROJECT\archive\OriginalDataset\NonDemented\nonDem337.jpg,NonDemented,0
C:\Users\HP\OneDrive\Documents\GitHub\MAJOR-PROJECT\archive\OriginalDataset\NonDemented\nonDem2356.jpg,NonDemented,0
C:\Users\HP\OneDrive\Documents\GitHub\MAJOR-PROJECT\archive\OriginalDataset\VeryMildDemented\28 (15).jpg,VeryMildDemented,1
C:\Users\HP\OneDrive\Documents\GitHub\MAJOR-PROJECT\archive\OriginalDataset\MildDemented\31.jpg,MildDemented,1
C:\Users\HP\OneDrive\Documents\GitHub\MAJOR-PROJECT\archive\OriginalDataset\NonDemented\nonDem2014.jpg,NonDemented,0
C:\Users\HP\OneDrive\Documents\GitHub\MAJOR-PROJECT\archive\OriginalDataset\VeryMildDemented\verymildDem128.jpg,VeryMildDemented,1
C:\Users\HP\OneDrive\Documents\GitHub\MAJOR-PROJECT\archive\OriginalDataset\NonDemented\31 (91).jpg,NonDemented,0
C:\Users\HP\OneDrive\Documents\GitHub\MAJOR-PROJECT\archive\OriginalDataset\VeryMildDemented\verymildDem769.jpg,VeryMildDemented,1
C:\Users\HP\OneDrive\Documents\GitHub\MAJOR-PROJECT\archive\OriginalDataset\VeryMildDemented\26 (51).jpg,VeryMildDemented,1
C:\Users\HP\OneDrive\Documents\GitHub\MAJOR-PROJECT\archive\OriginalDataset\VeryMildDemented\verymildDem1095.jpg,VeryMildDemented,1
C:\Users\HP\OneDrive\Documents\GitHub\MAJOR-PROJECT\archive\OriginalDataset\NonDemented\27 (2).jpg,NonDemented,0
C:\Users\HP\OneDrive\Documents\GitHub\MAJOR-PROJECT\archive\OriginalDataset\NonDemented\29 (39).jpg,NonDemented,0
C:\Users\HP\OneDrive\Documents\GitHub\MAJOR-PROJECT\archive\OriginalDataset\VeryMildDemented\verymildDem302.jpg,VeryMildDemented,1
C:\Users\HP\OneDrive\Documents\GitHub\MAJOR-PROJECT\archive\OriginalDataset\NonDemented\nonDem230.jpg,NonDemented,0
C:\Users\HP\OneDrive\Documents\GitHub\MAJOR-PROJECT\archive\OriginalDataset\NonDemented\nonDem1414.jpg,NonDemented,0
C:\Users\HP\OneDrive\Documents\GitHub\MAJOR-PROJECT\archive\OriginalDataset\MildDemented\30 (2).jpg,MildDemented,1
C:\Users\HP\OneDrive\Documents\GitHub\MAJOR-PROJECT\archive\OriginalDataset\NonDemented\nonDem1026.jpg,NonDemented,0
C:\Users\HP\OneDrive\Documents\GitHub\MAJOR-PROJECT\archive\OriginalDataset\NonDemented\27 (69).jpg,NonDemented,0
C:\Users\HP\OneDrive\Documents\GitHub\MAJOR-PROJECT\archive\OriginalDataset\MildDemented\mildDem527.jpg,MildDemented,1
C:\Users\HP\OneDrive\Documents\GitHub\MAJOR-PROJECT\archive\OriginalDataset\NonDemented\nonDem523.jpg,NonDemented,0
C:\Users\HP\OneDrive\Documents\GitHub\MAJOR-PROJECT\archive\OriginalDataset\NonDemented\nonDem1337.jpg,NonDemented,0
C:\Users\HP\OneDrive\Documents\GitHub\MAJOR-PROJECT\archive\OriginalDataset\VeryMildDemented\verymildDem13.jpg,VeryMildDemented,1
C:\Users\HP\OneDrive\Documents\GitHub\MAJOR-PROJECT\archive\OriginalDataset\MildDemented\mildDem559.jpg,MildDemented,1
C:\Users\HP\OneDrive\Documents\GitHub\MAJOR-PROJECT\archive\OriginalDataset\VeryMildDemented\verymildDem230.jpg,VeryMildDemented,1
C:\Users\HP\OneDrive\Documents\GitHub\MAJOR-PROJECT\archive\OriginalDataset\NonDemented\nonDem1830.jpg,NonDemented,0
C:\Users\HP\OneDrive\Documents\GitHub\MAJOR-PROJECT\archive\OriginalDataset\NonDemented\nonDem357.jpg,NonDemented,0
C:\Users\HP\OneDrive\Documents\GitHub\MAJOR-PROJECT\archive\OriginalDataset\NonDemented\31 (39).jpg,NonDemented,0
C:\Users\HP\OneDrive\Documents\GitHub\MAJOR-PROJECT\archive\OriginalDataset\NonDemented\nonDem2336.jpg,NonDemented,0
C:\Users\HP\OneDrive\Documents\GitHub\MAJOR-PROJECT\archive\OriginalDataset\NonDemented\nonDem1750.jpg,NonDemented,0
C:\Users\HP\OneDrive\Documents\GitHub\MAJOR-PROJECT\archive\OriginalDataset\NonDemented\29 (90).jpg,NonDemented,0
C:\Users\HP\OneDrive\Documents\GitHub\MAJOR-PROJECT\archive\OriginalDataset\VeryMildDemented\verymildDem796.jpg,VeryMildDemented,1
C:\Users\HP\OneDrive\Documents\GitHub\MAJOR-PROJECT\archive\OriginalDataset\NonDemented\nonDem1371.jpg,NonDemented,0
C:\Users\HP\OneDrive\Documents\GitHub\MAJOR-PROJECT\archive\OriginalDataset\NonDemented\nonDem1535.jpg,NonDemented,0
C:\Users\HP\OneDrive\Documents\GitHub\MAJOR-PROJECT\archive\OriginalDataset\NonDemented\nonDem1630.jpg,NonDemented,0
C:\Users\HP\OneDrive\Documents\GitHub\MAJOR-PROJECT\archive\OriginalDataset\MildDemented\27 (18).jpg,MildDemented,1
C:\Users\HP\OneDrive\Documents\GitHub\MAJOR-PROJECT\archive\OriginalDataset\NonDemented\nonDem2323.jpg,NonDemented,0
C:\Users\HP\OneDrive\Documents\GitHub\MAJOR-PROJECT\archive\OriginalDataset\VeryMildDemented\verymildDem1092.jpg,VeryMildDemented,1
C:\Users\HP\OneDrive\Documents\GitHub\MAJOR-PROJECT\archive\OriginalDataset\NonDemented\nonDem1301.jpg,NonDemented,0
C:\Users\HP\OneDrive\Documents\GitHub\MAJOR-PROJECT\archive\OriginalDataset\NonDemented\nonDem1031.jpg,NonDemented,0
C:\Users\HP\OneDrive\Documents\GitHub\MAJOR-PROJECT\archive\OriginalDataset\VeryMildDemented\verymildDem466.jpg,VeryMildDemented,1
C:\Users\HP\OneDrive\Documents\GitHub\MAJOR-PROJECT\archive\OriginalDataset\NonDemented\nonDem1658.jpg,NonDemented,0
C:\Users\HP\OneDrive\Documents\GitHub\MAJOR-PROJECT\archive\OriginalDataset\VeryMildDemented\verymildDem810.jpg,VeryMildDemented,1
C:\Users\HP\OneDrive\Documents\GitHub\MAJOR-PROJECT\archive\OriginalDataset\NonDemented\nonDem680.jpg,NonDemented,0
C:\Users\HP\OneDrive\Documents\GitHub\MAJOR-PROJECT\archive\OriginalDataset\VeryMildDemented\verymildDem1524.jpg,VeryMildDemented,1
C:\Users\HP\OneDrive\Documents\GitHub\MAJOR-PROJECT\archive\OriginalDataset\VeryMildDemented\verymildDem1272.jpg,VeryMildDemented,1
C:\Users\HP\OneDrive\Documents\GitHub\MAJOR-PROJECT\archive\OriginalDataset\NonDemented\nonDem2247.jpg,NonDemented,0
C:\Users\HP\OneDrive\Documents\GitHub\MAJOR-PROJECT\archive\OriginalDataset\NonDemented\nonDem2541.jpg,NonDemented,0
C:\Users\HP\OneDrive\Documents\GitHub\MAJOR-PROJECT\archive\OriginalDataset\NonDemented\29 (70).jpg,NonDemented,0
C:\Users\HP\OneDrive\Documents\GitHub\MAJOR-PROJECT\archive\OriginalDataset\NonDemented\nonDem329.jpg,NonDemented,0
C:\Users\HP\OneDrive\Documents\GitHub\MAJOR-PROJECT\archive\OriginalDataset\NonDemented\nonDem895.jpg,NonDemented,0
C:\Users\HP\OneDrive\Documents\GitHub\MAJOR-PROJECT\archive\OriginalDataset\NonDemented\nonDem2160.jpg,NonDemented,0
C:\Users\HP\OneDrive\Documents\GitHub\MAJOR-PROJECT\archive\OriginalDataset\MildDemented\mildDem120.jpg,MildDemented,1
C:\Users\HP\OneDrive\Documents\GitHub\MAJOR-PROJECT\archive\OriginalDataset\NonDemented\nonDem2239.jpg,NonDemented,0
C:\Users\HP\OneDrive\Documents\GitHub\MAJOR-PROJECT\archive\OriginalDataset\MildDemented\mildDem276.jpg,MildDemented,1
C:\Users\HP\OneDrive\Documents\GitHub\MAJOR-PROJECT\archive\OriginalDataset\NonDemented\nonDem154.jpg,NonDemented,0
C:\Users\HP\OneDrive\Documents\GitHub\MAJOR-PROJECT\archive\OriginalDataset\NonDemented\nonDem48.jpg,NonDemented,0
C:\Users\HP\OneDrive\Documents\GitHub\MAJOR-PROJECT\archive\OriginalDataset\VeryMildDemented\verymildDem639.jpg,VeryMildDemented,1
C:\Users\HP\OneDrive\Documents\GitHub\MAJOR-PROJECT\archive\OriginalDataset\NonDemented\nonDem2480.jpg,NonDemented,0
C:\Users\HP\OneDrive\Documents\GitHub\MAJOR-PROJECT\archive\OriginalDataset\NonDemented\nonDem2228.jpg,NonDemented,0
C:\Users\HP\OneDrive\Documents\GitHub\MAJOR-PROJECT\archive\OriginalDataset\NonDemented\28 (25).jpg,NonDemented,0
C:\Users\HP\OneDrive\Documents\GitHub\MAJOR-PROJECT\archive\OriginalDataset\MildDemented\mildDem169.jpg,MildDemented,1
C:\Users\HP\OneDrive\Documents\GitHub\MAJOR-PROJECT\archive\OriginalDataset\NonDemented\nonDem806.jpg,NonDemented,0
C:\Users\HP\OneDrive\Documents\GitHub\MAJOR-PROJECT\archive\OriginalDataset\NonDemented\29 (68).jpg,NonDemented,0
C:\Users\HP\OneDrive\Documents\GitHub\MAJOR-PROJECT\archive\OriginalDataset\VeryMildDemented\verymildDem555.jpg,VeryMildDemented,1
C:\Users\HP\OneDrive\Documents\GitHub\MAJOR-PROJECT\archive\OriginalDataset\NonDemented\nonDem198.jpg,NonDemented,0
C:\Users\HP\OneDrive\Documents\GitHub\MAJOR-PROJECT\archive\OriginalDataset\NonDemented\nonDem1831.jpg,NonDemented,0
C:\Users\HP\OneDrive\Documents\GitHub\MAJOR-PROJECT\archive\OriginalDataset\MildDemented\mildDem656.jpg,MildDemented,1
C:\Users\HP\OneDrive\Documents\GitHub\MAJOR-PROJECT\archive\OriginalDataset\VeryMildDemented\verymildDem681.jpg,VeryMildDemented,1
C:\Users\HP\OneDrive\Documents\GitHub\MAJOR-PROJECT\archive\OriginalDataset\VeryMildDemented\verymildDem960.jpg,VeryMildDemented,1
C:\Users\HP\OneDrive\Documents\GitHub\MAJOR-PROJECT\archive\OriginalDataset\MildDemented\mildDem529.jpg,MildDemented,1
C:\Users\HP\OneDrive\Documents\GitHub\MAJOR-PROJECT\archive\OriginalDataset\MildDemented\mildDem634.jpg,MildDemented,1
C:\Users\HP\OneDrive\Documents\GitHub\MAJOR-PROJECT\archive\OriginalDataset\MildDemented\mildDem466.jpg,MildDemented,1
C:\Users\HP\OneDrive\Documents\GitHub\MAJOR-PROJECT\archive\OriginalDataset\NonDemented\nonDem335.jpg,NonDemented,0
C:\Users\HP\OneDrive\Documents\GitHub\MAJOR-PROJECT\archive\OriginalDataset\NonDemented\nonDem1360.jpg,NonDemented,0
C:\Users\HP\OneDrive\Documents\GitHub\MAJOR-PROJECT\archive\OriginalDataset\VeryMildDemented\31 (19).jpg,VeryMildDemented,1
C:\Users\HP\OneDrive\Documents\GitHub\MAJOR-PROJECT\archive\OriginalDataset\NonDemented\nonDem2463.jpg,NonDemented,0
C:\Users\HP\OneDrive\Documents\GitHub\MAJOR-PROJECT\archive\OriginalDataset\MildDemented\mildDem467.jpg,MildDemented,1
C:\Users\HP\OneDrive\Documents\GitHub\MAJOR-PROJECT\archive\OriginalDataset\NonDemented\32 (62).jpg,NonDemented,0
C:\Users\HP\OneDrive\Documents\GitHub\MAJOR-PROJECT\archive\OriginalDataset\VeryMildDemented\verymildDem54.jpg,VeryMildDemented,1
C:\Users\HP\OneDrive\Documents\GitHub\MAJOR-PROJECT\archive\OriginalDataset\VeryMildDemented\verymildDem823.jpg,VeryMildDemented,1
C:\Users\HP\OneDrive\Documents\GitHub\MAJOR-PROJECT\archive\OriginalDataset\VeryMildDemented\verymildDem1297.jpg,VeryMildDemented,1
C:\Users\HP\OneDrive\Documents\GitHub\MAJOR-PROJECT\archive\OriginalDataset\VeryMildDemented\verymildDem1209.jpg,VeryMildDemented,1
C:\Users\HP\OneDrive\Documents\GitHub\MAJOR-PROJECT\archive\OriginalDataset\NonDemented\nonDem1418.jpg,NonDemented,0
C:\Users\HP\OneDrive\Documents\GitHub\MAJOR-PROJECT\archive\OriginalDataset\NonDemented\29 (45).jpg,NonDemented,0
C:\Users\HP\OneDrive\Documents\GitHub\MAJOR-PROJECT\archive\OriginalDataset\VeryMildDemented\31 (50).jpg,VeryMildDemented,1
C:\Users\HP\OneDrive\Documents\GitHub\MAJOR-PROJECT\archive\OriginalDataset\VeryMildDemented\verymildDem171.jpg,VeryMildDemented,1
C:\Users\HP\OneDrive\Documents\GitHub\MAJOR-PROJECT\archive\OriginalDataset\NonDemented\nonDem933.jpg,NonDemented,0
C:\Users\HP\OneDrive\Documents\GitHub\MAJOR-PROJECT\archive\OriginalDataset\VeryMildDemented\verymildDem216.jpg,VeryMildDemented,1
C:\Users\HP\OneDrive\Documents\GitHub\MAJOR-PROJECT\archive\OriginalDataset\NonDemented\nonDem776.jpg,NonDemented,0
C:\Users\HP\OneDrive\Documents\GitHub\MAJOR-PROJECT\archive\OriginalDataset\ModerateDemented\moderateDem24.jpg,ModerateDemented,1
C:\Users\HP\OneDrive\Documents\GitHub\MAJOR-PROJECT\archive\OriginalDataset\VeryMildDemented\verymildDem1537.jpg,VeryMildDemented,1
C:\Users\HP\OneDrive\Documents\GitHub\MAJOR-PROJECT\archive\OriginalDataset\MildDemented\mildDem224.jpg,MildDemented,1
C:\Users\HP\OneDrive\Documents\GitHub\MAJOR-PROJECT\archive\OriginalDataset\NonDemented\nonDem1242.jpg,NonDemented,0
C:\Users\HP\OneDrive\Documents\GitHub\MAJOR-PROJECT\archive\OriginalDataset\VeryMildDemented\verymildDem1096.jpg,VeryMildDemented,1
C:\Users\HP\OneDrive\Documents\GitHub\MAJOR-PROJECT\archive\OriginalDataset\MildDemented\mildDem593.jpg,MildDemented,1
C:\Users\HP\OneDrive\Documents\GitHub\MAJOR-PROJECT\archive\OriginalDataset\MildDemented\mildDem586.jpg,MildDemented,1
C:\Users\HP\OneDrive\Documents\GitHub\MAJOR-PROJECT\archive\OriginalDataset\NonDemented\32 (92).jpg,NonDemented,0
C:\Users\HP\OneDrive\Documents\GitHub\MAJOR-PROJECT\archive\OriginalDataset\NonDemented\nonDem1918.jpg,NonDemented,0
C:\Users\HP\OneDrive\Documents\GitHub\MAJOR-PROJECT\archive\OriginalDataset\VeryMildDemented\verymildDem1455.jpg,VeryMildDemented,1
C:\Users\HP\OneDrive\Documents\GitHub\MAJOR-PROJECT\archive\OriginalDataset\VeryMildDemented\27 (19).jpg,VeryMildDemented,1
C:\Users\HP\OneDrive\Documents\GitHub\MAJOR-PROJECT\archive\OriginalDataset\VeryMildDemented\30 (67).jpg,VeryMildDemented,1
C:\Users\HP\OneDrive\Documents\GitHub\MAJOR-PROJECT\archive\OriginalDataset\MildDemented\mildDem706.jpg,MildDemented,1
C:\Users\HP\OneDrive\Documents\GitHub\MAJOR-PROJECT\archive\OriginalDataset\VeryMildDemented\30 (32).jpg,VeryMildDemented,1
C:\Users\HP\OneDrive\Documents\GitHub\MAJOR-PROJECT\archive\OriginalDataset\NonDemented\nonDem1686.jpg,NonDemented,0
C:\Users\HP\OneDrive\Documents\GitHub\MAJOR-PROJECT\archive\OriginalDataset\VeryMildDemented\verymildDem1597.jpg,VeryMildDemented,1
C:\Users\HP\OneDrive\Documents\GitHub\MAJOR-PROJECT\archive\OriginalDataset\MildDemented\30 (15).jpg,MildDemented,1
C:\Users\HP\OneDrive\Documents\GitHub\MAJOR-PROJECT\archive\OriginalDataset\MildDemented\mildDem444.jpg,MildDemented,1
C:\Users\HP\OneDrive\Documents\GitHub\MAJOR-PROJECT\archive\OriginalDataset\MildDemented\mildDem245.jpg,MildDemented,1
C:\Users\HP\OneDrive\Documents\GitHub\MAJOR-PROJECT\archive\OriginalDataset\NonDemented\nonDem2381.jpg,NonDemented,0
C:\Users\HP\OneDrive\Documents\GitHub\MAJOR-PROJECT\archive\OriginalDataset\NonDemented\nonDem21.jpg,NonDemented,0
C:\Users\HP\OneDrive\Documents\GitHub\MAJOR-PROJECT\archive\OriginalDataset\NonDemented\nonDem2461.jpg,NonDemented,0
C:\Users\HP\OneDrive\Documents\GitHub\MAJOR-PROJECT\archive\OriginalDataset\NonDemented\nonDem277.jpg,NonDemented,0
C:\Users\HP\OneDrive\Documents\GitHub\MAJOR-PROJECT\archive\OriginalDataset\NonDemented\nonDem1651.jpg,NonDemented,0
C:\Users\HP\OneDrive\Documents\GitHub\MAJOR-PROJECT\archive\OriginalDataset\VeryMildDemented\verymildDem1302.jpg,VeryMildDemented,1
C:\Users\HP\OneDrive\Documents\GitHub\MAJOR-PROJECT\archive\OriginalDataset\VeryMildDemented\verymildDem1237.jpg,VeryMildDemented,1
C:\Users\HP\OneDrive\Documents\GitHub\MAJOR-PROJECT\archive\OriginalDataset\VeryMildDemented\28 (34).jpg,VeryMildDemented,1
C:\Users\HP\OneDrive\Documents\GitHub\MAJOR-PROJECT\archive\OriginalDataset\NonDemented\30 (18).jpg,NonDemented,0
C:\Users\HP\OneDrive\Documents\GitHub\MAJOR-PROJECT\archive\OriginalDataset\MildDemented\mildDem662.jpg,MildDemented,1
C:\Users\HP\OneDrive\Documents\GitHub\MAJOR-PROJECT\archive\OriginalDataset\NonDemented\nonDem1092.jpg,NonDemented,0
C:\Users\HP\OneDrive\Documents\GitHub\MAJOR-PROJECT\archive\OriginalDataset\MildDemented\mildDem509.jpg,MildDemented,1
C:\Users\HP\OneDrive\Documents\GitHub\MAJOR-PROJECT\archive\OriginalDataset\NonDemented\nonDem1915.jpg,NonDemented,0
C:\Users\HP\OneDrive\Documents\GitHub\MAJOR-PROJECT\archive\OriginalDataset\MildDemented\mildDem612.jpg,MildDemented,1
C:\Users\HP\OneDrive\Documents\GitHub\MAJOR-PROJECT\archive\OriginalDataset\NonDemented\nonDem1826.jpg,NonDemented,0
C:\Users\HP\OneDrive\Documents\GitHub\MAJOR-PROJECT\archive\OriginalDataset\NonDemented\nonDem2212.jpg,NonDemented,0
C:\Users\HP\OneDrive\Documents\GitHub\MAJOR-PROJECT\archive\OriginalDataset\VeryMildDemented\verymildDem504.jpg,VeryMildDemented,1
C:\Users\HP\OneDrive\Documents\GitHub\MAJOR-PROJECT\archive\OriginalDataset\NonDemented\nonDem2389.jpg,NonDemented,0
C:\Users\HP\OneDrive\Documents\GitHub\MAJOR-PROJECT\archive\OriginalDataset\NonDemented\nonDem131.jpg,NonDemented,0
C:\Users\HP\OneDrive\Documents\GitHub\MAJOR-PROJECT\archive\OriginalDataset\VeryMildDemented\verymildDem233.jpg,VeryMildDemented,1
C:\Users\HP\OneDrive\Documents\GitHub\MAJOR-PROJECT\archive\OriginalDataset\MildDemented\mildDem435.jpg,MildDemented,1
C:\Users\HP\OneDrive\Documents\GitHub\MAJOR-PROJECT\archive\OriginalDataset\VeryMildDemented\verymildDem117.jpg,VeryMildDemented,1
C:\Users\HP\OneDrive\Documents\GitHub\MAJOR-PROJECT\archive\OriginalDataset\VeryMildDemented\verymildDem514.jpg,VeryMildDemented,1
C:\Users\HP\OneDrive\Documents\GitHub\MAJOR-PROJECT\archive\OriginalDataset\VeryMildDemented\verymildDem285.jpg,VeryMildDemented,1
C:\Users\HP\OneDrive\Documents\GitHub\MAJOR-PROJECT\archive\OriginalDataset\NonDemented\nonDem116.jpg,NonDemented,0
C:\Users\HP\OneDrive\Documents\GitHub\MAJOR-PROJECT\archive\OriginalDataset\NonDemented\nonDem312.jpg,NonDemented,0
C:\Users\HP\OneDrive\Documents\GitHub\MAJOR-PROJECT\archive\OriginalDataset\NonDemented\nonDem1743.jpg,NonDemented,0
C:\Users\HP\OneDrive\Documents\GitHub\MAJOR-PROJECT\archive\OriginalDataset\VeryMildDemented\verymildDem1771.jpg,VeryMildDemented,1
C:\Users\HP\OneDrive\Documents\GitHub\MAJOR-PROJECT\archive\OriginalDataset\NonDemented\nonDem2058.jpg,NonDemented,0
C:\Users\HP\OneDrive\Documents\GitHub\MAJOR-PROJECT\archive\OriginalDataset\NonDemented\nonDem985.jpg,NonDemented,0
C:\Users\HP\OneDrive\Documents\GitHub\MAJOR-PROJECT\archive\OriginalDataset\NonDemented\nonDem1100.jpg,NonDemented,0
C:\Users\HP\OneDrive\Documents\GitHub\MAJOR-PROJECT\archive\OriginalDataset\VeryMildDemented\verymildDem194.jpg,VeryMildDemented,1
C:\Users\HP\OneDrive\Documents\GitHub\MAJOR-PROJECT\archive\OriginalDataset\NonDemented\nonDem939.jpg,NonDemented,0
C:\Users\HP\OneDrive\Documents\GitHub\MAJOR-PROJECT\archive\OriginalDataset\NonDemented\nonDem99.jpg,NonDemented,0
C:\Users\HP\OneDrive\Documents\GitHub\MAJOR-PROJECT\archive\OriginalDataset\NonDemented\nonDem364.jpg,NonDemented,0
C:\Users\HP\OneDrive\Documents\GitHub\MAJOR-PROJECT\archive\OriginalDataset\MildDemented\mildDem204.jpg,MildDemented,1
C:\Users\HP\OneDrive\Documents\GitHub\MAJOR-PROJECT\archive\OriginalDataset\NonDemented\nonDem982.jpg,NonDemented,0
C:\Users\HP\OneDrive\Documents\GitHub\MAJOR-PROJECT\archive\OriginalDataset\NonDemented\nonDem1338.jpg,NonDemented,0
C:\Users\HP\OneDrive\Documents\GitHub\MAJOR-PROJECT\archive\OriginalDataset\VeryMildDemented\verymildDem1439.jpg,VeryMildDemented,1
C:\Users\HP\OneDrive\Documents\GitHub\MAJOR-PROJECT\archive\OriginalDataset\MildDemented\mildDem625.jpg,MildDemented,1
C:\Users\HP\OneDrive\Documents\GitHub\MAJOR-PROJECT\archive\OriginalDataset\NonDemented\nonDem1782.jpg,NonDemented,0
C:\Users\HP\OneDrive\Documents\GitHub\MAJOR-PROJECT\archive\OriginalDataset\NonDemented\nonDem758.jpg,NonDemented,0
C:\Users\HP\OneDrive\Documents\GitHub\MAJOR-PROJECT\archive\OriginalDataset\MildDemented\mildDem240.jpg,MildDemented,1
C:\Users\HP\OneDrive\Documents\GitHub\MAJOR-PROJECT\archive\OriginalDataset\NonDemented\nonDem2157.jpg,NonDemented,0
C:\Users\HP\OneDrive\Documents\GitHub\MAJOR-PROJECT\archive\OriginalDataset\NonDemented\nonDem19.jpg,NonDemented,0
C:\Users\HP\OneDrive\Documents\GitHub\MAJOR-PROJECT\archive\OriginalDataset\MildDemented\mildDem670.jpg,MildDemented,1
C:\Users\HP\OneDrive\Documents\GitHub\MAJOR-PROJECT\archive\OriginalDataset\NonDemented\nonDem1357.jpg,NonDemented,0
C:\Users\HP\OneDrive\Documents\GitHub\MAJOR-PROJECT\archive\OriginalDataset\VeryMildDemented\verymildDem1619.jpg,VeryMildDemented,1
C:\Users\HP\OneDrive\Documents\GitHub\MAJOR-PROJECT\archive\OriginalDataset\VeryMildDemented\verymildDem905.jpg,VeryMildDemented,1
C:\Users\HP\OneDrive\Documents\GitHub\MAJOR-PROJECT\archive\OriginalDataset\NonDemented\nonDem871.jpg,NonDemented,0
C:\Users\HP\OneDrive\Documents\GitHub\MAJOR-PROJECT\archive\OriginalDataset\NonDemented\nonDem1912.jpg,NonDemented,0
C:\Users\HP\OneDrive\Documents\GitHub\MAJOR-PROJECT\archive\OriginalDataset\ModerateDemented\moderateDem49.jpg,ModerateDemented,1
C:\Users\HP\OneDrive\Documents\GitHub\MAJOR-PROJECT\archive\OriginalDataset\VeryMildDemented\verymildDem475.jpg,VeryMildDemented,1
C:\Users\HP\OneDrive\Documents\GitHub\MAJOR-PROJECT\archive\OriginalDataset\VeryMildDemented\28 (45).jpg,VeryMildDemented,1
C:\Users\HP\OneDrive\Documents\GitHub\MAJOR-PROJECT\archive\OriginalDataset\NonDemented\nonDem994.jpg,NonDemented,0
C:\Users\HP\OneDrive\Documents\GitHub\MAJOR-PROJECT\archive\OriginalDataset\VeryMildDemented\verymildDem631.jpg,VeryMildDemented,1
C:\Users\HP\OneDrive\Documents\GitHub\MAJOR-PROJECT\archive\OriginalDataset\MildDemented\27 (8).jpg,MildDemented,1
C:\Users\HP\OneDrive\Documents\GitHub\MAJOR-PROJECT\archive\OriginalDataset\NonDemented\28 (59).jpg,NonDemented,0
C:\Users\HP\OneDrive\Documents\GitHub\MAJOR-PROJECT\archive\OriginalDataset\NonDemented\31 (72).jpg,NonDemented,0
C:\Users\HP\OneDrive\Documents\GitHub\MAJOR-PROJECT\archive\OriginalDataset\VeryMildDemented\27 (5).jpg,VeryMildDemented,1
C:\Users\HP\OneDrive\Documents\GitHub\MAJOR-PROJECT\archive\OriginalDataset\VeryMildDemented\verymildDem1695.jpg,VeryMildDemented,1
C:\Users\HP\OneDrive\Documents\GitHub\MAJOR-PROJECT\archive\OriginalDataset\NonDemented\nonDem1669.jpg,NonDemented,0
C:\Users\HP\OneDrive\Documents\GitHub\MAJOR-PROJECT\archive\OriginalDataset\NonDemented\nonDem1760.jpg,NonDemented,0
C:\Users\HP\OneDrive\Documents\GitHub\MAJOR-PROJECT\archive\OriginalDataset\NonDemented\nonDem1721.jpg,NonDemented,0
C:\Users\HP\OneDrive\Documents\GitHub\MAJOR-PROJECT\archive\OriginalDataset\VeryMildDemented\verymildDem487.jpg,VeryMildDemented,1
C:\Users\HP\OneDrive\Documents\GitHub\MAJOR-PROJECT\archive\OriginalDataset\NonDemented\nonDem1035.jpg,NonDemented,0
C:\Users\HP\OneDrive\Documents\GitHub\MAJOR-PROJECT\archive\OriginalDataset\NonDemented\nonDem2198.jpg,NonDemented,0
C:\Users\HP\OneDrive\Documents\GitHub\MAJOR-PROJECT\archive\OriginalDataset\VeryMildDemented\verymildDem1079.jpg,VeryMildDemented,1
C:\Users\HP\OneDrive\Documents\GitHub\MAJOR-PROJECT\archive\OriginalDataset\NonDemented\nonDem1256.jpg,NonDemented,0
C:\Users\HP\OneDrive\Documents\GitHub\MAJOR-PROJECT\archive\OriginalDataset\NonDemented\nonDem2281.jpg,NonDemented,0
C:\Users\HP\OneDrive\Documents\GitHub\MAJOR-PROJECT\archive\OriginalDataset\NonDemented\nonDem170.jpg,NonDemented,0
C:\Users\HP\OneDrive\Documents\GitHub\MAJOR-PROJECT\archive\OriginalDataset\VeryMildDemented\verymildDem1317.jpg,VeryMildDemented,1
C:\Users\HP\OneDrive\Documents\GitHub\MAJOR-PROJECT\archive\OriginalDataset\NonDemented\nonDem1207.jpg,NonDemented,0
C:\Users\HP\OneDrive\Documents\GitHub\MAJOR-PROJECT\archive\OriginalDataset\MildDemented\27 (10).jpg,MildDemented,1
C:\Users\HP\OneDrive\Documents\GitHub\MAJOR-PROJECT\archive\OriginalDataset\VeryMildDemented\verymildDem944.jpg,VeryMildDemented,1
C:\Users\HP\OneDrive\Documents\GitHub\MAJOR-PROJECT\archive\OriginalDataset\MildDemented\mildDem646.jpg,MildDemented,1
C:\Users\HP\OneDrive\Documents\GitHub\MAJOR-PROJECT\archive\OriginalDataset\VeryMildDemented\verymildDem1233.jpg,VeryMildDemented,1
C:\Users\HP\OneDrive\Documents\GitHub\MAJOR-PROJECT\archive\OriginalDataset\NonDemented\30 (20).jpg,NonDemented,0
C:\Users\HP\OneDrive\Documents\GitHub\MAJOR-PROJECT\archive\OriginalDataset\NonDemented\nonDem1689.jpg,NonDemented,0
C:\Users\HP\OneDrive\Documents\GitHub\MAJOR-PROJECT\archive\OriginalDataset\MildDemented\mildDem293.jpg,MildDemented,1
C:\Users\HP\OneDrive\Documents\GitHub\MAJOR-PROJECT\archive\OriginalDataset\MildDemented\mildDem601.jpg,MildDemented,1
C:\Users\HP\OneDrive\Documents\GitHub\MAJOR-PROJECT\archive\OriginalDataset\ModerateDemented\moderateDem9.jpg,ModerateDemented,1
C:\Users\HP\OneDrive\Documents\GitHub\MAJOR-PROJECT\archive\OriginalDataset\VeryMildDemented\verymildDem1465.jpg,VeryMildDemented,1
C:\Users\HP\OneDrive\Documents\GitHub\MAJOR-PROJECT\archive\OriginalDataset\NonDemented\nonDem331.jpg,NonDemented,0
C:\Users\HP\OneDrive\Documents\GitHub\MAJOR-PROJECT\archive\OriginalDataset\NonDemented\30 (55).jpg,NonDemented,0
C:\Users\HP\OneDrive\Documents\GitHub\MAJOR-PROJECT\archive\OriginalDataset\MildDemented\mildDem629.jpg,MildDemented,1
C:\Users\HP\OneDrive\Documents\GitHub\MAJOR-PROJECT\archive\OriginalDataset\MildDemented\mildDem362.jpg,MildDemented,1
C:\Users\HP\OneDrive\Documents\GitHub\MAJOR-PROJECT\archive\OriginalDataset\NonDemented\nonDem1410.jpg,NonDemented,0
C:\Users\HP\OneDrive\Documents\GitHub\MAJOR-PROJECT\archive\OriginalDataset\VeryMildDemented\verymildDem165.jpg,VeryMildDemented,1
C:\Users\HP\OneDrive\Documents\GitHub\MAJOR-PROJECT\archive\OriginalDataset\NonDemented\nonDem774.jpg,NonDemented,0
C:\Users\HP\OneDrive\Documents\GitHub\MAJOR-PROJECT\archive\OriginalDataset\NonDemented\nonDem2482.jpg,NonDemented,0
C:\Users\HP\OneDrive\Documents\GitHub\MAJOR-PROJECT\archive\OriginalDataset\MildDemented\mildDem174.jpg,MildDemented,1
C:\Users\HP\OneDrive\Documents\GitHub\MAJOR-PROJECT\archive\OriginalDataset\ModerateDemented\32.jpg,ModerateDemented,1
C:\Users\HP\OneDrive\Documents\GitHub\MAJOR-PROJECT\archive\OriginalDataset\NonDemented\nonDem2143.jpg,NonDemented,0
C:\Users\HP\OneDrive\Documents\GitHub\MAJOR-PROJECT\archive\OriginalDataset\MildDemented\mildDem684.jpg,MildDemented,1
C:\Users\HP\OneDrive\Documents\GitHub\MAJOR-PROJECT\archive\OriginalDataset\VeryMildDemented\verymildDem1219.jpg,VeryMildDemented,1
C:\Users\HP\OneDrive\Documents\GitHub\MAJOR-PROJECT\archive\OriginalDataset\ModerateDemented\moderateDem22.jpg,ModerateDemented,1
C:\Users\HP\OneDrive\Documents\GitHub\MAJOR-PROJECT\archive\OriginalDataset\MildDemented\mildDem663.jpg,MildDemented,1
C:\Users\HP\OneDrive\Documents\GitHub\MAJOR-PROJECT\archive\OriginalDataset\NonDemented\nonDem413.jpg,NonDemented,0
C:\Users\HP\OneDrive\Documents\GitHub\MAJOR-PROJECT\archive\OriginalDataset\VeryMildDemented\verymildDem707.jpg,VeryMildDemented,1
C:\Users\HP\OneDrive\Documents\GitHub\MAJOR-PROJECT\archive\OriginalDataset\VeryMildDemented\verymildDem579.jpg,VeryMildDemented,1
C:\Users\HP\OneDrive\Documents\GitHub\MAJOR-PROJECT\archive\OriginalDataset\VeryMildDemented\29 (32).jpg,VeryMildDemented,1
C:\Users\HP\OneDrive\Documents\GitHub\MAJOR-PROJECT\archive\OriginalDataset\VeryMildDemented\verymildDem1770.jpg,VeryMildDemented,1
C:\Users\HP\OneDrive\Documents\GitHub\MAJOR-PROJECT\archive\OriginalDataset\VeryMildDemented\verymildDem1687.jpg,VeryMildDemented,1
C:\Users\HP\OneDrive\Documents\GitHub\MAJOR-PROJECT\archive\OriginalDataset\NonDemented\nonDem2021.jpg,NonDemented,0
C:\Users\HP\OneDrive\Documents\GitHub\MAJOR-PROJECT\archive\OriginalDataset\NonDemented\nonDem708.jpg,NonDemented,0
C:\Users\HP\OneDrive\Documents\GitHub\MAJOR-PROJECT\archive\OriginalDataset\NonDemented\nonDem1603.jpg,NonDemented,0
C:\Users\HP\OneDrive\Documents\GitHub\MAJOR-PROJECT\archive\OriginalDataset\VeryMildDemented\verymildDem741.jpg,VeryMildDemented,1
C:\Users\HP\OneDrive\Documents\GitHub\MAJOR-PROJECT\archive\OriginalDataset\NonDemented\nonDem1277.jpg,NonDemented,0
C:\Users\HP\OneDrive\Documents\GitHub\MAJOR-PROJECT\archive\OriginalDataset\NonDemented\nonDem705.jpg,NonDemented,0
C:\Users\HP\OneDrive\Documents\GitHub\MAJOR-PROJECT\archive\OriginalDataset\NonDemented\nonDem2065.jpg,NonDemented,0
C:\Users\HP\OneDrive\Documents\GitHub\MAJOR-PROJECT\archive\OriginalDataset\NonDemented\nonDem674.jpg,NonDemented,0
C:\Users\HP\OneDrive\Documents\GitHub\MAJOR-PROJECT\archive\OriginalDataset\NonDemented\nonDem2162.jpg,NonDemented,0
C:\Users\HP\OneDrive\Documents\GitHub\MAJOR-PROJECT\archive\OriginalDataset\VeryMildDemented\verymildDem1734.jpg,VeryMildDemented,1
C:\Users\HP\OneDrive\Documents\GitHub\MAJOR-PROJECT\archive\OriginalDataset\MildDemented\mildDem307.jpg,MildDemented,1
C:\Users\HP\OneDrive\Documents\GitHub\MAJOR-PROJECT\archive\OriginalDataset\NonDemented\nonDem239.jpg,NonDemented,0
C:\Users\HP\OneDrive\Documents\GitHub\MAJOR-PROJECT\archive\OriginalDataset\MildDemented\mildDem72.jpg,MildDemented,1
C:\Users\HP\OneDrive\Documents\GitHub\MAJOR-PROJECT\archive\OriginalDataset\NonDemented\32 (65).jpg,NonDemented,0
C:\Users\HP\OneDrive\Documents\GitHub\MAJOR-PROJECT\archive\OriginalDataset\VeryMildDemented\verymildDem516.jpg,VeryMildDemented,1
C:\Users\HP\OneDrive\Documents\GitHub\MAJOR-PROJECT\archive\OriginalDataset\NonDemented\29 (69).jpg,NonDemented,0
C:\Users\HP\OneDrive\Documents\GitHub\MAJOR-PROJECT\archive\OriginalDataset\NonDemented\nonDem1288.jpg,NonDemented,0
C:\Users\HP\OneDrive\Documents\GitHub\MAJOR-PROJECT\archive\OriginalDataset\NonDemented\nonDem1908.jpg,NonDemented,0
C:\Users\HP\OneDrive\Documents\GitHub\MAJOR-PROJECT\archive\OriginalDataset\NonDemented\31 (2).jpg,NonDemented,0
C:\Users\HP\OneDrive\Documents\GitHub\MAJOR-PROJECT\archive\OriginalDataset\VeryMildDemented\32 (51).jpg,VeryMildDemented,1
C:\Users\HP\OneDrive\Documents\GitHub\MAJOR-PROJECT\archive\OriginalDataset\MildDemented\30 (23).jpg,MildDemented,1
C:\Users\HP\OneDrive\Documents\GitHub\MAJOR-PROJECT\archive\OriginalDataset\NonDemented\nonDem722.jpg,NonDemented,0
C:\Users\HP\OneDrive\Documents\GitHub\MAJOR-PROJECT\archive\OriginalDataset\NonDemented\nonDem300.jpg,NonDemented,0
C:\Users\HP\OneDrive\Documents\GitHub\MAJOR-PROJECT\archive\OriginalDataset\NonDemented\nonDem796.jpg,NonDemented,0
C:\Users\HP\OneDrive\Documents\GitHub\MAJOR-PROJECT\archive\OriginalDataset\NonDemented\32 (23).jpg,NonDemented,0
C:\Users\HP\OneDrive\Documents\GitHub\MAJOR-PROJECT\archive\OriginalDataset\VeryMildDemented\verymildDem1176.jpg,VeryMildDemented,1
C:\Users\HP\OneDrive\Documents\GitHub\MAJOR-PROJECT\archive\OriginalDataset\MildDemented\mildDem318.jpg,MildDemented,1
C:\Users\HP\OneDrive\Documents\GitHub\MAJOR-PROJECT\archive\OriginalDataset\NonDemented\nonDem1807.jpg,NonDemented,0
C:\Users\HP\OneDrive\Documents\GitHub\MAJOR-PROJECT\archive\OriginalDataset\NonDemented\nonDem995.jpg,NonDemented,0
C:\Users\HP\OneDrive\Documents\GitHub\MAJOR-PROJECT\archive\OriginalDataset\MildDemented\mildDem521.jpg,MildDemented,1
C:\Users\HP\OneDrive\Documents\GitHub\MAJOR-PROJECT\archive\OriginalDataset\NonDemented\nonDem1028.jpg,NonDemented,0
C:\Users\HP\OneDrive\Documents\GitHub\MAJOR-PROJECT\archive\OriginalDataset\NonDemented\30 (32).jpg,NonDemented,0
C:\Users\HP\OneDrive\Documents\GitHub\MAJOR-PROJECT\archive\OriginalDataset\MildDemented\mildDem614.jpg,MildDemented,1
C:\Users\HP\OneDrive\Documents\GitHub\MAJOR-PROJECT\archive\OriginalDataset\VeryMildDemented\verymildDem1567.jpg,VeryMildDemented,1
C:\Users\HP\OneDrive\Documents\GitHub\MAJOR-PROJECT\archive\OriginalDataset\NonDemented\nonDem414.jpg,NonDemented,0
C:\Users\HP\OneDrive\Documents\GitHub\MAJOR-PROJECT\archive\OriginalDataset\NonDemented\nonDem736.jpg,NonDemented,0
C:\Users\HP\OneDrive\Documents\GitHub\MAJOR-PROJECT\archive\OriginalDataset\MildDemented\29 (4).jpg,MildDemented,1
C:\Users\HP\OneDrive\Documents\GitHub\MAJOR-PROJECT\archive\OriginalDataset\NonDemented\nonDem1023.jpg,NonDemented,0
C:\Users\HP\OneDrive\Documents\GitHub\MAJOR-PROJECT\archive\OriginalDataset\NonDemented\nonDem1239.jpg,NonDemented,0
C:\Users\HP\OneDrive\Documents\GitHub\MAJOR-PROJECT\archive\OriginalDataset\VeryMildDemented\verymildDem545.jpg,VeryMildDemented,1
C:\Users\HP\OneDrive\Documents\GitHub\MAJOR-PROJECT\archive\OriginalDataset\VeryMildDemented\verymildDem895.jpg,VeryMildDemented,1
C:\Users\HP\OneDrive\Documents\GitHub\MAJOR-PROJECT\archive\OriginalDataset\VeryMildDemented\verymildDem744.jpg,VeryMildDemented,1
C:\Users\HP\OneDrive\Documents\GitHub\MAJOR-PROJECT\archive\OriginalDataset\NonDemented\nonDem1252.jpg,NonDemented,0
C:\Users\HP\OneDrive\Documents\GitHub\MAJOR-PROJECT\archive\OriginalDataset\NonDemented\nonDem961.jpg,NonDemented,0
C:\Users\HP\OneDrive\Documents\GitHub\MAJOR-PROJECT\archive\OriginalDataset\NonDemented\nonDem204.jpg,NonDemented,0
C:\Users\HP\OneDrive\Documents\GitHub\MAJOR-PROJECT\archive\OriginalDataset\MildDemented\31 (23).jpg,MildDemented,1
C:\Users\HP\OneDrive\Documents\GitHub\MAJOR-PROJECT\archive\OriginalDataset\MildDemented\mildDem233.jpg,MildDemented,1
C:\Users\HP\OneDrive\Documents\GitHub\MAJOR-PROJECT\archive\OriginalDataset\NonDemented\nonDem949.jpg,NonDemented,0
C:\Users\HP\OneDrive\Documents\GitHub\MAJOR-PROJECT\archive\OriginalDataset\NonDemented\32 (9).jpg,NonDemented,0
C:\Users\HP\OneDrive\Documents\GitHub\MAJOR-PROJECT\archive\OriginalDataset\NonDemented\nonDem1730.jpg,NonDemented,0
C:\Users\HP\OneDrive\Documents\GitHub\MAJOR-PROJECT\archive\OriginalDataset\NonDemented\nonDem207.jpg,NonDemented,0
C:\Users\HP\OneDrive\Documents\GitHub\MAJOR-PROJECT\archive\OriginalDataset\NonDemented\nonDem1469.jpg,NonDemented,0
C:\Users\HP\OneDrive\Documents\GitHub\MAJOR-PROJECT\archive\OriginalDataset\VeryMildDemented\28 (6).jpg,VeryMildDemented,1
C:\Users\HP\OneDrive\Documents\GitHub\MAJOR-PROJECT\archive\OriginalDataset\NonDemented\nonDem556.jpg,NonDemented,0
C:\Users\HP\OneDrive\Documents\GitHub\MAJOR-PROJECT\archive\OriginalDataset\VeryMildDemented\29 (7).jpg,VeryMildDemented,1
C:\Users\HP\OneDrive\Documents\GitHub\MAJOR-PROJECT\archive\OriginalDataset\VeryMildDemented\verymildDem547.jpg,VeryMildDemented,1
C:\Users\HP\OneDrive\Documents\GitHub\MAJOR-PROJECT\archive\OriginalDataset\NonDemented\29 (67).jpg,NonDemented,0
C:\Users\HP\OneDrive\Documents\GitHub\MAJOR-PROJECT\archive\OriginalDataset\NonDemented\nonDem909.jpg,NonDemented,0
C:\Users\HP\OneDrive\Documents\GitHub\MAJOR-PROJECT\archive\OriginalDataset\NonDemented\nonDem1775.jpg,NonDemented,0
C:\Users\HP\OneDrive\Documents\GitHub\MAJOR-PROJECT\archive\OriginalDataset\VeryMildDemented\28 (43).jpg,VeryMildDemented,1
C:\Users\HP\OneDrive\Documents\GitHub\MAJOR-PROJECT\archive\OriginalDataset\NonDemented\nonDem1810.jpg,NonDemented,0
C:\Users\HP\OneDrive\Documents\GitHub\MAJOR-PROJECT\archive\OriginalDataset\ModerateDemented\moderateDem32.jpg,ModerateDemented,1
C:\Users\HP\OneDrive\Documents\GitHub\MAJOR-PROJECT\archive\OriginalDataset\VeryMildDemented\verymildDem1216.jpg,VeryMildDemented,1
C:\Users\HP\OneDrive\Documents\GitHub\MAJOR-PROJECT\archive\OriginalDataset\VeryMildDemented\verymildDem1249.jpg,VeryMildDemented,1
C:\Users\HP\OneDrive\Documents\GitHub\MAJOR-PROJECT\archive\OriginalDataset\VeryMildDemented\verymildDem412.jpg,VeryMildDemented,1
C:\Users\HP\OneDrive\Documents\GitHub\MAJOR-PROJECT\archive\OriginalDataset\NonDemented\28 (41).jpg,NonDemented,0
C:\Users\HP\OneDrive\Documents\GitHub\MAJOR-PROJECT\archive\OriginalDataset\VeryMildDemented\verymildDem56.jpg,VeryMildDemented,1
C:\Users\HP\OneDrive\Documents\GitHub\MAJOR-PROJECT\archive\OriginalDataset\VeryMildDemented\verymildDem1360.jpg,VeryMildDemented,1
C:\Users\HP\OneDrive\Documents\GitHub\MAJOR-PROJECT\archive\OriginalDataset\NonDemented\nonDem399.jpg,NonDemented,0
C:\Users\HP\OneDrive\Documents\GitHub\MAJOR-PROJECT\archive\OriginalDataset\VeryMildDemented\verymildDem963.jpg,VeryMildDemented,1
C:\Users\HP\OneDrive\Documents\GitHub\MAJOR-PROJECT\archive\OriginalDataset\VeryMildDemented\verymildDem1007.jpg,VeryMildDemented,1
C:\Users\HP\OneDrive\Documents\GitHub\MAJOR-PROJECT\archive\OriginalDataset\NonDemented\28 (18).jpg,NonDemented,0
C:\Users\HP\OneDrive\Documents\GitHub\MAJOR-PROJECT\archive\OriginalDataset\NonDemented\nonDem2387.jpg,NonDemented,0
C:\Users\HP\OneDrive\Documents\GitHub\MAJOR-PROJECT\archive\OriginalDataset\NonDemented\28 (99).jpg,NonDemented,0
C:\Users\HP\OneDrive\Documents\GitHub\MAJOR-PROJECT\archive\OriginalDataset\ModerateDemented\moderateDem47.jpg,ModerateDemented,1
C:\Users\HP\OneDrive\Documents\GitHub\MAJOR-PROJECT\archive\OriginalDataset\VeryMildDemented\verymildDem1445.jpg,VeryMildDemented,1
C:\Users\HP\OneDrive\Documents\GitHub\MAJOR-PROJECT\archive\OriginalDataset\MildDemented\28 (27).jpg,MildDemented,1
C:\Users\HP\OneDrive\Documents\GitHub\MAJOR-PROJECT\archive\OriginalDataset\VeryMildDemented\27 (39).jpg,VeryMildDemented,1
C:\Users\HP\OneDrive\Documents\GitHub\MAJOR-PROJECT\archive\OriginalDataset\NonDemented\nonDem2459.jpg,NonDemented,0
C:\Users\HP\OneDrive\Documents\GitHub\MAJOR-PROJECT\archive\OriginalDataset\NonDemented\nonDem479.jpg,NonDemented,0
C:\Users\HP\OneDrive\Documents\GitHub\MAJOR-PROJECT\archive\OriginalDataset\NonDemented\32 (18).jpg,NonDemented,0
C:\Users\HP\OneDrive\Documents\GitHub\MAJOR-PROJECT\archive\OriginalDataset\NonDemented\nonDem506.jpg,NonDemented,0
C:\Users\HP\OneDrive\Documents\GitHub\MAJOR-PROJECT\archive\OriginalDataset\NonDemented\31 (10).jpg,NonDemented,0
C:\Users\HP\OneDrive\Documents\GitHub\MAJOR-PROJECT\archive\OriginalDataset\MildDemented\32 (10).jpg,MildDemented,1
C:\Users\HP\OneDrive\Documents\GitHub\MAJOR-PROJECT\archive\OriginalDataset\MildDemented\mildDem7.jpg,MildDemented,1
C:\Users\HP\OneDrive\Documents\GitHub\MAJOR-PROJECT\archive\OriginalDataset\MildDemented\30 (13).jpg,MildDemented,1
C:\Users\HP\OneDrive\Documents\GitHub\MAJOR-PROJECT\archive\OriginalDataset\VeryMildDemented\27 (66).jpg,VeryMildDemented,1
C:\Users\HP\OneDrive\Documents\GitHub\MAJOR-PROJECT\archive\OriginalDataset\MildDemented\mildDem273.jpg,MildDemented,1
C:\Users\HP\OneDrive\Documents\GitHub\MAJOR-PROJECT\archive\OriginalDataset\NonDemented\nonDem594.jpg,NonDemented,0
C:\Users\HP\OneDrive\Documents\GitHub\MAJOR-PROJECT\archive\OriginalDataset\NonDemented\nonDem461.jpg,NonDemented,0
C:\Users\HP\OneDrive\Documents\GitHub\MAJOR-PROJECT\archive\OriginalDataset\NonDemented\nonDem2073.jpg,NonDemented,0
C:\Users\HP\OneDrive\Documents\GitHub\MAJOR-PROJECT\archive\OriginalDataset\NonDemented\nonDem1116.jpg,NonDemented,0
C:\Users\HP\OneDrive\Documents\GitHub\MAJOR-PROJECT\archive\OriginalDataset\NonDemented\nonDem1007.jpg,NonDemented,0
C:\Users\HP\OneDrive\Documents\GitHub\MAJOR-PROJECT\archive\OriginalDataset\VeryMildDemented\verymildDem1642.jpg,VeryMildDemented,1
C:\Users\HP\OneDrive\Documents\GitHub\MAJOR-PROJECT\archive\OriginalDataset\VeryMildDemented\verymildDem415.jpg,VeryMildDemented,1
C:\Users\HP\OneDrive\Documents\GitHub\MAJOR-PROJECT\archive\OriginalDataset\NonDemented\nonDem1701.jpg,NonDemented,0
C:\Users\HP\OneDrive\Documents\GitHub\MAJOR-PROJECT\archive\OriginalDataset\NonDemented\nonDem1636.jpg,NonDemented,0
C:\Users\HP\OneDrive\Documents\GitHub\MAJOR-PROJECT\archive\OriginalDataset\NonDemented\nonDem1221.jpg,NonDemented,0
C:\Users\HP\OneDrive\Documents\GitHub\MAJOR-PROJECT\archive\OriginalDataset\VeryMildDemented\27 (64).jpg,VeryMildDemented,1
C:\Users\HP\OneDrive\Documents\GitHub\MAJOR-PROJECT\archive\OriginalDataset\MildDemented\mildDem391.jpg,MildDemented,1
C:\Users\HP\OneDrive\Documents\GitHub\MAJOR-PROJECT\archive\OriginalDataset\NonDemented\nonDem1978.jpg,NonDemented,0
C:\Users\HP\OneDrive\Documents\GitHub\MAJOR-PROJECT\archive\OriginalDataset\NonDemented\nonDem1842.jpg,NonDemented,0
C:\Users\HP\OneDrive\Documents\GitHub\MAJOR-PROJECT\archive\OriginalDataset\NonDemented\nonDem690.jpg,NonDemented,0
C:\Users\HP\OneDrive\Documents\GitHub\MAJOR-PROJECT\archive\OriginalDataset\NonDemented\nonDem1069.jpg,NonDemented,0
C:\Users\HP\OneDrive\Documents\GitHub\MAJOR-PROJECT\archive\OriginalDataset\MildDemented\27 (24).jpg,MildDemented,1
C:\Users\HP\OneDrive\Documents\GitHub\MAJOR-PROJECT\archive\OriginalDataset\NonDemented\nonDem1511.jpg,NonDemented,0
C:\Users\HP\OneDrive\Documents\GitHub\MAJOR-PROJECT\archive\OriginalDataset\VeryMildDemented\28 (20).jpg,VeryMildDemented,1
C:\Users\HP\OneDrive\Documents\GitHub\MAJOR-PROJECT\archive\OriginalDataset\NonDemented\nonDem2360.jpg,NonDemented,0
C:\Users\HP\OneDrive\Documents\GitHub\MAJOR-PROJECT\archive\OriginalDataset\VeryMildDemented\verymildDem1353.jpg,VeryMildDemented,1
C:\Users\HP\OneDrive\Documents\GitHub\MAJOR-PROJECT\archive\OriginalDataset\NonDemented\nonDem610.jpg,NonDemented,0
C:\Users\HP\OneDrive\Documents\GitHub\MAJOR-PROJECT\archive\OriginalDataset\NonDemented\29 (22).jpg,NonDemented,0
C:\Users\HP\OneDrive\Documents\GitHub\MAJOR-PROJECT\archive\OriginalDataset\NonDemented\nonDem1358.jpg,NonDemented,0
C:\Users\HP\OneDrive\Documents\GitHub\MAJOR-PROJECT\archive\OriginalDataset\NonDemented\32 (75).jpg,NonDemented,0
C:\Users\HP\OneDrive\Documents\GitHub\MAJOR-PROJECT\archive\OriginalDataset\VeryMildDemented\verymildDem648.jpg,VeryMildDemented,1
C:\Users\HP\OneDrive\Documents\GitHub\MAJOR-PROJECT\archive\OriginalDataset\VeryMildDemented\verymildDem666.jpg,VeryMildDemented,1
C:\Users\HP\OneDrive\Documents\GitHub\MAJOR-PROJECT\archive\OriginalDataset\NonDemented\nonDem1998.jpg,NonDemented,0
C:\Users\HP\OneDrive\Documents\GitHub\MAJOR-PROJECT\archive\OriginalDataset\MildDemented\31 (6).jpg,MildDemented,1
C:\Users\HP\OneDrive\Documents\GitHub\MAJOR-PROJECT\archive\OriginalDataset\MildDemented\mildDem523.jpg,MildDemented,1
C:\Users\HP\OneDrive\Documents\GitHub\MAJOR-PROJECT\archive\OriginalDataset\NonDemented\nonDem1981.jpg,NonDemented,0
C:\Users\HP\OneDrive\Documents\GitHub\MAJOR-PROJECT\archive\OriginalDataset\VeryMildDemented\verymildDem443.jpg,VeryMildDemented,1
C:\Users\HP\OneDrive\Documents\GitHub\MAJOR-PROJECT\archive\OriginalDataset\NonDemented\30 (13).jpg,NonDemented,0
C:\Users\HP\OneDrive\Documents\GitHub\MAJOR-PROJECT\archive\OriginalDataset\NonDemented\nonDem487.jpg,NonDemented,0
C:\Users\HP\OneDrive\Documents\GitHub\MAJOR-PROJECT\archive\OriginalDataset\NonDemented\nonDem1902.jpg,NonDemented,0
C:\Users\HP\OneDrive\Documents\GitHub\MAJOR-PROJECT\archive\OriginalDataset\VeryMildDemented\verymildDem945.jpg,VeryMildDemented,1
C:\Users\HP\OneDrive\Documents\GitHub\MAJOR-PROJECT\archive\OriginalDataset\VeryMildDemented\verymildDem1200.jpg,VeryMildDemented,1
C:\Users\HP\OneDrive\Documents\GitHub\MAJOR-PROJECT\archive\OriginalDataset\MildDemented\mildDem618.jpg,MildDemented,1
C:\Users\HP\OneDrive\Documents\GitHub\MAJOR-PROJECT\archive\OriginalDataset\VeryMildDemented\verymildDem965.jpg,VeryMildDemented,1
C:\Users\HP\OneDrive\Documents\GitHub\MAJOR-PROJECT\archive\OriginalDataset\ModerateDemented\moderateDem7.jpg,ModerateDemented,1
C:\Users\HP\OneDrive\Documents\GitHub\MAJOR-PROJECT\archive\OriginalDataset\VeryMildDemented\verymildDem1633.jpg,VeryMildDemented,1
C:\Users\HP\OneDrive\Documents\GitHub\MAJOR-PROJECT\archive\OriginalDataset\NonDemented\nonDem545.jpg,NonDemented,0
C:\Users\HP\OneDrive\Documents\GitHub\MAJOR-PROJECT\archive\OriginalDataset\VeryMildDemented\verymildDem526.jpg,VeryMildDemented,1
C:\Users\HP\OneDrive\Documents\GitHub\MAJOR-PROJECT\archive\OriginalDataset\VeryMildDemented\verymildDem158.jpg,VeryMildDemented,1
C:\Users\HP\OneDrive\Documents\GitHub\MAJOR-PROJECT\archive\OriginalDataset\VeryMildDemented\verymildDem1104.jpg,VeryMildDemented,1
C:\Users\HP\OneDrive\Documents\GitHub\MAJOR-PROJECT\archive\OriginalDataset\NonDemented\nonDem1446.jpg,NonDemented,0
C:\Users\HP\OneDrive\Documents\GitHub\MAJOR-PROJECT\archive\OriginalDataset\NonDemented\32 (24).jpg,NonDemented,0
C:\Users\HP\OneDrive\Documents\GitHub\MAJOR-PROJECT\archive\OriginalDataset\NonDemented\30 (23).jpg,NonDemented,0
C:\Users\HP\OneDrive\Documents\GitHub\MAJOR-PROJECT\archive\OriginalDataset\VeryMildDemented\28 (57).jpg,VeryMildDemented,1
C:\Users\HP\OneDrive\Documents\GitHub\MAJOR-PROJECT\archive\OriginalDataset\MildDemented\mildDem692.jpg,MildDemented,1
C:\Users\HP\OneDrive\Documents\GitHub\MAJOR-PROJECT\archive\OriginalDataset\NonDemented\29 (74).jpg,NonDemented,0
C:\Users\HP\OneDrive\Documents\GitHub\MAJOR-PROJECT\archive\OriginalDataset\NonDemented\nonDem854.jpg,NonDemented,0
C:\Users\HP\OneDrive\Documents\GitHub\MAJOR-PROJECT\archive\OriginalDataset\NonDemented\31 (61).jpg,NonDemented,0
C:\Users\HP\OneDrive\Documents\GitHub\MAJOR-PROJECT\archive\OriginalDataset\NonDemented\28 (97).jpg,NonDemented,0
C:\Users\HP\OneDrive\Documents\GitHub\MAJOR-PROJECT\archive\OriginalDataset\VeryMildDemented\verymildDem1703.jpg,VeryMildDemented,1
C:\Users\HP\OneDrive\Documents\GitHub\MAJOR-PROJECT\archive\OriginalDataset\NonDemented\nonDem165.jpg,NonDemented,0
C:\Users\HP\OneDrive\Documents\GitHub\MAJOR-PROJECT\archive\OriginalDataset\MildDemented\mildDem592.jpg,MildDemented,1
C:\Users\HP\OneDrive\Documents\GitHub\MAJOR-PROJECT\archive\OriginalDataset\VeryMildDemented\verymildDem1579.jpg,VeryMildDemented,1
C:\Users\HP\OneDrive\Documents\GitHub\MAJOR-PROJECT\archive\OriginalDataset\VeryMildDemented\verymildDem1330.jpg,VeryMildDemented,1
C:\Users\HP\OneDrive\Documents\GitHub\MAJOR-PROJECT\archive\OriginalDataset\NonDemented\32 (11).jpg,NonDemented,0
C:\Users\HP\OneDrive\Documents\GitHub\MAJOR-PROJECT\archive\OriginalDataset\NonDemented\nonDem338.jpg,NonDemented,0
C:\Users\HP\OneDrive\Documents\GitHub\MAJOR-PROJECT\archive\OriginalDataset\VeryMildDemented\verymildDem853.jpg,VeryMildDemented,1
C:\Users\HP\OneDrive\Documents\GitHub\MAJOR-PROJECT\archive\OriginalDataset\ModerateDemented\moderateDem18.jpg,ModerateDemented,1
C:\Users\HP\OneDrive\Documents\GitHub\MAJOR-PROJECT\archive\OriginalDataset\MildDemented\mildDem141.jpg,MildDemented,1
C:\Users\HP\OneDrive\Documents\GitHub\MAJOR-PROJECT\archive\OriginalDataset\VeryMildDemented\30 (6).jpg,VeryMildDemented,1
C:\Users\HP\OneDrive\Documents\GitHub\MAJOR-PROJECT\archive\OriginalDataset\VeryMildDemented\29 (54).jpg,VeryMildDemented,1
C:\Users\HP\OneDrive\Documents\GitHub\MAJOR-PROJECT\archive\OriginalDataset\VeryMildDemented\31 (67).jpg,VeryMildDemented,1
C:\Users\HP\OneDrive\Documents\GitHub\MAJOR-PROJECT\archive\OriginalDataset\MildDemented\30 (11).jpg,MildDemented,1
C:\Users\HP\OneDrive\Documents\GitHub\MAJOR-PROJECT\archive\OriginalDataset\VeryMildDemented\verymildDem1415.jpg,VeryMildDemented,1
C:\Users\HP\OneDrive\Documents\GitHub\MAJOR-PROJECT\archive\OriginalDataset\VeryMildDemented\verymildDem1456.jpg,VeryMildDemented,1
C:\Users\HP\OneDrive\Documents\GitHub\MAJOR-PROJECT\archive\OriginalDataset\VeryMildDemented\verymildDem1457.jpg,VeryMildDemented,1
C:\Users\HP\OneDrive\Documents\GitHub\MAJOR-PROJECT\archive\OriginalDataset\NonDemented\nonDem623.jpg,NonDemented,0
C:\Users\HP\OneDrive\Documents\GitHub\MAJOR-PROJECT\archive\OriginalDataset\NonDemented\32 (93).jpg,NonDemented,0
C:\Users\HP\OneDrive\Documents\GitHub\MAJOR-PROJECT\archive\OriginalDataset\NonDemented\nonDem1914.jpg,NonDemented,0
C:\Users\HP\OneDrive\Documents\GitHub\MAJOR-PROJECT\archive\OriginalDataset\NonDemented\nonDem2031.jpg,NonDemented,0
C:\Users\HP\OneDrive\Documents\GitHub\MAJOR-PROJECT\archive\OriginalDataset\VeryMildDemented\verymildDem1000.jpg,VeryMildDemented,1
C:\Users\HP\OneDrive\Documents\GitHub\MAJOR-PROJECT\archive\OriginalDataset\NonDemented\29 (76).jpg,NonDemented,0
C:\Users\HP\OneDrive\Documents\GitHub\MAJOR-PROJECT\archive\OriginalDataset\MildDemented\mildDem63.jpg,MildDemented,1
C:\Users\HP\OneDrive\Documents\GitHub\MAJOR-PROJECT\archive\OriginalDataset\NonDemented\nonDem2087.jpg,NonDemented,0
C:\Users\HP\OneDrive\Documents\GitHub\MAJOR-PROJECT\archive\OriginalDataset\NonDemented\nonDem2084.jpg,NonDemented,0
C:\Users\HP\OneDrive\Documents\GitHub\MAJOR-PROJECT\archive\OriginalDataset\MildDemented\mildDem469.jpg,MildDemented,1
C:\Users\HP\OneDrive\Documents\GitHub\MAJOR-PROJECT\archive\OriginalDataset\VeryMildDemented\verymildDem262.jpg,VeryMildDemented,1
C:\Users\HP\OneDrive\Documents\GitHub\MAJOR-PROJECT\archive\OriginalDataset\VeryMildDemented\verymildDem544.jpg,VeryMildDemented,1
C:\Users\HP\OneDrive\Documents\GitHub\MAJOR-PROJECT\archive\OriginalDataset\NonDemented\nonDem1554.jpg,NonDemented,0
C:\Users\HP\OneDrive\Documents\GitHub\MAJOR-PROJECT\archive\OriginalDataset\MildDemented\mildDem194.jpg,MildDemented,1
C:\Users\HP\OneDrive\Documents\GitHub\MAJOR-PROJECT\archive\OriginalDataset\MildDemented\31 (13).jpg,MildDemented,1
C:\Users\HP\OneDrive\Documents\GitHub\MAJOR-PROJECT\archive\OriginalDataset\NonDemented\nonDem493.jpg,NonDemented,0
C:\Users\HP\OneDrive\Documents\GitHub\MAJOR-PROJECT\archive\OriginalDataset\NonDemented\nonDem1521.jpg,NonDemented,0
C:\Users\HP\OneDrive\Documents\GitHub\MAJOR-PROJECT\archive\OriginalDataset\NonDemented\nonDem504.jpg,NonDemented,0
C:\Users\HP\OneDrive\Documents\GitHub\MAJOR-PROJECT\archive\OriginalDataset\NonDemented\nonDem1259.jpg,NonDemented,0
C:\Users\HP\OneDrive\Documents\GitHub\MAJOR-PROJECT\archive\OriginalDataset\NonDemented\nonDem2385.jpg,NonDemented,0
C:\Users\HP\OneDrive\Documents\GitHub\MAJOR-PROJECT\archive\OriginalDataset\NonDemented\nonDem2263.jpg,NonDemented,0
C:\Users\HP\OneDrive\Documents\GitHub\MAJOR-PROJECT\archive\OriginalDataset\NonDemented\nonDem1367.jpg,NonDemented,0
C:\Users\HP\OneDrive\Documents\GitHub\MAJOR-PROJECT\archive\OriginalDataset\MildDemented\mildDem477.jpg,MildDemented,1
C:\Users\HP\OneDrive\Documents\GitHub\MAJOR-PROJECT\archive\OriginalDataset\NonDemented\31 (16).jpg,NonDemented,0
C:\Users\HP\OneDrive\Documents\GitHub\MAJOR-PROJECT\archive\OriginalDataset\VeryMildDemented\verymildDem599.jpg,VeryMildDemented,1
C:\Users\HP\OneDrive\Documents\GitHub\MAJOR-PROJECT\archive\OriginalDataset\VeryMildDemented\verymildDem528.jpg,VeryMildDemented,1
C:\Users\HP\OneDrive\Documents\GitHub\MAJOR-PROJECT\archive\OriginalDataset\NonDemented\nonDem429.jpg,NonDemented,0
C:\Users\HP\OneDrive\Documents\GitHub\MAJOR-PROJECT\archive\OriginalDataset\NonDemented\nonDem1621.jpg,NonDemented,0
C:\Users\HP\OneDrive\Documents\GitHub\MAJOR-PROJECT\archive\OriginalDataset\NonDemented\31 (83).jpg,NonDemented,0
C:\Users\HP\OneDrive\Documents\GitHub\MAJOR-PROJECT\archive\OriginalDataset\VeryMildDemented\verymildDem492.jpg,VeryMildDemented,1
C:\Users\HP\OneDrive\Documents\GitHub\MAJOR-PROJECT\archive\OriginalDataset\VeryMildDemented\verymildDem263.jpg,VeryMildDemented,1
C:\Users\HP\OneDrive\Documents\GitHub\MAJOR-PROJECT\archive\OriginalDataset\VeryMildDemented\verymildDem247.jpg,VeryMildDemented,1
C:\Users\HP\OneDrive\Documents\GitHub\MAJOR-PROJECT\archive\OriginalDataset\NonDemented\29 (99).jpg,NonDemented,0
C:\Users\HP\OneDrive\Documents\GitHub\MAJOR-PROJECT\archive\OriginalDataset\NonDemented\nonDem193.jpg,NonDemented,0
C:\Users\HP\OneDrive\Documents\GitHub\MAJOR-PROJECT\archive\OriginalDataset\MildDemented\mildDem213.jpg,MildDemented,1
C:\Users\HP\OneDrive\Documents\GitHub\MAJOR-PROJECT\archive\OriginalDataset\VeryMildDemented\verymildDem188.jpg,VeryMildDemented,1
C:\Users\HP\OneDrive\Documents\GitHub\MAJOR-PROJECT\archive\OriginalDataset\NonDemented\28 (40).jpg,NonDemented,0
C:\Users\HP\OneDrive\Documents\GitHub\MAJOR-PROJECT\archive\OriginalDataset\NonDemented\29 (12).jpg,NonDemented,0
C:\Users\HP\OneDrive\Documents\GitHub\MAJOR-PROJECT\archive\OriginalDataset\NonDemented\nonDem190.jpg,NonDemented,0
C:\Users\HP\OneDrive\Documents\GitHub\MAJOR-PROJECT\archive\OriginalDataset\NonDemented\nonDem1486.jpg,NonDemented,0
C:\Users\HP\OneDrive\Documents\GitHub\MAJOR-PROJECT\archive\OriginalDataset\MildDemented\26 (20).jpg,MildDemented,1
C:\Users\HP\OneDrive\Documents\GitHub\MAJOR-PROJECT\archive\OriginalDataset\NonDemented\nonDem831.jpg,NonDemented,0
C:\Users\HP\OneDrive\Documents\GitHub\MAJOR-PROJECT\archive\OriginalDataset\MildDemented\mildDem58.jpg,MildDemented,1
C:\Users\HP\OneDrive\Documents\GitHub\MAJOR-PROJECT\archive\OriginalDataset\VeryMildDemented\verymildDem600.jpg,VeryMildDemented,1
C:\Users\HP\OneDrive\Documents\GitHub\MAJOR-PROJECT\archive\OriginalDataset\ModerateDemented\27 (2).jpg,ModerateDemented,1
C:\Users\HP\OneDrive\Documents\GitHub\MAJOR-PROJECT\archive\OriginalDataset\VeryMildDemented\verymildDem468.jpg,VeryMildDemented,1
C:\Users\HP\OneDrive\Documents\GitHub\MAJOR-PROJECT\archive\OriginalDataset\MildDemented\mildDem166.jpg,MildDemented,1
C:\Users\HP\OneDrive\Documents\GitHub\MAJOR-PROJECT\archive\OriginalDataset\VeryMildDemented\28 (24).jpg,VeryMildDemented,1
C:\Users\HP\OneDrive\Documents\GitHub\MAJOR-PROJECT\archive\OriginalDataset\NonDemented\nonDem1194.jpg,NonDemented,0
C:\Users\HP\OneDrive\Documents\GitHub\MAJOR-PROJECT\archive\OriginalDataset\VeryMildDemented\verymildDem1115.jpg,VeryMildDemented,1
C:\Users\HP\OneDrive\Documents\GitHub\MAJOR-PROJECT\archive\OriginalDataset\VeryMildDemented\verymildDem1737.jpg,VeryMildDemented,1
C:\Users\HP\OneDrive\Documents\GitHub\MAJOR-PROJECT\archive\OriginalDataset\MildDemented\mildDem237.jpg,MildDemented,1
C:\Users\HP\OneDrive\Documents\GitHub\MAJOR-PROJECT\archive\OriginalDataset\NonDemented\nonDem91.jpg,NonDemented,0
C:\Users\HP\OneDrive\Documents\GitHub\MAJOR-PROJECT\archive\OriginalDataset\NonDemented\nonDem2229.jpg,NonDemented,0
C:\Users\HP\OneDrive\Documents\GitHub\MAJOR-PROJECT\archive\OriginalDataset\NonDemented\nonDem558.jpg,NonDemented,0
C:\Users\HP\OneDrive\Documents\GitHub\MAJOR-PROJECT\archive\OriginalDataset\NonDemented\nonDem1859.jpg,NonDemented,0
C:\Users\HP\OneDrive\Documents\GitHub\MAJOR-PROJECT\archive\OriginalDataset\VeryMildDemented\verymildDem947.jpg,VeryMildDemented,1
C:\Users\HP\OneDrive\Documents\GitHub\MAJOR-PROJECT\archive\OriginalDataset\NonDemented\nonDem2556.jpg,NonDemented,0
C:\Users\HP\OneDrive\Documents\GitHub\MAJOR-PROJECT\archive\OriginalDataset\VeryMildDemented\verymildDem445.jpg,VeryMildDemented,1
C:\Users\HP\OneDrive\Documents\GitHub\MAJOR-PROJECT\archive\OriginalDataset\VeryMildDemented\verymildDem1084.jpg,VeryMildDemented,1
C:\Users\HP\OneDrive\Documents\GitHub\MAJOR-PROJECT\archive\OriginalDataset\VeryMildDemented\verymildDem1366.jpg,VeryMildDemented,1
C:\Users\HP\OneDrive\Documents\GitHub\MAJOR-PROJECT\archive\OriginalDataset\NonDemented\nonDem2351.jpg,NonDemented,0
C:\Users\HP\OneDrive\Documents\GitHub\MAJOR-PROJECT\archive\OriginalDataset\MildDemented\mildDem437.jpg,MildDemented,1
C:\Users\HP\OneDrive\Documents\GitHub\MAJOR-PROJECT\archive\OriginalDataset\NonDemented\nonDem1051.jpg,NonDemented,0
C:\Users\HP\OneDrive\Documents\GitHub\MAJOR-PROJECT\archive\OriginalDataset\NonDemented\nonDem1076.jpg,NonDemented,0
C:\Users\HP\OneDrive\Documents\GitHub\MAJOR-PROJECT\archive\OriginalDataset\VeryMildDemented\verymildDem185.jpg,VeryMildDemented,1
C:\Users\HP\OneDrive\Documents\GitHub\MAJOR-PROJECT\archive\OriginalDataset\VeryMildDemented\verymildDem901.jpg,VeryMildDemented,1
C:\Users\HP\OneDrive\Documents\GitHub\MAJOR-PROJECT\archive\OriginalDataset\NonDemented\31 (31).jpg,NonDemented,0
C:\Users\HP\OneDrive\Documents\GitHub\MAJOR-PROJECT\archive\OriginalDataset\NonDemented\nonDem962.jpg,NonDemented,0
C:\Users\HP\OneDrive\Documents\GitHub\MAJOR-PROJECT\archive\OriginalDataset\NonDemented\nonDem1022.jpg,NonDemented,0
C:\Users\HP\OneDrive\Documents\GitHub\MAJOR-PROJECT\archive\OriginalDataset\NonDemented\nonDem1091.jpg,NonDemented,0
C:\Users\HP\OneDrive\Documents\GitHub\MAJOR-PROJECT\archive\OriginalDataset\NonDemented\28 (73).jpg,NonDemented,0
C:\Users\HP\OneDrive\Documents\GitHub\MAJOR-PROJECT\archive\OriginalDataset\VeryMildDemented\verymildDem1718.jpg,VeryMildDemented,1
C:\Users\HP\OneDrive\Documents\GitHub\MAJOR-PROJECT\archive\OriginalDataset\VeryMildDemented\verymildDem1277.jpg,VeryMildDemented,1
C:\Users\HP\OneDrive\Documents\GitHub\MAJOR-PROJECT\archive\OriginalDataset\VeryMildDemented\verymildDem1108.jpg,VeryMildDemented,1
C:\Users\HP\OneDrive\Documents\GitHub\MAJOR-PROJECT\archive\OriginalDataset\NonDemented\nonDem917.jpg,NonDemented,0
C:\Users\HP\OneDrive\Documents\GitHub\MAJOR-PROJECT\archive\OriginalDataset\NonDemented\nonDem1534.jpg,NonDemented,0
C:\Users\HP\OneDrive\Documents\GitHub\MAJOR-PROJECT\archive\OriginalDataset\NonDemented\nonDem1699.jpg,NonDemented,0
C:\Users\HP\OneDrive\Documents\GitHub\MAJOR-PROJECT\archive\OriginalDataset\VeryMildDemented\verymildDem49.jpg,VeryMildDemented,1
C:\Users\HP\OneDrive\Documents\GitHub\MAJOR-PROJECT\archive\OriginalDataset\VeryMildDemented\verymildDem108.jpg,VeryMildDemented,1
C:\Users\HP\OneDrive\Documents\GitHub\MAJOR-PROJECT\archive\OriginalDataset\NonDemented\nonDem568.jpg,NonDemented,0
C:\Users\HP\OneDrive\Documents\GitHub\MAJOR-PROJECT\archive\OriginalDataset\VeryMildDemented\verymildDem1291.jpg,VeryMildDemented,1
C:\Users\HP\OneDrive\Documents\GitHub\MAJOR-PROJECT\archive\OriginalDataset\MildDemented\mildDem136.jpg,MildDemented,1
C:\Users\HP\OneDrive\Documents\GitHub\MAJOR-PROJECT\archive\OriginalDataset\VeryMildDemented\verymildDem1508.jpg,VeryMildDemented,1
C:\Users\HP\OneDrive\Documents\GitHub\MAJOR-PROJECT\archive\OriginalDataset\NonDemented\nonDem339.jpg,NonDemented,0
C:\Users\HP\OneDrive\Documents\GitHub\MAJOR-PROJECT\archive\OriginalDataset\NonDemented\nonDem1952.jpg,NonDemented,0
C:\Users\HP\OneDrive\Documents\GitHub\MAJOR-PROJECT\archive\OriginalDataset\VeryMildDemented\verymildDem1139.jpg,VeryMildDemented,1
C:\Users\HP\OneDrive\Documents\GitHub\MAJOR-PROJECT\archive\OriginalDataset\VeryMildDemented\verymildDem623.jpg,VeryMildDemented,1
C:\Users\HP\OneDrive\Documents\GitHub\MAJOR-PROJECT\archive\OriginalDataset\VeryMildDemented\verymildDem1787.jpg,VeryMildDemented,1
C:\Users\HP\OneDrive\Documents\GitHub\MAJOR-PROJECT\archive\OriginalDataset\NonDemented\nonDem974.jpg,NonDemented,0
C:\Users\HP\OneDrive\Documents\GitHub\MAJOR-PROJECT\archive\OriginalDataset\VeryMildDemented\verymildDem640.jpg,VeryMildDemented,1
C:\Users\HP\OneDrive\Documents\GitHub\MAJOR-PROJECT\archive\OriginalDataset\VeryMildDemented\verymildDem64.jpg,VeryMildDemented,1
C:\Users\HP\OneDrive\Documents\GitHub\MAJOR-PROJECT\archive\OriginalDataset\NonDemented\nonDem1146.jpg,NonDemented,0
C:\Users\HP\OneDrive\Documents\GitHub\MAJOR-PROJECT\archive\OriginalDataset\NonDemented\26 (74).jpg,NonDemented,0
C:\Users\HP\OneDrive\Documents\GitHub\MAJOR-PROJECT\archive\OriginalDataset\NonDemented\nonDem2294.jpg,NonDemented,0
C:\Users\HP\OneDrive\Documents\GitHub\MAJOR-PROJECT\archive\OriginalDataset\NonDemented\nonDem1331.jpg,NonDemented,0
C:\Users\HP\OneDrive\Documents\GitHub\MAJOR-PROJECT\archive\OriginalDataset\MildDemented\mildDem456.jpg,MildDemented,1
C:\Users\HP\OneDrive\Documents\GitHub\MAJOR-PROJECT\archive\OriginalDataset\VeryMildDemented\verymildDem920.jpg,VeryMildDemented,1
C:\Users\HP\OneDrive\Documents\GitHub\MAJOR-PROJECT\archive\OriginalDataset\NonDemented\nonDem2233.jpg,NonDemented,0
C:\Users\HP\OneDrive\Documents\GitHub\MAJOR-PROJECT\archive\OriginalDataset\VeryMildDemented\verymildDem616.jpg,VeryMildDemented,1
C:\Users\HP\OneDrive\Documents\GitHub\MAJOR-PROJECT\archive\OriginalDataset\NonDemented\32 (66).jpg,NonDemented,0
C:\Users\HP\OneDrive\Documents\GitHub\MAJOR-PROJECT\archive\OriginalDataset\NonDemented\31 (35).jpg,NonDemented,0
C:\Users\HP\OneDrive\Documents\GitHub\MAJOR-PROJECT\archive\OriginalDataset\NonDemented\nonDem384.jpg,NonDemented,0
C:\Users\HP\OneDrive\Documents\GitHub\MAJOR-PROJECT\archive\OriginalDataset\VeryMildDemented\28 (29).jpg,VeryMildDemented,1
C:\Users\HP\OneDrive\Documents\GitHub\MAJOR-PROJECT\archive\OriginalDataset\NonDemented\nonDem2096.jpg,NonDemented,0
C:\Users\HP\OneDrive\Documents\GitHub\MAJOR-PROJECT\archive\OriginalDataset\NonDemented\nonDem1388.jpg,NonDemented,0
C:\Users\HP\OneDrive\Documents\GitHub\MAJOR-PROJECT\archive\OriginalDataset\VeryMildDemented\verymildDem564.jpg,VeryMildDemented,1
C:\Users\HP\OneDrive\Documents\GitHub\MAJOR-PROJECT\archive\OriginalDataset\MildDemented\29 (20).jpg,MildDemented,1
C:\Users\HP\OneDrive\Documents\GitHub\MAJOR-PROJECT\archive\OriginalDataset\NonDemented\nonDem1913.jpg,NonDemented,0
C:\Users\HP\OneDrive\Documents\GitHub\MAJOR-PROJECT\archive\OriginalDataset\NonDemented\nonDem1421.jpg,NonDemented,0
C:\Users\HP\OneDrive\Documents\GitHub\MAJOR-PROJECT\archive\OriginalDataset\NonDemented\nonDem1872.jpg,NonDemented,0
C:\Users\HP\OneDrive\Documents\GitHub\MAJOR-PROJECT\archive\OriginalDataset\VeryMildDemented\verymildDem862.jpg,VeryMildDemented,1
C:\Users\HP\OneDrive\Documents\GitHub\MAJOR-PROJECT\archive\OriginalDataset\NonDemented\nonDem129.jpg,NonDemented,0
C:\Users\HP\OneDrive\Documents\GitHub\MAJOR-PROJECT\archive\OriginalDataset\VeryMildDemented\32 (11).jpg,VeryMildDemented,1
C:\Users\HP\OneDrive\Documents\GitHub\MAJOR-PROJECT\archive\OriginalDataset\VeryMildDemented\verymildDem1221.jpg,VeryMildDemented,1
C:\Users\HP\OneDrive\Documents\GitHub\MAJOR-PROJECT\archive\OriginalDataset\NonDemented\nonDem326.jpg,NonDemented,0
C:\Users\HP\OneDrive\Documents\GitHub\MAJOR-PROJECT\archive\OriginalDataset\MildDemented\29 (21).jpg,MildDemented,1
C:\Users\HP\OneDrive\Documents\GitHub\MAJOR-PROJECT\archive\OriginalDataset\NonDemented\nonDem655.jpg,NonDemented,0
C:\Users\HP\OneDrive\Documents\GitHub\MAJOR-PROJECT\archive\OriginalDataset\VeryMildDemented\verymildDem673.jpg,VeryMildDemented,1
C:\Users\HP\OneDrive\Documents\GitHub\MAJOR-PROJECT\archive\OriginalDataset\NonDemented\nonDem1691.jpg,NonDemented,0
C:\Users\HP\OneDrive\Documents\GitHub\MAJOR-PROJECT\archive\OriginalDataset\MildDemented\mildDem549.jpg,MildDemented,1
C:\Users\HP\OneDrive\Documents\GitHub\MAJOR-PROJECT\archive\OriginalDataset\NonDemented\nonDem1419.jpg,NonDemented,0
C:\Users\HP\OneDrive\Documents\GitHub\MAJOR-PROJECT\archive\OriginalDataset\NonDemented\nonDem514.jpg,NonDemented,0
C:\Users\HP\OneDrive\Documents\GitHub\MAJOR-PROJECT\archive\OriginalDataset\MildDemented\mildDem686.jpg,MildDemented,1
C:\Users\HP\OneDrive\Documents\GitHub\MAJOR-PROJECT\archive\OriginalDataset\NonDemented\28 (34).jpg,NonDemented,0
C:\Users\HP\OneDrive\Documents\GitHub\MAJOR-PROJECT\archive\OriginalDataset\NonDemented\27 (51).jpg,NonDemented,0
C:\Users\HP\OneDrive\Documents\GitHub\MAJOR-PROJECT\archive\OriginalDataset\NonDemented\nonDem1961.jpg,NonDemented,0
C:\Users\HP\OneDrive\Documents\GitHub\MAJOR-PROJECT\archive\OriginalDataset\NonDemented\nonDem325.jpg,NonDemented,0
C:\Users\HP\OneDrive\Documents\GitHub\MAJOR-PROJECT\archive\OriginalDataset\VeryMildDemented\verymildDem613.jpg,VeryMildDemented,1
C:\Users\HP\OneDrive\Documents\GitHub\MAJOR-PROJECT\archive\OriginalDataset\NonDemented\nonDem1121.jpg,NonDemented,0
C:\Users\HP\OneDrive\Documents\GitHub\MAJOR-PROJECT\archive\OriginalDataset\NonDemented\nonDem2439.jpg,NonDemented,0
C:\Users\HP\OneDrive\Documents\GitHub\MAJOR-PROJECT\archive\OriginalDataset\NonDemented\nonDem1755.jpg,NonDemented,0
C:\Users\HP\OneDrive\Documents\GitHub\MAJOR-PROJECT\archive\OriginalDataset\NonDemented\nonDem438.jpg,NonDemented,0
C:\Users\HP\OneDrive\Documents\GitHub\MAJOR-PROJECT\archive\OriginalDataset\NonDemented\26 (100).jpg,NonDemented,0
C:\Users\HP\OneDrive\Documents\GitHub\MAJOR-PROJECT\archive\OriginalDataset\NonDemented\29 (48).jpg,NonDemented,0
C:\Users\HP\OneDrive\Documents\GitHub\MAJOR-PROJECT\archive\OriginalDataset\NonDemented\nonDem1179.jpg,NonDemented,0
C:\Users\HP\OneDrive\Documents\GitHub\MAJOR-PROJECT\archive\OriginalDataset\MildDemented\31 (4).jpg,MildDemented,1
C:\Users\HP\OneDrive\Documents\GitHub\MAJOR-PROJECT\archive\OriginalDataset\NonDemented\nonDem2490.jpg,NonDemented,0
C:\Users\HP\OneDrive\Documents\GitHub\MAJOR-PROJECT\archive\OriginalDataset\NonDemented\nonDem1479.jpg,NonDemented,0
C:\Users\HP\OneDrive\Documents\GitHub\MAJOR-PROJECT\archive\OriginalDataset\VeryMildDemented\30 (52).jpg,VeryMildDemented,1
C:\Users\HP\OneDrive\Documents\GitHub\MAJOR-PROJECT\archive\OriginalDataset\NonDemented\nonDem741.jpg,NonDemented,0
C:\Users\HP\OneDrive\Documents\GitHub\MAJOR-PROJECT\archive\OriginalDataset\VeryMildDemented\verymildDem1321.jpg,VeryMildDemented,1
C:\Users\HP\OneDrive\Documents\GitHub\MAJOR-PROJECT\archive\OriginalDataset\MildDemented\mildDem649.jpg,MildDemented,1
C:\Users\HP\OneDrive\Documents\GitHub\MAJOR-PROJECT\archive\OriginalDataset\VeryMildDemented\32 (42).jpg,VeryMildDemented,1
C:\Users\HP\OneDrive\Documents\GitHub\MAJOR-PROJECT\archive\OriginalDataset\MildDemented\mildDem311.jpg,MildDemented,1
C:\Users\HP\OneDrive\Documents\GitHub\MAJOR-PROJECT\archive\OriginalDataset\VeryMildDemented\verymildDem760.jpg,VeryMildDemented,1
C:\Users\HP\OneDrive\Documents\GitHub\MAJOR-PROJECT\archive\OriginalDataset\VeryMildDemented\verymildDem619.jpg,VeryMildDemented,1
C:\Users\HP\OneDrive\Documents\GitHub\MAJOR-PROJECT\archive\OriginalDataset\NonDemented\nonDem1698.jpg,NonDemented,0
C:\Users\HP\OneDrive\Documents\GitHub\MAJOR-PROJECT\archive\OriginalDataset\NonDemented\nonDem2498.jpg,NonDemented,0
C:\Users\HP\OneDrive\Documents\GitHub\MAJOR-PROJECT\archive\OriginalDataset\NonDemented\31 (69).jpg,NonDemented,0
C:\Users\HP\OneDrive\Documents\GitHub\MAJOR-PROJECT\archive\OriginalDataset\NonDemented\nonDem303.jpg,NonDemented,0
C:\Users\HP\OneDrive\Documents\GitHub\MAJOR-PROJECT\archive\OriginalDataset\VeryMildDemented\verymildDem771.jpg,VeryMildDemented,1
C:\Users\HP\OneDrive\Documents\GitHub\MAJOR-PROJECT\archive\OriginalDataset\NonDemented\nonDem2045.jpg,NonDemented,0
C:\Users\HP\OneDrive\Documents\GitHub\MAJOR-PROJECT\archive\OriginalDataset\VeryMildDemented\31 (16).jpg,VeryMildDemented,1
C:\Users\HP\OneDrive\Documents\GitHub\MAJOR-PROJECT\archive\OriginalDataset\VeryMildDemented\verymildDem587.jpg,VeryMildDemented,1
C:\Users\HP\OneDrive\Documents\GitHub\MAJOR-PROJECT\archive\OriginalDataset\NonDemented\27 (20).jpg,NonDemented,0
C:\Users\HP\OneDrive\Documents\GitHub\MAJOR-PROJECT\archive\OriginalDataset\VeryMildDemented\verymildDem1493.jpg,VeryMildDemented,1
C:\Users\HP\OneDrive\Documents\GitHub\MAJOR-PROJECT\archive\OriginalDataset\NonDemented\nonDem1416.jpg,NonDemented,0
C:\Users\HP\OneDrive\Documents\GitHub\MAJOR-PROJECT\archive\OriginalDataset\VeryMildDemented\31 (10).jpg,VeryMildDemented,1
C:\Users\HP\OneDrive\Documents\GitHub\MAJOR-PROJECT\archive\OriginalDataset\NonDemented\nonDem1456.jpg,NonDemented,0
C:\Users\HP\OneDrive\Documents\GitHub\MAJOR-PROJECT\archive\OriginalDataset\VeryMildDemented\verymildDem83.jpg,VeryMildDemented,1
C:\Users\HP\OneDrive\Documents\GitHub\MAJOR-PROJECT\archive\OriginalDataset\NonDemented\nonDem1095.jpg,NonDemented,0
C:\Users\HP\OneDrive\Documents\GitHub\MAJOR-PROJECT\archive\OriginalDataset\VeryMildDemented\verymildDem1659.jpg,VeryMildDemented,1
C:\Users\HP\OneDrive\Documents\GitHub\MAJOR-PROJECT\archive\OriginalDataset\VeryMildDemented\verymildDem444.jpg,VeryMildDemented,1
C:\Users\HP\OneDrive\Documents\GitHub\MAJOR-PROJECT\archive\OriginalDataset\NonDemented\nonDem1973.jpg,NonDemented,0
C:\Users\HP\OneDrive\Documents\GitHub\MAJOR-PROJECT\archive\OriginalDataset\NonDemented\nonDem1507.jpg,NonDemented,0
C:\Users\HP\OneDrive\Documents\GitHub\MAJOR-PROJECT\archive\OriginalDataset\NonDemented\30 (35).jpg,NonDemented,0
C:\Users\HP\OneDrive\Documents\GitHub\MAJOR-PROJECT\archive\OriginalDataset\NonDemented\nonDem1372.jpg,NonDemented,0
C:\Users\HP\OneDrive\Documents\GitHub\MAJOR-PROJECT\archive\OriginalDataset\VeryMildDemented\verymildDem484.jpg,VeryMildDemented,1
C:\Users\HP\OneDrive\Documents\GitHub\MAJOR-PROJECT\archive\OriginalDataset\NonDemented\nonDem1192.jpg,NonDemented,0
C:\Users\HP\OneDrive\Documents\GitHub\MAJOR-PROJECT\archive\OriginalDataset\MildDemented\mildDem619.jpg,MildDemented,1
C:\Users\HP\OneDrive\Documents\GitHub\MAJOR-PROJECT\archive\OriginalDataset\NonDemented\nonDem548.jpg,NonDemented,0
C:\Users\HP\OneDrive\Documents\GitHub\MAJOR-PROJECT\archive\OriginalDataset\NonDemented\nonDem2244.jpg,NonDemented,0
C:\Users\HP\OneDrive\Documents\GitHub\MAJOR-PROJECT\archive\OriginalDataset\NonDemented\nonDem824.jpg,NonDemented,0
C:\Users\HP\OneDrive\Documents\GitHub\MAJOR-PROJECT\archive\OriginalDataset\MildDemented\mildDem665.jpg,MildDemented,1
C:\Users\HP\OneDrive\Documents\GitHub\MAJOR-PROJECT\archive\OriginalDataset\NonDemented\nonDem436.jpg,NonDemented,0
C:\Users\HP\OneDrive\Documents\GitHub\MAJOR-PROJECT\archive\OriginalDataset\MildDemented\32 (5).jpg,MildDemented,1
C:\Users\HP\OneDrive\Documents\GitHub\MAJOR-PROJECT\archive\OriginalDataset\NonDemented\31 (9).jpg,NonDemented,0
C:\Users\HP\OneDrive\Documents\GitHub\MAJOR-PROJECT\archive\OriginalDataset\VeryMildDemented\verymildDem1546.jpg,VeryMildDemented,1
C:\Users\HP\OneDrive\Documents\GitHub\MAJOR-PROJECT\archive\OriginalDataset\NonDemented\29 (44).jpg,NonDemented,0
C:\Users\HP\OneDrive\Documents\GitHub\MAJOR-PROJECT\archive\OriginalDataset\VeryMildDemented\verymildDem1592.jpg,VeryMildDemented,1
C:\Users\HP\OneDrive\Documents\GitHub\MAJOR-PROJECT\archive\OriginalDataset\VeryMildDemented\verymildDem1017.jpg,VeryMildDemented,1
C:\Users\HP\OneDrive\Documents\GitHub\MAJOR-PROJECT\archive\OriginalDataset\VeryMildDemented\verymildDem1094.jpg,VeryMildDemented,1
C:\Users\HP\OneDrive\Documents\GitHub\MAJOR-PROJECT\archive\OriginalDataset\NonDemented\nonDem1135.jpg,NonDemented,0
C:\Users\HP\OneDrive\Documents\GitHub\MAJOR-PROJECT\archive\OriginalDataset\NonDemented\32 (50).jpg,NonDemented,0
C:\Users\HP\OneDrive\Documents\GitHub\MAJOR-PROJECT\archive\OriginalDataset\VeryMildDemented\verymildDem1170.jpg,VeryMildDemented,1
C:\Users\HP\OneDrive\Documents\GitHub\MAJOR-PROJECT\archive\OriginalDataset\NonDemented\32 (95).jpg,NonDemented,0
C:\Users\HP\OneDrive\Documents\GitHub\MAJOR-PROJECT\archive\OriginalDataset\MildDemented\30 (17).jpg,MildDemented,1
C:\Users\HP\OneDrive\Documents\GitHub\MAJOR-PROJECT\archive\OriginalDataset\VeryMildDemented\26 (68).jpg,VeryMildDemented,1
C:\Users\HP\OneDrive\Documents\GitHub\MAJOR-PROJECT\archive\OriginalDataset\MildDemented\mildDem587.jpg,MildDemented,1
C:\Users\HP\OneDrive\Documents\GitHub\MAJOR-PROJECT\archive\OriginalDataset\MildDemented\mildDem254.jpg,MildDemented,1
C:\Users\HP\OneDrive\Documents\GitHub\MAJOR-PROJECT\archive\OriginalDataset\VeryMildDemented\verymildDem1322.jpg,VeryMildDemented,1
C:\Users\HP\OneDrive\Documents\GitHub\MAJOR-PROJECT\archive\OriginalDataset\VeryMildDemented\verymildDem431.jpg,VeryMildDemented,1
C:\Users\HP\OneDrive\Documents\GitHub\MAJOR-PROJECT\archive\OriginalDataset\NonDemented\nonDem2075.jpg,NonDemented,0
C:\Users\HP\OneDrive\Documents\GitHub\MAJOR-PROJECT\archive\OriginalDataset\NonDemented\nonDem2177.jpg,NonDemented,0
C:\Users\HP\OneDrive\Documents\GitHub\MAJOR-PROJECT\archive\OriginalDataset\NonDemented\nonDem1645.jpg,NonDemented,0
C:\Users\HP\OneDrive\Documents\GitHub\MAJOR-PROJECT\archive\OriginalDataset\NonDemented\nonDem1990.jpg,NonDemented,0
C:\Users\HP\OneDrive\Documents\GitHub\MAJOR-PROJECT\archive\OriginalDataset\NonDemented\nonDem2505.jpg,NonDemented,0
C:\Users\HP\OneDrive\Documents\GitHub\MAJOR-PROJECT\archive\OriginalDataset\MildDemented\mildDem704.jpg,MildDemented,1
C:\Users\HP\OneDrive\Documents\GitHub\MAJOR-PROJECT\archive\OriginalDataset\NonDemented\27 (27).jpg,NonDemented,0
C:\Users\HP\OneDrive\Documents\GitHub\MAJOR-PROJECT\archive\OriginalDataset\MildDemented\mildDem384.jpg,MildDemented,1
C:\Users\HP\OneDrive\Documents\GitHub\MAJOR-PROJECT\archive\OriginalDataset\NonDemented\nonDem2468.jpg,NonDemented,0
C:\Users\HP\OneDrive\Documents\GitHub\MAJOR-PROJECT\archive\OriginalDataset\MildDemented\mildDem291.jpg,MildDemented,1
C:\Users\HP\OneDrive\Documents\GitHub\MAJOR-PROJECT\archive\OriginalDataset\VeryMildDemented\verymildDem30.jpg,VeryMildDemented,1
C:\Users\HP\OneDrive\Documents\GitHub\MAJOR-PROJECT\archive\OriginalDataset\MildDemented\mildDem66.jpg,MildDemented,1
C:\Users\HP\OneDrive\Documents\GitHub\MAJOR-PROJECT\archive\OriginalDataset\NonDemented\32 (80).jpg,NonDemented,0
C:\Users\HP\OneDrive\Documents\GitHub\MAJOR-PROJECT\archive\OriginalDataset\NonDemented\nonDem315.jpg,NonDemented,0
C:\Users\HP\OneDrive\Documents\GitHub\MAJOR-PROJECT\archive\OriginalDataset\NonDemented\nonDem1046.jpg,NonDemented,0
C:\Users\HP\OneDrive\Documents\GitHub\MAJOR-PROJECT\archive\OriginalDataset\MildDemented\mildDem454.jpg,MildDemented,1
C:\Users\HP\OneDrive\Documents\GitHub\MAJOR-PROJECT\archive\OriginalDataset\VeryMildDemented\verymildDem76.jpg,VeryMildDemented,1
C:\Users\HP\OneDrive\Documents\GitHub\MAJOR-PROJECT\archive\OriginalDataset\NonDemented\nonDem2291.jpg,NonDemented,0
C:\Users\HP\OneDrive\Documents\GitHub\MAJOR-PROJECT\archive\OriginalDataset\NonDemented\nonDem2258.jpg,NonDemented,0
C:\Users\HP\OneDrive\Documents\GitHub\MAJOR-PROJECT\archive\OriginalDataset\NonDemented\nonDem1174.jpg,NonDemented,0
C:\Users\HP\OneDrive\Documents\GitHub\MAJOR-PROJECT\archive\OriginalDataset\NonDemented\31 (99).jpg,NonDemented,0
C:\Users\HP\OneDrive\Documents\GitHub\MAJOR-PROJECT\archive\OriginalDataset\MildDemented\mildDem545.jpg,MildDemented,1
C:\Users\HP\OneDrive\Documents\GitHub\MAJOR-PROJECT\archive\OriginalDataset\NonDemented\nonDem1344.jpg,NonDemented,0
C:\Users\HP\OneDrive\Documents\GitHub\MAJOR-PROJECT\archive\OriginalDataset\NonDemented\nonDem2044.jpg,NonDemented,0
C:\Users\HP\OneDrive\Documents\GitHub\MAJOR-PROJECT\archive\OriginalDataset\VeryMildDemented\verymildDem1500.jpg,VeryMildDemented,1
C:\Users\HP\OneDrive\Documents\GitHub\MAJOR-PROJECT\archive\OriginalDataset\NonDemented\nonDem1385.jpg,NonDemented,0
C:\Users\HP\OneDrive\Documents\GitHub\MAJOR-PROJECT\archive\OriginalDataset\VeryMildDemented\verymildDem1590.jpg,VeryMildDemented,1
C:\Users\HP\OneDrive\Documents\GitHub\MAJOR-PROJECT\archive\OriginalDataset\VeryMildDemented\31 (5).jpg,VeryMildDemented,1
C:\Users\HP\OneDrive\Documents\GitHub\MAJOR-PROJECT\archive\OriginalDataset\NonDemented\32 (47).jpg,NonDemented,0
C:\Users\HP\OneDrive\Documents\GitHub\MAJOR-PROJECT\archive\OriginalDataset\NonDemented\28 (10).jpg,NonDemented,0
C:\Users\HP\OneDrive\Documents\GitHub\MAJOR-PROJECT\archive\OriginalDataset\VeryMildDemented\verymildDem757.jpg,VeryMildDemented,1
C:\Users\HP\OneDrive\Documents\GitHub\MAJOR-PROJECT\archive\OriginalDataset\VeryMildDemented\29 (25).jpg,VeryMildDemented,1
C:\Users\HP\OneDrive\Documents\GitHub\MAJOR-PROJECT\archive\OriginalDataset\VeryMildDemented\verymildDem1575.jpg,VeryMildDemented,1
C:\Users\HP\OneDrive\Documents\GitHub\MAJOR-PROJECT\archive\OriginalDataset\NonDemented\32 (35).jpg,NonDemented,0
C:\Users\HP\OneDrive\Documents\GitHub\MAJOR-PROJECT\archive\OriginalDataset\VeryMildDemented\26 (58).jpg,VeryMildDemented,1
C:\Users\HP\OneDrive\Documents\GitHub\MAJOR-PROJECT\archive\OriginalDataset\MildDemented\mildDem579.jpg,MildDemented,1
C:\Users\HP\OneDrive\Documents\GitHub\MAJOR-PROJECT\archive\OriginalDataset\NonDemented\nonDem1081.jpg,NonDemented,0
C:\Users\HP\OneDrive\Documents\GitHub\MAJOR-PROJECT\archive\OriginalDataset\NonDemented\nonDem258.jpg,NonDemented,0
C:\Users\HP\OneDrive\Documents\GitHub\MAJOR-PROJECT\archive\OriginalDataset\VeryMildDemented\verymildDem505.jpg,VeryMildDemented,1
C:\Users\HP\OneDrive\Documents\GitHub\MAJOR-PROJECT\archive\OriginalDataset\NonDemented\nonDem1747.jpg,NonDemented,0
C:\Users\HP\OneDrive\Documents\GitHub\MAJOR-PROJECT\archive\OriginalDataset\VeryMildDemented\verymildDem6.jpg,VeryMildDemented,1
C:\Users\HP\OneDrive\Documents\GitHub\MAJOR-PROJECT\archive\OriginalDataset\MildDemented\mildDem463.jpg,MildDemented,1
C:\Users\HP\OneDrive\Documents\GitHub\MAJOR-PROJECT\archive\OriginalDataset\NonDemented\nonDem790.jpg,NonDemented,0
C:\Users\HP\OneDrive\Documents\GitHub\MAJOR-PROJECT\archive\OriginalDataset\NonDemented\31 (19).jpg,NonDemented,0
C:\Users\HP\OneDrive\Documents\GitHub\MAJOR-PROJECT\archive\OriginalDataset\NonDemented\nonDem865.jpg,NonDemented,0
C:\Users\HP\OneDrive\Documents\GitHub\MAJOR-PROJECT\archive\OriginalDataset\NonDemented\nonDem2286.jpg,NonDemented,0
C:\Users\HP\OneDrive\Documents\GitHub\MAJOR-PROJECT\archive\OriginalDataset\NonDemented\28 (47).jpg,NonDemented,0
C:\Users\HP\OneDrive\Documents\GitHub\MAJOR-PROJECT\archive\OriginalDataset\VeryMildDemented\verymildDem399.jpg,VeryMildDemented,1
C:\Users\HP\OneDrive\Documents\GitHub\MAJOR-PROJECT\archive\OriginalDataset\VeryMildDemented\28 (26).jpg,VeryMildDemented,1
C:\Users\HP\OneDrive\Documents\GitHub\MAJOR-PROJECT\archive\OriginalDataset\NonDemented\nonDem1703.jpg,NonDemented,0
C:\Users\HP\OneDrive\Documents\GitHub\MAJOR-PROJECT\archive\OriginalDataset\MildDemented\mildDem517.jpg,MildDemented,1
C:\Users\HP\OneDrive\Documents\GitHub\MAJOR-PROJECT\archive\OriginalDataset\NonDemented\nonDem314.jpg,NonDemented,0
C:\Users\HP\OneDrive\Documents\GitHub\MAJOR-PROJECT\archive\OriginalDataset\VeryMildDemented\31 (7).jpg,VeryMildDemented,1
C:\Users\HP\OneDrive\Documents\GitHub\MAJOR-PROJECT\archive\OriginalDataset\VeryMildDemented\verymildDem1392.jpg,VeryMildDemented,1
C:\Users\HP\OneDrive\Documents\GitHub\MAJOR-PROJECT\archive\OriginalDataset\NonDemented\nonDem273.jpg,NonDemented,0
C:\Users\HP\OneDrive\Documents\GitHub\MAJOR-PROJECT\archive\OriginalDataset\NonDemented\nonDem2010.jpg,NonDemented,0
C:\Users\HP\OneDrive\Documents\GitHub\MAJOR-PROJECT\archive\OriginalDataset\VeryMildDemented\verymildDem1471.jpg,VeryMildDemented,1
C:\Users\HP\OneDrive\Documents\GitHub\MAJOR-PROJECT\archive\OriginalDataset\VeryMildDemented\31 (14).jpg,VeryMildDemented,1
C:\Users\HP\OneDrive\Documents\GitHub\MAJOR-PROJECT\archive\OriginalDataset\VeryMildDemented\verymildDem10.jpg,VeryMildDemented,1
C:\Users\HP\OneDrive\Documents\GitHub\MAJOR-PROJECT\archive\OriginalDataset\MildDemented\mildDem225.jpg,MildDemented,1
C:\Users\HP\OneDrive\Documents\GitHub\MAJOR-PROJECT\archive\OriginalDataset\VeryMildDemented\verymildDem372.jpg,VeryMildDemented,1
C:\Users\HP\OneDrive\Documents\GitHub\MAJOR-PROJECT\archive\OriginalDataset\NonDemented\32 (81).jpg,NonDemented,0
C:\Users\HP\OneDrive\Documents\GitHub\MAJOR-PROJECT\archive\OriginalDataset\NonDemented\nonDem276.jpg,NonDemented,0
C:\Users\HP\OneDrive\Documents\GitHub\MAJOR-PROJECT\archive\OriginalDataset\NonDemented\nonDem1795.jpg,NonDemented,0
C:\Users\HP\OneDrive\Documents\GitHub\MAJOR-PROJECT\archive\OriginalDataset\NonDemented\30 (97).jpg,NonDemented,0
C:\Users\HP\OneDrive\Documents\GitHub\MAJOR-PROJECT\archive\OriginalDataset\MildDemented\mildDem573.jpg,MildDemented,1
C:\Users\HP\OneDrive\Documents\GitHub\MAJOR-PROJECT\archive\OriginalDataset\NonDemented\nonDem1854.jpg,NonDemented,0
C:\Users\HP\OneDrive\Documents\GitHub\MAJOR-PROJECT\archive\OriginalDataset\VeryMildDemented\32 (57).jpg,VeryMildDemented,1
C:\Users\HP\OneDrive\Documents\GitHub\MAJOR-PROJECT\archive\OriginalDataset\NonDemented\nonDem1420.jpg,NonDemented,0
C:\Users\HP\OneDrive\Documents\GitHub\MAJOR-PROJECT\archive\OriginalDataset\VeryMildDemented\29 (33).jpg,VeryMildDemented,1
C:\Users\HP\OneDrive\Documents\GitHub\MAJOR-PROJECT\archive\OriginalDataset\NonDemented\nonDem681.jpg,NonDemented,0
C:\Users\HP\OneDrive\Documents\GitHub\MAJOR-PROJECT\archive\OriginalDataset\VeryMildDemented\31 (55).jpg,VeryMildDemented,1
C:\Users\HP\OneDrive\Documents\GitHub\MAJOR-PROJECT\archive\OriginalDataset\VeryMildDemented\verymildDem125.jpg,VeryMildDemented,1
C:\Users\HP\OneDrive\Documents\GitHub\MAJOR-PROJECT\archive\OriginalDataset\VeryMildDemented\verymildDem455.jpg,VeryMildDemented,1
C:\Users\HP\OneDrive\Documents\GitHub\MAJOR-PROJECT\archive\OriginalDataset\NonDemented\28 (81).jpg,NonDemented,0
C:\Users\HP\OneDrive\Documents\GitHub\MAJOR-PROJECT\archive\OriginalDataset\VeryMildDemented\verymildDem430.jpg,VeryMildDemented,1
C:\Users\HP\OneDrive\Documents\GitHub\MAJOR-PROJECT\archive\OriginalDataset\VeryMildDemented\verymildDem923.jpg,VeryMildDemented,1
C:\Users\HP\OneDrive\Documents\GitHub\MAJOR-PROJECT\archive\OriginalDataset\VeryMildDemented\verymildDem899.jpg,VeryMildDemented,1
C:\Users\HP\OneDrive\Documents\GitHub\MAJOR-PROJECT\archive\OriginalDataset\VeryMildDemented\verymildDem1509.jpg,VeryMildDemented,1
C:\Users\HP\OneDrive\Documents\GitHub\MAJOR-PROJECT\archive\OriginalDataset\NonDemented\29 (78).jpg,NonDemented,0
C:\Users\HP\OneDrive\Documents\GitHub\MAJOR-PROJECT\archive\OriginalDataset\VeryMildDemented\verymildDem71.jpg,VeryMildDemented,1
C:\Users\HP\OneDrive\Documents\GitHub\MAJOR-PROJECT\archive\OriginalDataset\VeryMildDemented\verymildDem1644.jpg,VeryMildDemented,1
C:\Users\HP\OneDrive\Documents\GitHub\MAJOR-PROJECT\archive\OriginalDataset\VeryMildDemented\verymildDem320.jpg,VeryMildDemented,1
C:\Users\HP\OneDrive\Documents\GitHub\MAJOR-PROJECT\archive\OriginalDataset\MildDemented\mildDem668.jpg,MildDemented,1
C:\Users\HP\OneDrive\Documents\GitHub\MAJOR-PROJECT\archive\OriginalDataset\NonDemented\nonDem978.jpg,NonDemented,0
C:\Users\HP\OneDrive\Documents\GitHub\MAJOR-PROJECT\archive\OriginalDataset\VeryMildDemented\verymildDem685.jpg,VeryMildDemented,1
C:\Users\HP\OneDrive\Documents\GitHub\MAJOR-PROJECT\archive\OriginalDataset\MildDemented\mildDem17.jpg,MildDemented,1
C:\Users\HP\OneDrive\Documents\GitHub\MAJOR-PROJECT\archive\OriginalDataset\VeryMildDemented\29 (69).jpg,VeryMildDemented,1
C:\Users\HP\OneDrive\Documents\GitHub\MAJOR-PROJECT\archive\OriginalDataset\VeryMildDemented\verymildDem156.jpg,VeryMildDemented,1
C:\Users\HP\OneDrive\Documents\GitHub\MAJOR-PROJECT\archive\OriginalDataset\VeryMildDemented\verymildDem1235.jpg,VeryMildDemented,1
C:\Users\HP\OneDrive\Documents\GitHub\MAJOR-PROJECT\archive\OriginalDataset\NonDemented\nonDem599.jpg,NonDemented,0
C:\Users\HP\OneDrive\Documents\GitHub\MAJOR-PROJECT\archive\OriginalDataset\VeryMildDemented\verymildDem1151.jpg,VeryMildDemented,1
C:\Users\HP\OneDrive\Documents\GitHub\MAJOR-PROJECT\archive\OriginalDataset\NonDemented\nonDem1817.jpg,NonDemented,0
C:\Users\HP\OneDrive\Documents\GitHub\MAJOR-PROJECT\archive\OriginalDataset\MildDemented\mildDem369.jpg,MildDemented,1
C:\Users\HP\OneDrive\Documents\GitHub\MAJOR-PROJECT\archive\OriginalDataset\VeryMildDemented\verymildDem1736.jpg,VeryMildDemented,1
C:\Users\HP\OneDrive\Documents\GitHub\MAJOR-PROJECT\archive\OriginalDataset\NonDemented\nonDem2443.jpg,NonDemented,0
C:\Users\HP\OneDrive\Documents\GitHub\MAJOR-PROJECT\archive\OriginalDataset\VeryMildDemented\verymildDem295.jpg,VeryMildDemented,1
C:\Users\HP\OneDrive\Documents\GitHub\MAJOR-PROJECT\archive\OriginalDataset\NonDemented\nonDem2333.jpg,NonDemented,0
C:\Users\HP\OneDrive\Documents\GitHub\MAJOR-PROJECT\archive\OriginalDataset\VeryMildDemented\verymildDem485.jpg,VeryMildDemented,1
C:\Users\HP\OneDrive\Documents\GitHub\MAJOR-PROJECT\archive\OriginalDataset\NonDemented\nonDem458.jpg,NonDemented,0
C:\Users\HP\OneDrive\Documents\GitHub\MAJOR-PROJECT\archive\OriginalDataset\MildDemented\mildDem70.jpg,MildDemented,1
C:\Users\HP\OneDrive\Documents\GitHub\MAJOR-PROJECT\archive\OriginalDataset\NonDemented\nonDem2421.jpg,NonDemented,0
C:\Users\HP\OneDrive\Documents\GitHub\MAJOR-PROJECT\archive\OriginalDataset\VeryMildDemented\verymildDem90.jpg,VeryMildDemented,1
C:\Users\HP\OneDrive\Documents\GitHub\MAJOR-PROJECT\archive\OriginalDataset\VeryMildDemented\verymildDem1069.jpg,VeryMildDemented,1
C:\Users\HP\OneDrive\Documents\GitHub\MAJOR-PROJECT\archive\OriginalDataset\NonDemented\nonDem922.jpg,NonDemented,0
C:\Users\HP\OneDrive\Documents\GitHub\MAJOR-PROJECT\archive\OriginalDataset\VeryMildDemented\32 (56).jpg,VeryMildDemented,1
C:\Users\HP\OneDrive\Documents\GitHub\MAJOR-PROJECT\archive\OriginalDataset\VeryMildDemented\verymildDem1672.jpg,VeryMildDemented,1
C:\Users\HP\OneDrive\Documents\GitHub\MAJOR-PROJECT\archive\OriginalDataset\NonDemented\nonDem1848.jpg,NonDemented,0
C:\Users\HP\OneDrive\Documents\GitHub\MAJOR-PROJECT\archive\OriginalDataset\NonDemented\28 (6).jpg,NonDemented,0
C:\Users\HP\OneDrive\Documents\GitHub\MAJOR-PROJECT\archive\OriginalDataset\MildDemented\mildDem378.jpg,MildDemented,1
C:\Users\HP\OneDrive\Documents\GitHub\MAJOR-PROJECT\archive\OriginalDataset\NonDemented\28 (100).jpg,NonDemented,0
C:\Users\HP\OneDrive\Documents\GitHub\MAJOR-PROJECT\archive\OriginalDataset\VeryMildDemented\verymildDem1179.jpg,VeryMildDemented,1
C:\Users\HP\OneDrive\Documents\GitHub\MAJOR-PROJECT\archive\OriginalDataset\NonDemented\nonDem2551.jpg,NonDemented,0
C:\Users\HP\OneDrive\Documents\GitHub\MAJOR-PROJECT\archive\OriginalDataset\VeryMildDemented\verymildDem449.jpg,VeryMildDemented,1
C:\Users\HP\OneDrive\Documents\GitHub\MAJOR-PROJECT\archive\OriginalDataset\VeryMildDemented\verymildDem236.jpg,VeryMildDemented,1
C:\Users\HP\OneDrive\Documents\GitHub\MAJOR-PROJECT\archive\OriginalDataset\MildDemented\mildDem205.jpg,MildDemented,1
C:\Users\HP\OneDrive\Documents\GitHub\MAJOR-PROJECT\archive\OriginalDataset\NonDemented\nonDem1478.jpg,NonDemented,0
C:\Users\HP\OneDrive\Documents\GitHub\MAJOR-PROJECT\archive\OriginalDataset\VeryMildDemented\verymildDem734.jpg,VeryMildDemented,1
C:\Users\HP\OneDrive\Documents\GitHub\MAJOR-PROJECT\archive\OriginalDataset\NonDemented\nonDem1160.jpg,NonDemented,0
C:\Users\HP\OneDrive\Documents\GitHub\MAJOR-PROJECT\archive\OriginalDataset\NonDemented\nonDem1342.jpg,NonDemented,0
C:\Users\HP\OneDrive\Documents\GitHub\MAJOR-PROJECT\archive\OriginalDataset\MildDemented\mildDem116.jpg,MildDemented,1
C:\Users\HP\OneDrive\Documents\GitHub\MAJOR-PROJECT\archive\OriginalDataset\NonDemented\28 (74).jpg,NonDemented,0
C:\Users\HP\OneDrive\Documents\GitHub\MAJOR-PROJECT\archive\OriginalDataset\VeryMildDemented\verymildDem1689.jpg,VeryMildDemented,1
C:\Users\HP\OneDrive\Documents\GitHub\MAJOR-PROJECT\archive\OriginalDataset\VeryMildDemented\verymildDem1190.jpg,VeryMildDemented,1
C:\Users\HP\OneDrive\Documents\GitHub\MAJOR-PROJECT\archive\OriginalDataset\VeryMildDemented\verymildDem1599.jpg,VeryMildDemented,1
C:\Users\HP\OneDrive\Documents\GitHub\MAJOR-PROJECT\archive\OriginalDataset\VeryMildDemented\verymildDem61.jpg,VeryMildDemented,1
C:\Users\HP\OneDrive\Documents\GitHub\MAJOR-PROJECT\archive\OriginalDataset\VeryMildDemented\verymildDem1074.jpg,VeryMildDemented,1
C:\Users\HP\OneDrive\Documents\GitHub\MAJOR-PROJECT\archive\OriginalDataset\VeryMildDemented\verymildDem1363.jpg,VeryMildDemented,1
C:\Users\HP\OneDrive\Documents\GitHub\MAJOR-PROJECT\archive\OriginalDataset\VeryMildDemented\32 (3).jpg,VeryMildDemented,1
C:\Users\HP\OneDrive\Documents\GitHub\MAJOR-PROJECT\archive\OriginalDataset\VeryMildDemented\verymildDem859.jpg,VeryMildDemented,1
C:\Users\HP\OneDrive\Documents\GitHub\MAJOR-PROJECT\archive\OriginalDataset\VeryMildDemented\30 (55).jpg,VeryMildDemented,1
C:\Users\HP\OneDrive\Documents\GitHub\MAJOR-PROJECT\archive\OriginalDataset\VeryMildDemented\32 (70).jpg,VeryMildDemented,1
C:\Users\HP\OneDrive\Documents\GitHub\MAJOR-PROJECT\archive\OriginalDataset\MildDemented\mildDem278.jpg,MildDemented,1
C:\Users\HP\OneDrive\Documents\GitHub\MAJOR-PROJECT\archive\OriginalDataset\VeryMildDemented\32 (37).jpg,VeryMildDemented,1
C:\Users\HP\OneDrive\Documents\GitHub\MAJOR-PROJECT\archive\OriginalDataset\VeryMildDemented\verymildDem1260.jpg,VeryMildDemented,1
C:\Users\HP\OneDrive\Documents\GitHub\MAJOR-PROJECT\archive\OriginalDataset\NonDemented\nonDem1539.jpg,NonDemented,0
C:\Users\HP\OneDrive\Documents\GitHub\MAJOR-PROJECT\archive\OriginalDataset\NonDemented\nonDem226.jpg,NonDemented,0
C:\Users\HP\OneDrive\Documents\GitHub\MAJOR-PROJECT\archive\OriginalDataset\VeryMildDemented\verymildDem732.jpg,VeryMildDemented,1
C:\Users\HP\OneDrive\Documents\GitHub\MAJOR-PROJECT\archive\OriginalDataset\VeryMildDemented\32 (8).jpg,VeryMildDemented,1
C:\Users\HP\OneDrive\Documents\GitHub\MAJOR-PROJECT\archive\OriginalDataset\NonDemented\nonDem263.jpg,NonDemented,0
C:\Users\HP\OneDrive\Documents\GitHub\MAJOR-PROJECT\archive\OriginalDataset\NonDemented\nonDem1250.jpg,NonDemented,0
C:\Users\HP\OneDrive\Documents\GitHub\MAJOR-PROJECT\archive\OriginalDataset\NonDemented\31 (7).jpg,NonDemented,0
C:\Users\HP\OneDrive\Documents\GitHub\MAJOR-PROJECT\archive\OriginalDataset\NonDemented\nonDem2111.jpg,NonDemented,0
C:\Users\HP\OneDrive\Documents\GitHub\MAJOR-PROJECT\archive\OriginalDataset\NonDemented\nonDem766.jpg,NonDemented,0
C:\Users\HP\OneDrive\Documents\GitHub\MAJOR-PROJECT\archive\OriginalDataset\VeryMildDemented\verymildDem803.jpg,VeryMildDemented,1
C:\Users\HP\OneDrive\Documents\GitHub\MAJOR-PROJECT\archive\OriginalDataset\NonDemented\nonDem2340.jpg,NonDemented,0
C:\Users\HP\OneDrive\Documents\GitHub\MAJOR-PROJECT\archive\OriginalDataset\VeryMildDemented\verymildDem1517.jpg,VeryMildDemented,1
C:\Users\HP\OneDrive\Documents\GitHub\MAJOR-PROJECT\archive\OriginalDataset\NonDemented\nonDem223.jpg,NonDemented,0
C:\Users\HP\OneDrive\Documents\GitHub\MAJOR-PROJECT\archive\OriginalDataset\NonDemented\nonDem1200.jpg,NonDemented,0
C:\Users\HP\OneDrive\Documents\GitHub\MAJOR-PROJECT\archive\OriginalDataset\NonDemented\nonDem2368.jpg,NonDemented,0
C:\Users\HP\OneDrive\Documents\GitHub\MAJOR-PROJECT\archive\OriginalDataset\ModerateDemented\30.jpg,ModerateDemented,1
C:\Users\HP\OneDrive\Documents\GitHub\MAJOR-PROJECT\archive\OriginalDataset\VeryMildDemented\31 (29).jpg,VeryMildDemented,1
C:\Users\HP\OneDrive\Documents\GitHub\MAJOR-PROJECT\archive\OriginalDataset\NonDemented\nonDem717.jpg,NonDemented,0
C:\Users\HP\OneDrive\Documents\GitHub\MAJOR-PROJECT\archive\OriginalDataset\NonDemented\nonDem2486.jpg,NonDemented,0
C:\Users\HP\OneDrive\Documents\GitHub\MAJOR-PROJECT\archive\OriginalDataset\VeryMildDemented\31 (41).jpg,VeryMildDemented,1
C:\Users\HP\OneDrive\Documents\GitHub\MAJOR-PROJECT\archive\OriginalDataset\MildDemented\mildDem661.jpg,MildDemented,1
C:\Users\HP\OneDrive\Documents\GitHub\MAJOR-PROJECT\archive\OriginalDataset\NonDemented\nonDem1424.jpg,NonDemented,0
C:\Users\HP\OneDrive\Documents\GitHub\MAJOR-PROJECT\archive\OriginalDataset\VeryMildDemented\verymildDem438.jpg,VeryMildDemented,1
C:\Users\HP\OneDrive\Documents\GitHub\MAJOR-PROJECT\archive\OriginalDataset\NonDemented\nonDem2521.jpg,NonDemented,0
C:\Users\HP\OneDrive\Documents\GitHub\MAJOR-PROJECT\archive\OriginalDataset\NonDemented\nonDem2081.jpg,NonDemented,0
C:\Users\HP\OneDrive\Documents\GitHub\MAJOR-PROJECT\archive\OriginalDataset\MildDemented\28 (21).jpg,MildDemented,1
C:\Users\HP\OneDrive\Documents\GitHub\MAJOR-PROJECT\archive\OriginalDataset\NonDemented\nonDem668.jpg,NonDemented,0
C:\Users\HP\OneDrive\Documents\GitHub\MAJOR-PROJECT\archive\OriginalDataset\NonDemented\32 (88).jpg,NonDemented,0
C:\Users\HP\OneDrive\Documents\GitHub\MAJOR-PROJECT\archive\OriginalDataset\NonDemented\32 (20).jpg,NonDemented,0
C:\Users\HP\OneDrive\Documents\GitHub\MAJOR-PROJECT\archive\OriginalDataset\VeryMildDemented\verymildDem798.jpg,VeryMildDemented,1
C:\Users\HP\OneDrive\Documents\GitHub\MAJOR-PROJECT\archive\OriginalDataset\NonDemented\nonDem68.jpg,NonDemented,0
C:\Users\HP\OneDrive\Documents\GitHub\MAJOR-PROJECT\archive\OriginalDataset\NonDemented\nonDem2522.jpg,NonDemented,0
C:\Users\HP\OneDrive\Documents\GitHub\MAJOR-PROJECT\archive\OriginalDataset\MildDemented\mildDem76.jpg,MildDemented,1
C:\Users\HP\OneDrive\Documents\GitHub\MAJOR-PROJECT\archive\OriginalDataset\NonDemented\nonDem868.jpg,NonDemented,0
C:\Users\HP\OneDrive\Documents\GitHub\MAJOR-PROJECT\archive\OriginalDataset\NonDemented\nonDem1739.jpg,NonDemented,0
C:\Users\HP\OneDrive\Documents\GitHub\MAJOR-PROJECT\archive\OriginalDataset\MildDemented\mildDem715.jpg,MildDemented,1
C:\Users\HP\OneDrive\Documents\GitHub\MAJOR-PROJECT\archive\OriginalDataset\MildDemented\30 (12).jpg,MildDemented,1
C:\Users\HP\OneDrive\Documents\GitHub\MAJOR-PROJECT\archive\OriginalDataset\MildDemented\32 (13).jpg,MildDemented,1
C:\Users\HP\OneDrive\Documents\GitHub\MAJOR-PROJECT\archive\OriginalDataset\VeryMildDemented\29 (48).jpg,VeryMildDemented,1
C:\Users\HP\OneDrive\Documents\GitHub\MAJOR-PROJECT\archive\OriginalDataset\MildDemented\mildDem381.jpg,MildDemented,1
C:\Users\HP\OneDrive\Documents\GitHub\MAJOR-PROJECT\archive\OriginalDataset\MildDemented\mildDem482.jpg,MildDemented,1
C:\Users\HP\OneDrive\Documents\GitHub\MAJOR-PROJECT\archive\OriginalDataset\MildDemented\mildDem691.jpg,MildDemented,1
C:\Users\HP\OneDrive\Documents\GitHub\MAJOR-PROJECT\archive\OriginalDataset\NonDemented\nonDem601.jpg,NonDemented,0
C:\Users\HP\OneDrive\Documents\GitHub\MAJOR-PROJECT\archive\OriginalDataset\VeryMildDemented\verymildDem871.jpg,VeryMildDemented,1
C:\Users\HP\OneDrive\Documents\GitHub\MAJOR-PROJECT\archive\OriginalDataset\NonDemented\nonDem2469.jpg,NonDemented,0
C:\Users\HP\OneDrive\Documents\GitHub\MAJOR-PROJECT\archive\OriginalDataset\VeryMildDemented\verymildDem1337.jpg,VeryMildDemented,1
C:\Users\HP\OneDrive\Documents\GitHub\MAJOR-PROJECT\archive\OriginalDataset\VeryMildDemented\verymildDem1608.jpg,VeryMildDemented,1
C:\Users\HP\OneDrive\Documents\GitHub\MAJOR-PROJECT\archive\OriginalDataset\NonDemented\27 (95).jpg,NonDemented,0
C:\Users\HP\OneDrive\Documents\GitHub\MAJOR-PROJECT\archive\OriginalDataset\NonDemented\nonDem2019.jpg,NonDemented,0
C:\Users\HP\OneDrive\Documents\GitHub\MAJOR-PROJECT\archive\OriginalDataset\NonDemented\nonDem2224.jpg,NonDemented,0
C:\Users\HP\OneDrive\Documents\GitHub\MAJOR-PROJECT\archive\OriginalDataset\VeryMildDemented\verymildDem1310.jpg,VeryMildDemented,1
C:\Users\HP\OneDrive\Documents\GitHub\MAJOR-PROJECT\archive\OriginalDataset\NonDemented\nonDem745.jpg,NonDemented,0
C:\Users\HP\OneDrive\Documents\GitHub\MAJOR-PROJECT\archive\OriginalDataset\NonDemented\nonDem798.jpg,NonDemented,0
C:\Users\HP\OneDrive\Documents\GitHub\MAJOR-PROJECT\archive\OriginalDataset\VeryMildDemented\verymildDem435.jpg,VeryMildDemented,1
C:\Users\HP\OneDrive\Documents\GitHub\MAJOR-PROJECT\archive\OriginalDataset\VeryMildDemented\30 (50).jpg,VeryMildDemented,1
C:\Users\HP\OneDrive\Documents\GitHub\MAJOR-PROJECT\archive\OriginalDataset\NonDemented\27 (24).jpg,NonDemented,0
C:\Users\HP\OneDrive\Documents\GitHub\MAJOR-PROJECT\archive\OriginalDataset\VeryMildDemented\verymildDem1417.jpg,VeryMildDemented,1
C:\Users\HP\OneDrive\Documents\GitHub\MAJOR-PROJECT\archive\OriginalDataset\NonDemented\nonDem1991.jpg,NonDemented,0
C:\Users\HP\OneDrive\Documents\GitHub\MAJOR-PROJECT\archive\OriginalDataset\VeryMildDemented\verymildDem1498.jpg,VeryMildDemented,1
C:\Users\HP\OneDrive\Documents\GitHub\MAJOR-PROJECT\archive\OriginalDataset\VeryMildDemented\verymildDem705.jpg,VeryMildDemented,1
C:\Users\HP\OneDrive\Documents\GitHub\MAJOR-PROJECT\archive\OriginalDataset\NonDemented\nonDem104.jpg,NonDemented,0
C:\Users\HP\OneDrive\Documents\GitHub\MAJOR-PROJECT\archive\OriginalDataset\MildDemented\mildDem126.jpg,MildDemented,1
C:\Users\HP\OneDrive\Documents\GitHub\MAJOR-PROJECT\archive\OriginalDataset\NonDemented\nonDem1352.jpg,NonDemented,0
C:\Users\HP\OneDrive\Documents\GitHub\MAJOR-PROJECT\archive\OriginalDataset\VeryMildDemented\verymildDem1298.jpg,VeryMildDemented,1
C:\Users\HP\OneDrive\Documents\GitHub\MAJOR-PROJECT\archive\OriginalDataset\NonDemented\nonDem598.jpg,NonDemented,0
C:\Users\HP\OneDrive\Documents\GitHub\MAJOR-PROJECT\archive\OriginalDataset\NonDemented\nonDem1806.jpg,NonDemented,0
C:\Users\HP\OneDrive\Documents\GitHub\MAJOR-PROJECT\archive\OriginalDataset\VeryMildDemented\verymildDem804.jpg,VeryMildDemented,1
C:\Users\HP\OneDrive\Documents\GitHub\MAJOR-PROJECT\archive\OriginalDataset\VeryMildDemented\verymildDem1234.jpg,VeryMildDemented,1
C:\Users\HP\OneDrive\Documents\GitHub\MAJOR-PROJECT\archive\OriginalDataset\MildDemented\mildDem339.jpg,MildDemented,1
C:\Users\HP\OneDrive\Documents\GitHub\MAJOR-PROJECT\archive\OriginalDataset\VeryMildDemented\verymildDem473.jpg,VeryMildDemented,1
C:\Users\HP\OneDrive\Documents\GitHub\MAJOR-PROJECT\archive\OriginalDataset\VeryMildDemented\verymildDem1658.jpg,VeryMildDemented,1
C:\Users\HP\OneDrive\Documents\GitHub\MAJOR-PROJECT\archive\OriginalDataset\ModerateDemented\moderateDem20.jpg,ModerateDemented,1
C:\Users\HP\OneDrive\Documents\GitHub\MAJOR-PROJECT\archive\OriginalDataset\VeryMildDemented\32 (45).jpg,VeryMildDemented,1
C:\Users\HP\OneDrive\Documents\GitHub\MAJOR-PROJECT\archive\OriginalDataset\NonDemented\nonDem1399.jpg,NonDemented,0
C:\Users\HP\OneDrive\Documents\GitHub\MAJOR-PROJECT\archive\OriginalDataset\VeryMildDemented\verymildDem1476.jpg,VeryMildDemented,1
C:\Users\HP\OneDrive\Documents\GitHub\MAJOR-PROJECT\archive\OriginalDataset\NonDemented\29 (16).jpg,NonDemented,0
C:\Users\HP\OneDrive\Documents\GitHub\MAJOR-PROJECT\archive\OriginalDataset\NonDemented\27 (58).jpg,NonDemented,0
C:\Users\HP\OneDrive\Documents\GitHub\MAJOR-PROJECT\archive\OriginalDataset\NonDemented\nonDem2434.jpg,NonDemented,0
C:\Users\HP\OneDrive\Documents\GitHub\MAJOR-PROJECT\archive\OriginalDataset\NonDemented\nonDem2517.jpg,NonDemented,0
C:\Users\HP\OneDrive\Documents\GitHub\MAJOR-PROJECT\archive\OriginalDataset\MildDemented\mildDem359.jpg,MildDemented,1
C:\Users\HP\OneDrive\Documents\GitHub\MAJOR-PROJECT\archive\OriginalDataset\MildDemented\26 (23).jpg,MildDemented,1
C:\Users\HP\OneDrive\Documents\GitHub\MAJOR-PROJECT\archive\OriginalDataset\VeryMildDemented\verymildDem1183.jpg,VeryMildDemented,1
C:\Users\HP\OneDrive\Documents\GitHub\MAJOR-PROJECT\archive\OriginalDataset\VeryMildDemented\29 (65).jpg,VeryMildDemented,1
C:\Users\HP\OneDrive\Documents\GitHub\MAJOR-PROJECT\archive\OriginalDataset\MildDemented\31 (2).jpg,MildDemented,1
C:\Users\HP\OneDrive\Documents\GitHub\MAJOR-PROJECT\archive\OriginalDataset\VeryMildDemented\verymildDem102.jpg,VeryMildDemented,1
C:\Users\HP\OneDrive\Documents\GitHub\MAJOR-PROJECT\archive\OriginalDataset\NonDemented\30 (29).jpg,NonDemented,0
C:\Users\HP\OneDrive\Documents\GitHub\MAJOR-PROJECT\archive\OriginalDataset\VeryMildDemented\verymildDem288.jpg,VeryMildDemented,1
C:\Users\HP\OneDrive\Documents\GitHub\MAJOR-PROJECT\archive\OriginalDataset\VeryMildDemented\verymildDem846.jpg,VeryMildDemented,1
C:\Users\HP\OneDrive\Documents\GitHub\MAJOR-PROJECT\archive\OriginalDataset\NonDemented\nonDem2215.jpg,NonDemented,0
C:\Users\HP\OneDrive\Documents\GitHub\MAJOR-PROJECT\archive\OriginalDataset\NonDemented\nonDem1877.jpg,NonDemented,0
C:\Users\HP\OneDrive\Documents\GitHub\MAJOR-PROJECT\archive\OriginalDataset\VeryMildDemented\verymildDem1408.jpg,VeryMildDemented,1
C:\Users\HP\OneDrive\Documents\GitHub\MAJOR-PROJECT\archive\OriginalDataset\VeryMildDemented\verymildDem1760.jpg,VeryMildDemented,1
C:\Users\HP\OneDrive\Documents\GitHub\MAJOR-PROJECT\archive\OriginalDataset\NonDemented\nonDem2503.jpg,NonDemented,0
C:\Users\HP\OneDrive\Documents\GitHub\MAJOR-PROJECT\archive\OriginalDataset\MildDemented\mildDem249.jpg,MildDemented,1
C:\Users\HP\OneDrive\Documents\GitHub\MAJOR-PROJECT\archive\OriginalDataset\VeryMildDemented\verymildDem1088.jpg,VeryMildDemented,1
C:\Users\HP\OneDrive\Documents\GitHub\MAJOR-PROJECT\archive\OriginalDataset\NonDemented\31 (56).jpg,NonDemented,0
C:\Users\HP\OneDrive\Documents\GitHub\MAJOR-PROJECT\archive\OriginalDataset\NonDemented\30 (93).jpg,NonDemented,0
C:\Users\HP\OneDrive\Documents\GitHub\MAJOR-PROJECT\archive\OriginalDataset\NonDemented\nonDem1205.jpg,NonDemented,0
C:\Users\HP\OneDrive\Documents\GitHub\MAJOR-PROJECT\archive\OriginalDataset\MildDemented\mildDem203.jpg,MildDemented,1
C:\Users\HP\OneDrive\Documents\GitHub\MAJOR-PROJECT\archive\OriginalDataset\NonDemented\nonDem1042.jpg,NonDemented,0
C:\Users\HP\OneDrive\Documents\GitHub\MAJOR-PROJECT\archive\OriginalDataset\VeryMildDemented\31 (58).jpg,VeryMildDemented,1
C:\Users\HP\OneDrive\Documents\GitHub\MAJOR-PROJECT\archive\OriginalDataset\VeryMildDemented\verymildDem563.jpg,VeryMildDemented,1
C:\Users\HP\OneDrive\Documents\GitHub\MAJOR-PROJECT\archive\OriginalDataset\NonDemented\nonDem231.jpg,NonDemented,0
C:\Users\HP\OneDrive\Documents\GitHub\MAJOR-PROJECT\archive\OriginalDataset\VeryMildDemented\verymildDem828.jpg,VeryMildDemented,1
C:\Users\HP\OneDrive\Documents\GitHub\MAJOR-PROJECT\archive\OriginalDataset\NonDemented\30 (66).jpg,NonDemented,0
C:\Users\HP\OneDrive\Documents\GitHub\MAJOR-PROJECT\archive\OriginalDataset\VeryMildDemented\verymildDem791.jpg,VeryMildDemented,1
C:\Users\HP\OneDrive\Documents\GitHub\MAJOR-PROJECT\archive\OriginalDataset\NonDemented\nonDem5.jpg,NonDemented,0
C:\Users\HP\OneDrive\Documents\GitHub\MAJOR-PROJECT\archive\OriginalDataset\VeryMildDemented\verymildDem975.jpg,VeryMildDemented,1
C:\Users\HP\OneDrive\Documents\GitHub\MAJOR-PROJECT\archive\OriginalDataset\NonDemented\nonDem1235.jpg,NonDemented,0
C:\Users\HP\OneDrive\Documents\GitHub\MAJOR-PROJECT\archive\OriginalDataset\NonDemented\nonDem444.jpg,NonDemented,0
C:\Users\HP\OneDrive\Documents\GitHub\MAJOR-PROJECT\archive\OriginalDataset\MildDemented\mildDem588.jpg,MildDemented,1
C:\Users\HP\OneDrive\Documents\GitHub\MAJOR-PROJECT\archive\OriginalDataset\MildDemented\mildDem518.jpg,MildDemented,1
C:\Users\HP\OneDrive\Documents\GitHub\MAJOR-PROJECT\archive\OriginalDataset\NonDemented\nonDem34.jpg,NonDemented,0
C:\Users\HP\OneDrive\Documents\GitHub\MAJOR-PROJECT\archive\OriginalDataset\VeryMildDemented\verymildDem1172.jpg,VeryMildDemented,1
C:\Users\HP\OneDrive\Documents\GitHub\MAJOR-PROJECT\archive\OriginalDataset\VeryMildDemented\verymildDem1251.jpg,VeryMildDemented,1
C:\Users\HP\OneDrive\Documents\GitHub\MAJOR-PROJECT\archive\OriginalDataset\NonDemented\nonDem2138.jpg,NonDemented,0
C:\Users\HP\OneDrive\Documents\GitHub\MAJOR-PROJECT\archive\OriginalDataset\NonDemented\26 (75).jpg,NonDemented,0
C:\Users\HP\OneDrive\Documents\GitHub\MAJOR-PROJECT\archive\OriginalDataset\VeryMildDemented\30 (34).jpg,VeryMildDemented,1
C:\Users\HP\OneDrive\Documents\GitHub\MAJOR-PROJECT\archive\OriginalDataset\NonDemented\nonDem228.jpg,NonDemented,0
C:\Users\HP\OneDrive\Documents\GitHub\MAJOR-PROJECT\archive\OriginalDataset\VeryMildDemented\verymildDem788.jpg,VeryMildDemented,1
C:\Users\HP\OneDrive\Documents\GitHub\MAJOR-PROJECT\archive\OriginalDataset\NonDemented\nonDem1326.jpg,NonDemented,0
C:\Users\HP\OneDrive\Documents\GitHub\MAJOR-PROJECT\archive\OriginalDataset\NonDemented\nonDem1048.jpg,NonDemented,0
C:\Users\HP\OneDrive\Documents\GitHub\MAJOR-PROJECT\archive\OriginalDataset\VeryMildDemented\verymildDem1691.jpg,VeryMildDemented,1
C:\Users\HP\OneDrive\Documents\GitHub\MAJOR-PROJECT\archive\OriginalDataset\NonDemented\27 (60).jpg,NonDemented,0
C:\Users\HP\OneDrive\Documents\GitHub\MAJOR-PROJECT\archive\OriginalDataset\NonDemented\nonDem1096.jpg,NonDemented,0
C:\Users\HP\OneDrive\Documents\GitHub\MAJOR-PROJECT\archive\OriginalDataset\NonDemented\nonDem2146.jpg,NonDemented,0
C:\Users\HP\OneDrive\Documents\GitHub\MAJOR-PROJECT\archive\OriginalDataset\NonDemented\nonDem290.jpg,NonDemented,0
C:\Users\HP\OneDrive\Documents\GitHub\MAJOR-PROJECT\archive\OriginalDataset\VeryMildDemented\28 (4).jpg,VeryMildDemented,1
C:\Users\HP\OneDrive\Documents\GitHub\MAJOR-PROJECT\archive\OriginalDataset\VeryMildDemented\30 (13).jpg,VeryMildDemented,1
C:\Users\HP\OneDrive\Documents\GitHub\MAJOR-PROJECT\archive\OriginalDataset\NonDemented\nonDem284.jpg,NonDemented,0
C:\Users\HP\OneDrive\Documents\GitHub\MAJOR-PROJECT\archive\OriginalDataset\MildDemented\mildDem306.jpg,MildDemented,1
C:\Users\HP\OneDrive\Documents\GitHub\MAJOR-PROJECT\archive\OriginalDataset\MildDemented\29 (3).jpg,MildDemented,1
C:\Users\HP\OneDrive\Documents\GitHub\MAJOR-PROJECT\archive\OriginalDataset\VeryMildDemented\verymildDem855.jpg,VeryMildDemented,1
C:\Users\HP\OneDrive\Documents\GitHub\MAJOR-PROJECT\archive\OriginalDataset\VeryMildDemented\verymildDem379.jpg,VeryMildDemented,1
C:\Users\HP\OneDrive\Documents\GitHub\MAJOR-PROJECT\archive\OriginalDataset\NonDemented\nonDem1219.jpg,NonDemented,0
C:\Users\HP\OneDrive\Documents\GitHub\MAJOR-PROJECT\archive\OriginalDataset\NonDemented\28 (84).jpg,NonDemented,0
C:\Users\HP\OneDrive\Documents\GitHub\MAJOR-PROJECT\archive\OriginalDataset\MildDemented\28 (3).jpg,MildDemented,1
C:\Users\HP\OneDrive\Documents\GitHub\MAJOR-PROJECT\archive\OriginalDataset\VeryMildDemented\verymildDem355.jpg,VeryMildDemented,1
C:\Users\HP\OneDrive\Documents\GitHub\MAJOR-PROJECT\archive\OriginalDataset\MildDemented\mildDem122.jpg,MildDemented,1
C:\Users\HP\OneDrive\Documents\GitHub\MAJOR-PROJECT\archive\OriginalDataset\NonDemented\nonDem418.jpg,NonDemented,0
C:\Users\HP\OneDrive\Documents\GitHub\MAJOR-PROJECT\archive\OriginalDataset\NonDemented\nonDem133.jpg,NonDemented,0
C:\Users\HP\OneDrive\Documents\GitHub\MAJOR-PROJECT\archive\OriginalDataset\NonDemented\nonDem448.jpg,NonDemented,0
C:\Users\HP\OneDrive\Documents\GitHub\MAJOR-PROJECT\archive\OriginalDataset\NonDemented\nonDem271.jpg,NonDemented,0
C:\Users\HP\OneDrive\Documents\GitHub\MAJOR-PROJECT\archive\OriginalDataset\MildDemented\28 (7).jpg,MildDemented,1
C:\Users\HP\OneDrive\Documents\GitHub\MAJOR-PROJECT\archive\OriginalDataset\NonDemented\nonDem411.jpg,NonDemented,0
C:\Users\HP\OneDrive\Documents\GitHub\MAJOR-PROJECT\archive\OriginalDataset\NonDemented\nonDem145.jpg,NonDemented,0
C:\Users\HP\OneDrive\Documents\GitHub\MAJOR-PROJECT\archive\OriginalDataset\VeryMildDemented\verymildDem1674.jpg,VeryMildDemented,1
C:\Users\HP\OneDrive\Documents\GitHub\MAJOR-PROJECT\archive\OriginalDataset\VeryMildDemented\verymildDem721.jpg,VeryMildDemented,1
C:\Users\HP\OneDrive\Documents\GitHub\MAJOR-PROJECT\archive\OriginalDataset\NonDemented\nonDem549.jpg,NonDemented,0
C:\Users\HP\OneDrive\Documents\GitHub\MAJOR-PROJECT\archive\OriginalDataset\MildDemented\mildDem583.jpg,MildDemented,1
C:\Users\HP\OneDrive\Documents\GitHub\MAJOR-PROJECT\archive\OriginalDataset\VeryMildDemented\31 (20).jpg,VeryMildDemented,1
C:\Users\HP\OneDrive\Documents\GitHub\MAJOR-PROJECT\archive\OriginalDataset\VeryMildDemented\verymildDem608.jpg,VeryMildDemented,1
C:\Users\HP\OneDrive\Documents\GitHub\MAJOR-PROJECT\archive\OriginalDataset\NonDemented\nonDem701.jpg,NonDemented,0
C:\Users\HP\OneDrive\Documents\GitHub\MAJOR-PROJECT\archive\OriginalDataset\VeryMildDemented\verymildDem189.jpg,VeryMildDemented,1
C:\Users\HP\OneDrive\Documents\GitHub\MAJOR-PROJECT\archive\OriginalDataset\VeryMildDemented\27 (25).jpg,VeryMildDemented,1
C:\Users\HP\OneDrive\Documents\GitHub\MAJOR-PROJECT\archive\OriginalDataset\VeryMildDemented\verymildDem515.jpg,VeryMildDemented,1
C:\Users\HP\OneDrive\Documents\GitHub\MAJOR-PROJECT\archive\OriginalDataset\VeryMildDemented\31 (63).jpg,VeryMildDemented,1
C:\Users\HP\OneDrive\Documents\GitHub\MAJOR-PROJECT\archive\OriginalDataset\VeryMildDemented\32 (55).jpg,VeryMildDemented,1
C:\Users\HP\OneDrive\Documents\GitHub\MAJOR-PROJECT\archive\OriginalDataset\NonDemented\nonDem1084.jpg,NonDemented,0
C:\Users\HP\OneDrive\Documents\GitHub\MAJOR-PROJECT\archive\OriginalDataset\NonDemented\nonDem2377.jpg,NonDemented,0
C:\Users\HP\OneDrive\Documents\GitHub\MAJOR-PROJECT\archive\OriginalDataset\VeryMildDemented\verymildDem999.jpg,VeryMildDemented,1
C:\Users\HP\OneDrive\Documents\GitHub\MAJOR-PROJECT\archive\OriginalDataset\MildDemented\mildDem246.jpg,MildDemented,1
C:\Users\HP\OneDrive\Documents\GitHub\MAJOR-PROJECT\archive\OriginalDataset\VeryMildDemented\verymildDem1022.jpg,VeryMildDemented,1
C:\Users\HP\OneDrive\Documents\GitHub\MAJOR-PROJECT\archive\OriginalDataset\MildDemented\29 (18).jpg,MildDemented,1
C:\Users\HP\OneDrive\Documents\GitHub\MAJOR-PROJECT\archive\OriginalDataset\NonDemented\nonDem363.jpg,NonDemented,0
C:\Users\HP\OneDrive\Documents\GitHub\MAJOR-PROJECT\archive\OriginalDataset\VeryMildDemented\verymildDem767.jpg,VeryMildDemented,1
C:\Users\HP\OneDrive\Documents\GitHub\MAJOR-PROJECT\archive\OriginalDataset\VeryMildDemented\verymildDem1437.jpg,VeryMildDemented,1
C:\Users\HP\OneDrive\Documents\GitHub\MAJOR-PROJECT\archive\OriginalDataset\ModerateDemented\moderateDem34.jpg,ModerateDemented,1
C:\Users\HP\OneDrive\Documents\GitHub\MAJOR-PROJECT\archive\OriginalDataset\NonDemented\nonDem1323.jpg,NonDemented,0
C:\Users\HP\OneDrive\Documents\GitHub\MAJOR-PROJECT\archive\OriginalDataset\NonDemented\nonDem57.jpg,NonDemented,0
C:\Users\HP\OneDrive\Documents\GitHub\MAJOR-PROJECT\archive\OriginalDataset\ModerateDemented\moderateDem23.jpg,ModerateDemented,1
C:\Users\HP\OneDrive\Documents\GitHub\MAJOR-PROJECT\archive\OriginalDataset\NonDemented\nonDem1197.jpg,NonDemented,0
C:\Users\HP\OneDrive\Documents\GitHub\MAJOR-PROJECT\archive\OriginalDataset\VeryMildDemented\verymildDem625.jpg,VeryMildDemented,1
C:\Users\HP\OneDrive\Documents\GitHub\MAJOR-PROJECT\archive\OriginalDataset\VeryMildDemented\verymildDem68.jpg,VeryMildDemented,1
C:\Users\HP\OneDrive\Documents\GitHub\MAJOR-PROJECT\archive\OriginalDataset\NonDemented\nonDem2322.jpg,NonDemented,0
C:\Users\HP\OneDrive\Documents\GitHub\MAJOR-PROJECT\archive\OriginalDataset\VeryMildDemented\verymildDem642.jpg,VeryMildDemented,1
C:\Users\HP\OneDrive\Documents\GitHub\MAJOR-PROJECT\archive\OriginalDataset\NonDemented\28 (77).jpg,NonDemented,0
C:\Users\HP\OneDrive\Documents\GitHub\MAJOR-PROJECT\archive\OriginalDataset\VeryMildDemented\verymildDem500.jpg,VeryMildDemented,1
C:\Users\HP\OneDrive\Documents\GitHub\MAJOR-PROJECT\archive\OriginalDataset\NonDemented\32 (34).jpg,NonDemented,0
C:\Users\HP\OneDrive\Documents\GitHub\MAJOR-PROJECT\archive\OriginalDataset\NonDemented\nonDem2319.jpg,NonDemented,0
C:\Users\HP\OneDrive\Documents\GitHub\MAJOR-PROJECT\archive\OriginalDataset\NonDemented\nonDem1791.jpg,NonDemented,0
C:\Users\HP\OneDrive\Documents\GitHub\MAJOR-PROJECT\archive\OriginalDataset\VeryMildDemented\27 (13).jpg,VeryMildDemented,1
C:\Users\HP\OneDrive\Documents\GitHub\MAJOR-PROJECT\archive\OriginalDataset\NonDemented\nonDem1430.jpg,NonDemented,0
C:\Users\HP\OneDrive\Documents\GitHub\MAJOR-PROJECT\archive\OriginalDataset\VeryMildDemented\verymildDem1663.jpg,VeryMildDemented,1
C:\Users\HP\OneDrive\Documents\GitHub\MAJOR-PROJECT\archive\OriginalDataset\NonDemented\nonDem117.jpg,NonDemented,0
C:\Users\HP\OneDrive\Documents\GitHub\MAJOR-PROJECT\archive\OriginalDataset\NonDemented\nonDem560.jpg,NonDemented,0
C:\Users\HP\OneDrive\Documents\GitHub\MAJOR-PROJECT\archive\OriginalDataset\VeryMildDemented\verymildDem1444.jpg,VeryMildDemented,1
C:\Users\HP\OneDrive\Documents\GitHub\MAJOR-PROJECT\archive\OriginalDataset\NonDemented\nonDem1561.jpg,NonDemented,0
C:\Users\HP\OneDrive\Documents\GitHub\MAJOR-PROJECT\archive\OriginalDataset\VeryMildDemented\verymildDem1006.jpg,VeryMildDemented,1
C:\Users\HP\OneDrive\Documents\GitHub\MAJOR-PROJECT\archive\OriginalDataset\NonDemented\nonDem1293.jpg,NonDemented,0
C:\Users\HP\OneDrive\Documents\GitHub\MAJOR-PROJECT\archive\OriginalDataset\NonDemented\nonDem1942.jpg,NonDemented,0
C:\Users\HP\OneDrive\Documents\GitHub\MAJOR-PROJECT\archive\OriginalDataset\NonDemented\nonDem2049.jpg,NonDemented,0
C:\Users\HP\OneDrive\Documents\GitHub\MAJOR-PROJECT\archive\OriginalDataset\VeryMildDemented\verymildDem1561.jpg,VeryMildDemented,1
C:\Users\HP\OneDrive\Documents\GitHub\MAJOR-PROJECT\archive\OriginalDataset\MildDemented\28 (4).jpg,MildDemented,1
C:\Users\HP\OneDrive\Documents\GitHub\MAJOR-PROJECT\archive\OriginalDataset\NonDemented\nonDem155.jpg,NonDemented,0
C:\Users\HP\OneDrive\Documents\GitHub\MAJOR-PROJECT\archive\OriginalDataset\MildDemented\mildDem171.jpg,MildDemented,1
C:\Users\HP\OneDrive\Documents\GitHub\MAJOR-PROJECT\archive\OriginalDataset\MildDemented\mildDem107.jpg,MildDemented,1
C:\Users\HP\OneDrive\Documents\GitHub\MAJOR-PROJECT\archive\OriginalDataset\VeryMildDemented\verymildDem341.jpg,VeryMildDemented,1
C:\Users\HP\OneDrive\Documents\GitHub\MAJOR-PROJECT\archive\OriginalDataset\VeryMildDemented\verymildDem1406.jpg,VeryMildDemented,1
C:\Users\HP\OneDrive\Documents\GitHub\MAJOR-PROJECT\archive\OriginalDataset\NonDemented\nonDem341.jpg,NonDemented,0
C:\Users\HP\OneDrive\Documents\GitHub\MAJOR-PROJECT\archive\OriginalDataset\VeryMildDemented\verymildDem1051.jpg,VeryMildDemented,1
C:\Users\HP\OneDrive\Documents\GitHub\MAJOR-PROJECT\archive\OriginalDataset\NonDemented\nonDem2500.jpg,NonDemented,0
C:\Users\HP\OneDrive\Documents\GitHub\MAJOR-PROJECT\archive\OriginalDataset\NonDemented\nonDem2432.jpg,NonDemented,0
C:\Users\HP\OneDrive\Documents\GitHub\MAJOR-PROJECT\archive\OriginalDataset\NonDemented\32 (68).jpg,NonDemented,0
C:\Users\HP\OneDrive\Documents\GitHub\MAJOR-PROJECT\archive\OriginalDataset\VeryMildDemented\31 (25).jpg,VeryMildDemented,1
C:\Users\HP\OneDrive\Documents\GitHub\MAJOR-PROJECT\archive\OriginalDataset\MildDemented\mildDem642.jpg,MildDemented,1
C:\Users\HP\OneDrive\Documents\GitHub\MAJOR-PROJECT\archive\OriginalDataset\VeryMildDemented\28 (51).jpg,VeryMildDemented,1
C:\Users\HP\OneDrive\Documents\GitHub\MAJOR-PROJECT\archive\OriginalDataset\NonDemented\31 (89).jpg,NonDemented,0
C:\Users\HP\OneDrive\Documents\GitHub\MAJOR-PROJECT\archive\OriginalDataset\NonDemented\nonDem2449.jpg,NonDemented,0
C:\Users\HP\OneDrive\Documents\GitHub\MAJOR-PROJECT\archive\OriginalDataset\NonDemented\nonDem103.jpg,NonDemented,0
C:\Users\HP\OneDrive\Documents\GitHub\MAJOR-PROJECT\archive\OriginalDataset\NonDemented\nonDem467.jpg,NonDemented,0
C:\Users\HP\OneDrive\Documents\GitHub\MAJOR-PROJECT\archive\OriginalDataset\VeryMildDemented\verymildDem870.jpg,VeryMildDemented,1
C:\Users\HP\OneDrive\Documents\GitHub\MAJOR-PROJECT\archive\OriginalDataset\VeryMildDemented\verymildDem1346.jpg,VeryMildDemented,1
C:\Users\HP\OneDrive\Documents\GitHub\MAJOR-PROJECT\archive\OriginalDataset\NonDemented\nonDem1979.jpg,NonDemented,0
C:\Users\HP\OneDrive\Documents\GitHub\MAJOR-PROJECT\archive\OriginalDataset\ModerateDemented\moderateDem11.jpg,ModerateDemented,1
C:\Users\HP\OneDrive\Documents\GitHub\MAJOR-PROJECT\archive\OriginalDataset\NonDemented\nonDem1065.jpg,NonDemented,0
C:\Users\HP\OneDrive\Documents\GitHub\MAJOR-PROJECT\archive\OriginalDataset\VeryMildDemented\verymildDem1033.jpg,VeryMildDemented,1
C:\Users\HP\OneDrive\Documents\GitHub\MAJOR-PROJECT\archive\OriginalDataset\VeryMildDemented\verymildDem830.jpg,VeryMildDemented,1
C:\Users\HP\OneDrive\Documents\GitHub\MAJOR-PROJECT\archive\OriginalDataset\NonDemented\nonDem486.jpg,NonDemented,0
C:\Users\HP\OneDrive\Documents\GitHub\MAJOR-PROJECT\archive\OriginalDataset\VeryMildDemented\28 (33).jpg,VeryMildDemented,1
C:\Users\HP\OneDrive\Documents\GitHub\MAJOR-PROJECT\archive\OriginalDataset\MildDemented\28.jpg,MildDemented,1
C:\Users\HP\OneDrive\Documents\GitHub\MAJOR-PROJECT\archive\OriginalDataset\NonDemented\nonDem1599.jpg,NonDemented,0
C:\Users\HP\OneDrive\Documents\GitHub\MAJOR-PROJECT\archive\OriginalDataset\NonDemented\nonDem2452.jpg,NonDemented,0
C:\Users\HP\OneDrive\Documents\GitHub\MAJOR-PROJECT\archive\OriginalDataset\ModerateDemented\moderateDem5.jpg,ModerateDemented,1
C:\Users\HP\OneDrive\Documents\GitHub\MAJOR-PROJECT\archive\OriginalDataset\NonDemented\nonDem1260.jpg,NonDemented,0
C:\Users\HP\OneDrive\Documents\GitHub\MAJOR-PROJECT\archive\OriginalDataset\NonDemented\nonDem2261.jpg,NonDemented,0
C:\Users\HP\OneDrive\Documents\GitHub\MAJOR-PROJECT\archive\OriginalDataset\MildDemented\mildDem185.jpg,MildDemented,1
C:\Users\HP\OneDrive\Documents\GitHub\MAJOR-PROJECT\archive\OriginalDataset\NonDemented\nonDem1312.jpg,NonDemented,0
C:\Users\HP\OneDrive\Documents\GitHub\MAJOR-PROJECT\archive\OriginalDataset\MildDemented\mildDem97.jpg,MildDemented,1
C:\Users\HP\OneDrive\Documents\GitHub\MAJOR-PROJECT\archive\OriginalDataset\MildDemented\mildDem238.jpg,MildDemented,1
C:\Users\HP\OneDrive\Documents\GitHub\MAJOR-PROJECT\archive\OriginalDataset\VeryMildDemented\verymildDem1164.jpg,VeryMildDemented,1
C:\Users\HP\OneDrive\Documents\GitHub\MAJOR-PROJECT\archive\OriginalDataset\VeryMildDemented\27 (52).jpg,VeryMildDemented,1
C:\Users\HP\OneDrive\Documents\GitHub\MAJOR-PROJECT\archive\OriginalDataset\NonDemented\nonDem2118.jpg,NonDemented,0
C:\Users\HP\OneDrive\Documents\GitHub\MAJOR-PROJECT\archive\OriginalDataset\MildDemented\mildDem253.jpg,MildDemented,1
C:\Users\HP\OneDrive\Documents\GitHub\MAJOR-PROJECT\archive\OriginalDataset\NonDemented\nonDem40.jpg,NonDemented,0
C:\Users\HP\OneDrive\Documents\GitHub\MAJOR-PROJECT\archive\OriginalDataset\NonDemented\29 (15).jpg,NonDemented,0
C:\Users\HP\OneDrive\Documents\GitHub\MAJOR-PROJECT\archive\OriginalDataset\NonDemented\nonDem177.jpg,NonDemented,0
C:\Users\HP\OneDrive\Documents\GitHub\MAJOR-PROJECT\archive\OriginalDataset\NonDemented\nonDem1886.jpg,NonDemented,0
C:\Users\HP\OneDrive\Documents\GitHub\MAJOR-PROJECT\archive\OriginalDataset\VeryMildDemented\verymildDem861.jpg,VeryMildDemented,1
C:\Users\HP\OneDrive\Documents\GitHub\MAJOR-PROJECT\archive\OriginalDataset\NonDemented\nonDem144.jpg,NonDemented,0
C:\Users\HP\OneDrive\Documents\GitHub\MAJOR-PROJECT\archive\OriginalDataset\NonDemented\28 (3).jpg,NonDemented,0
C:\Users\HP\OneDrive\Documents\GitHub\MAJOR-PROJECT\archive\OriginalDataset\NonDemented\nonDem2029.jpg,NonDemented,0
C:\Users\HP\OneDrive\Documents\GitHub\MAJOR-PROJECT\archive\OriginalDataset\NonDemented\nonDem2375.jpg,NonDemented,0
C:\Users\HP\OneDrive\Documents\GitHub\MAJOR-PROJECT\archive\OriginalDataset\NonDemented\nonDem127.jpg,NonDemented,0
C:\Users\HP\OneDrive\Documents\GitHub\MAJOR-PROJECT\archive\OriginalDataset\NonDemented\29 (37).jpg,NonDemented,0
C:\Users\HP\OneDrive\Documents\GitHub\MAJOR-PROJECT\archive\OriginalDataset\VeryMildDemented\verymildDem1666.jpg,VeryMildDemented,1
C:\Users\HP\OneDrive\Documents\GitHub\MAJOR-PROJECT\archive\OriginalDataset\NonDemented\nonDem138.jpg,NonDemented,0
C:\Users\HP\OneDrive\Documents\GitHub\MAJOR-PROJECT\archive\OriginalDataset\VeryMildDemented\verymildDem733.jpg,VeryMildDemented,1
C:\Users\HP\OneDrive\Documents\GitHub\MAJOR-PROJECT\archive\OriginalDataset\NonDemented\nonDem1181.jpg,NonDemented,0
C:\Users\HP\OneDrive\Documents\GitHub\MAJOR-PROJECT\archive\OriginalDataset\NonDemented\nonDem686.jpg,NonDemented,0
C:\Users\HP\OneDrive\Documents\GitHub\MAJOR-PROJECT\archive\OriginalDataset\VeryMildDemented\verymildDem1702.jpg,VeryMildDemented,1
C:\Users\HP\OneDrive\Documents\GitHub\MAJOR-PROJECT\archive\OriginalDataset\NonDemented\nonDem903.jpg,NonDemented,0
C:\Users\HP\OneDrive\Documents\GitHub\MAJOR-PROJECT\archive\OriginalDataset\VeryMildDemented\verymildDem19.jpg,VeryMildDemented,1
C:\Users\HP\OneDrive\Documents\GitHub\MAJOR-PROJECT\archive\OriginalDataset\NonDemented\nonDem304.jpg,NonDemented,0
C:\Users\HP\OneDrive\Documents\GitHub\MAJOR-PROJECT\archive\OriginalDataset\VeryMildDemented\verymildDem1066.jpg,VeryMildDemented,1
C:\Users\HP\OneDrive\Documents\GitHub\MAJOR-PROJECT\archive\OriginalDataset\NonDemented\nonDem2481.jpg,NonDemented,0
C:\Users\HP\OneDrive\Documents\GitHub\MAJOR-PROJECT\archive\OriginalDataset\NonDemented\nonDem1837.jpg,NonDemented,0
C:\Users\HP\OneDrive\Documents\GitHub\MAJOR-PROJECT\archive\OriginalDataset\NonDemented\nonDem2483.jpg,NonDemented,0
C:\Users\HP\OneDrive\Documents\GitHub\MAJOR-PROJECT\archive\OriginalDataset\MildDemented\mildDem552.jpg,MildDemented,1
C:\Users\HP\OneDrive\Documents\GitHub\MAJOR-PROJECT\archive\OriginalDataset\NonDemented\nonDem2020.jpg,NonDemented,0
C:\Users\HP\OneDrive\Documents\GitHub\MAJOR-PROJECT\archive\OriginalDataset\NonDemented\nonDem1308.jpg,NonDemented,0
C:\Users\HP\OneDrive\Documents\GitHub\MAJOR-PROJECT\archive\OriginalDataset\NonDemented\nonDem1771.jpg,NonDemented,0
C:\Users\HP\OneDrive\Documents\GitHub\MAJOR-PROJECT\archive\OriginalDataset\VeryMildDemented\32 (64).jpg,VeryMildDemented,1
C:\Users\HP\OneDrive\Documents\GitHub\MAJOR-PROJECT\archive\OriginalDataset\NonDemented\29 (49).jpg,NonDemented,0
C:\Users\HP\OneDrive\Documents\GitHub\MAJOR-PROJECT\archive\OriginalDataset\NonDemented\nonDem597.jpg,NonDemented,0
C:\Users\HP\OneDrive\Documents\GitHub\MAJOR-PROJECT\archive\OriginalDataset\VeryMildDemented\30 (51).jpg,VeryMildDemented,1
C:\Users\HP\OneDrive\Documents\GitHub\MAJOR-PROJECT\archive\OriginalDataset\VeryMildDemented\32 (48).jpg,VeryMildDemented,1
C:\Users\HP\OneDrive\Documents\GitHub\MAJOR-PROJECT\archive\OriginalDataset\NonDemented\nonDem772.jpg,NonDemented,0
C:\Users\HP\OneDrive\Documents\GitHub\MAJOR-PROJECT\archive\OriginalDataset\VeryMildDemented\verymildDem1510.jpg,VeryMildDemented,1
C:\Users\HP\OneDrive\Documents\GitHub\MAJOR-PROJECT\archive\OriginalDataset\NonDemented\nonDem645.jpg,NonDemented,0
C:\Users\HP\OneDrive\Documents\GitHub\MAJOR-PROJECT\archive\OriginalDataset\NonDemented\nonDem1079.jpg,NonDemented,0
C:\Users\HP\OneDrive\Documents\GitHub\MAJOR-PROJECT\archive\OriginalDataset\NonDemented\nonDem1793.jpg,NonDemented,0
C:\Users\HP\OneDrive\Documents\GitHub\MAJOR-PROJECT\archive\OriginalDataset\NonDemented\nonDem294.jpg,NonDemented,0
C:\Users\HP\OneDrive\Documents\GitHub\MAJOR-PROJECT\archive\OriginalDataset\NonDemented\nonDem1140.jpg,NonDemented,0
C:\Users\HP\OneDrive\Documents\GitHub\MAJOR-PROJECT\archive\OriginalDataset\MildDemented\27 (11).jpg,MildDemented,1
C:\Users\HP\OneDrive\Documents\GitHub\MAJOR-PROJECT\archive\OriginalDataset\NonDemented\nonDem1201.jpg,NonDemented,0
C:\Users\HP\OneDrive\Documents\GitHub\MAJOR-PROJECT\archive\OriginalDataset\NonDemented\29 (47).jpg,NonDemented,0
C:\Users\HP\OneDrive\Documents\GitHub\MAJOR-PROJECT\archive\OriginalDataset\VeryMildDemented\32 (10).jpg,VeryMildDemented,1
C:\Users\HP\OneDrive\Documents\GitHub\MAJOR-PROJECT\archive\OriginalDataset\MildDemented\mildDem142.jpg,MildDemented,1
C:\Users\HP\OneDrive\Documents\GitHub\MAJOR-PROJECT\archive\OriginalDataset\VeryMildDemented\32 (17).jpg,VeryMildDemented,1
C:\Users\HP\OneDrive\Documents\GitHub\MAJOR-PROJECT\archive\OriginalDataset\VeryMildDemented\verymildDem956.jpg,VeryMildDemented,1
C:\Users\HP\OneDrive\Documents\GitHub\MAJOR-PROJECT\archive\OriginalDataset\NonDemented\nonDem1245.jpg,NonDemented,0
C:\Users\HP\OneDrive\Documents\GitHub\MAJOR-PROJECT\archive\OriginalDataset\NonDemented\nonDem2399.jpg,NonDemented,0
C:\Users\HP\OneDrive\Documents\GitHub\MAJOR-PROJECT\archive\OriginalDataset\VeryMildDemented\verymildDem1224.jpg,VeryMildDemented,1
C:\Users\HP\OneDrive\Documents\GitHub\MAJOR-PROJECT\archive\OriginalDataset\NonDemented\nonDem1706.jpg,NonDemented,0
C:\Users\HP\OneDrive\Documents\GitHub\MAJOR-PROJECT\archive\OriginalDataset\NonDemented\nonDem737.jpg,NonDemented,0
C:\Users\HP\OneDrive\Documents\GitHub\MAJOR-PROJECT\archive\OriginalDataset\NonDemented\nonDem2303.jpg,NonDemented,0
C:\Users\HP\OneDrive\Documents\GitHub\MAJOR-PROJECT\archive\OriginalDataset\VeryMildDemented\verymildDem501.jpg,VeryMildDemented,1
C:\Users\HP\OneDrive\Documents\GitHub\MAJOR-PROJECT\archive\OriginalDataset\NonDemented\nonDem1348.jpg,NonDemented,0
C:\Users\HP\OneDrive\Documents\GitHub\MAJOR-PROJECT\archive\OriginalDataset\NonDemented\nonDem199.jpg,NonDemented,0
C:\Users\HP\OneDrive\Documents\GitHub\MAJOR-PROJECT\archive\OriginalDataset\VeryMildDemented\verymildDem180.jpg,VeryMildDemented,1
C:\Users\HP\OneDrive\Documents\GitHub\MAJOR-PROJECT\archive\OriginalDataset\NonDemented\nonDem1165.jpg,NonDemented,0
C:\Users\HP\OneDrive\Documents\GitHub\MAJOR-PROJECT\archive\OriginalDataset\VeryMildDemented\verymildDem1469.jpg,VeryMildDemented,1
C:\Users\HP\OneDrive\Documents\GitHub\MAJOR-PROJECT\archive\OriginalDataset\NonDemented\nonDem2458.jpg,NonDemented,0
C:\Users\HP\OneDrive\Documents\GitHub\MAJOR-PROJECT\archive\OriginalDataset\NonDemented\nonDem713.jpg,NonDemented,0
C:\Users\HP\OneDrive\Documents\GitHub\MAJOR-PROJECT\archive\OriginalDataset\VeryMildDemented\verymildDem1532.jpg,VeryMildDemented,1
C:\Users\HP\OneDrive\Documents\GitHub\MAJOR-PROJECT\archive\OriginalDataset\NonDemented\nonDem1343.jpg,NonDemented,0
C:\Users\HP\OneDrive\Documents\GitHub\MAJOR-PROJECT\archive\OriginalDataset\VeryMildDemented\verymildDem1641.jpg,VeryMildDemented,1
C:\Users\HP\OneDrive\Documents\GitHub\MAJOR-PROJECT\archive\OriginalDataset\VeryMildDemented\verymildDem1146.jpg,VeryMildDemented,1
C:\Users\HP\OneDrive\Documents\GitHub\MAJOR-PROJECT\archive\OriginalDataset\NonDemented\nonDem2557.jpg,NonDemented,0
C:\Users\HP\OneDrive\Documents\GitHub\MAJOR-PROJECT\archive\OriginalDataset\VeryMildDemented\verymildDem1399.jpg,VeryMildDemented,1
C:\Users\HP\OneDrive\Documents\GitHub\MAJOR-PROJECT\archive\OriginalDataset\VeryMildDemented\verymildDem997.jpg,VeryMildDemented,1
C:\Users\HP\OneDrive\Documents\GitHub\MAJOR-PROJECT\archive\OriginalDataset\NonDemented\nonDem566.jpg,NonDemented,0
C:\Users\HP\OneDrive\Documents\GitHub\MAJOR-PROJECT\archive\OriginalDataset\VeryMildDemented\verymildDem1379.jpg,VeryMildDemented,1
C:\Users\HP\OneDrive\Documents\GitHub\MAJOR-PROJECT\archive\OriginalDataset\VeryMildDemented\32 (50).jpg,VeryMildDemented,1
C:\Users\HP\OneDrive\Documents\GitHub\MAJOR-PROJECT\archive\OriginalDataset\VeryMildDemented\27 (61).jpg,VeryMildDemented,1
C:\Users\HP\OneDrive\Documents\GitHub\MAJOR-PROJECT\archive\OriginalDataset\MildDemented\mildDem519.jpg,MildDemented,1
C:\Users\HP\OneDrive\Documents\GitHub\MAJOR-PROJECT\archive\OriginalDataset\NonDemented\nonDem452.jpg,NonDemented,0
C:\Users\HP\OneDrive\Documents\GitHub\MAJOR-PROJECT\archive\OriginalDataset\NonDemented\nonDem1098.jpg,NonDemented,0
C:\Users\HP\OneDrive\Documents\GitHub\MAJOR-PROJECT\archive\OriginalDataset\MildDemented\28 (11).jpg,MildDemented,1
C:\Users\HP\OneDrive\Documents\GitHub\MAJOR-PROJECT\archive\OriginalDataset\MildDemented\30 (7).jpg,MildDemented,1
C:\Users\HP\OneDrive\Documents\GitHub\MAJOR-PROJECT\archive\OriginalDataset\NonDemented\nonDem781.jpg,NonDemented,0
C:\Users\HP\OneDrive\Documents\GitHub\MAJOR-PROJECT\archive\OriginalDataset\VeryMildDemented\verymildDem31.jpg,VeryMildDemented,1
C:\Users\HP\OneDrive\Documents\GitHub\MAJOR-PROJECT\archive\OriginalDataset\NonDemented\29 (57).jpg,NonDemented,0
C:\Users\HP\OneDrive\Documents\GitHub\MAJOR-PROJECT\archive\OriginalDataset\NonDemented\nonDem1725.jpg,NonDemented,0
C:\Users\HP\OneDrive\Documents\GitHub\MAJOR-PROJECT\archive\OriginalDataset\NonDemented\nonDem1432.jpg,NonDemented,0
C:\Users\HP\OneDrive\Documents\GitHub\MAJOR-PROJECT\archive\OriginalDataset\NonDemented\nonDem173.jpg,NonDemented,0
C:\Users\HP\OneDrive\Documents\GitHub\MAJOR-PROJECT\archive\OriginalDataset\VeryMildDemented\32 (9).jpg,VeryMildDemented,1
C:\Users\HP\OneDrive\Documents\GitHub\MAJOR-PROJECT\archive\OriginalDataset\NonDemented\28 (49).jpg,NonDemented,0
C:\Users\HP\OneDrive\Documents\GitHub\MAJOR-PROJECT\archive\OriginalDataset\NonDemented\nonDem1850.jpg,NonDemented,0
C:\Users\HP\OneDrive\Documents\GitHub\MAJOR-PROJECT\archive\OriginalDataset\MildDemented\mildDem628.jpg,MildDemented,1
C:\Users\HP\OneDrive\Documents\GitHub\MAJOR-PROJECT\archive\OriginalDataset\VeryMildDemented\verymildDem1355.jpg,VeryMildDemented,1
C:\Users\HP\OneDrive\Documents\GitHub\MAJOR-PROJECT\archive\OriginalDataset\NonDemented\nonDem1688.jpg,NonDemented,0
C:\Users\HP\OneDrive\Documents\GitHub\MAJOR-PROJECT\archive\OriginalDataset\NonDemented\nonDem400.jpg,NonDemented,0
C:\Users\HP\OneDrive\Documents\GitHub\MAJOR-PROJECT\archive\OriginalDataset\VeryMildDemented\verymildDem1122.jpg,VeryMildDemented,1
C:\Users\HP\OneDrive\Documents\GitHub\MAJOR-PROJECT\archive\OriginalDataset\NonDemented\nonDem1152.jpg,NonDemented,0
C:\Users\HP\OneDrive\Documents\GitHub\MAJOR-PROJECT\archive\OriginalDataset\NonDemented\nonDem1975.jpg,NonDemented,0
C:\Users\HP\OneDrive\Documents\GitHub\MAJOR-PROJECT\archive\OriginalDataset\NonDemented\nonDem1804.jpg,NonDemented,0
C:\Users\HP\OneDrive\Documents\GitHub\MAJOR-PROJECT\archive\OriginalDataset\VeryMildDemented\verymildDem144.jpg,VeryMildDemented,1
C:\Users\HP\OneDrive\Documents\GitHub\MAJOR-PROJECT\archive\OriginalDataset\VeryMildDemented\verymildDem131.jpg,VeryMildDemented,1
C:\Users\HP\OneDrive\Documents\GitHub\MAJOR-PROJECT\archive\OriginalDataset\NonDemented\nonDem510.jpg,NonDemented,0
C:\Users\HP\OneDrive\Documents\GitHub\MAJOR-PROJECT\archive\OriginalDataset\VeryMildDemented\verymildDem163.jpg,VeryMildDemented,1
C:\Users\HP\OneDrive\Documents\GitHub\MAJOR-PROJECT\archive\OriginalDataset\VeryMildDemented\verymildDem1218.jpg,VeryMildDemented,1
C:\Users\HP\OneDrive\Documents\GitHub\MAJOR-PROJECT\archive\OriginalDataset\MildDemented\mildDem54.jpg,MildDemented,1
C:\Users\HP\OneDrive\Documents\GitHub\MAJOR-PROJECT\archive\OriginalDataset\MildDemented\mildDem6.jpg,MildDemented,1
C:\Users\HP\OneDrive\Documents\GitHub\MAJOR-PROJECT\archive\OriginalDataset\MildDemented\mildDem147.jpg,MildDemented,1
C:\Users\HP\OneDrive\Documents\GitHub\MAJOR-PROJECT\archive\OriginalDataset\NonDemented\nonDem1364.jpg,NonDemented,0
C:\Users\HP\OneDrive\Documents\GitHub\MAJOR-PROJECT\archive\OriginalDataset\VeryMildDemented\verymildDem1765.jpg,VeryMildDemented,1
C:\Users\HP\OneDrive\Documents\GitHub\MAJOR-PROJECT\archive\OriginalDataset\NonDemented\nonDem114.jpg,NonDemented,0
C:\Users\HP\OneDrive\Documents\GitHub\MAJOR-PROJECT\archive\OriginalDataset\VeryMildDemented\verymildDem1147.jpg,VeryMildDemented,1
C:\Users\HP\OneDrive\Documents\GitHub\MAJOR-PROJECT\archive\OriginalDataset\NonDemented\nonDem152.jpg,NonDemented,0
C:\Users\HP\OneDrive\Documents\GitHub\MAJOR-PROJECT\archive\OriginalDataset\NonDemented\nonDem2444.jpg,NonDemented,0
C:\Users\HP\OneDrive\Documents\GitHub\MAJOR-PROJECT\archive\OriginalDataset\VeryMildDemented\verymildDem1065.jpg,VeryMildDemented,1
C:\Users\HP\OneDrive\Documents\GitHub\MAJOR-PROJECT\archive\OriginalDataset\MildDemented\mildDem432.jpg,MildDemented,1
C:\Users\HP\OneDrive\Documents\GitHub\MAJOR-PROJECT\archive\OriginalDataset\MildDemented\28 (15).jpg,MildDemented,1
C:\Users\HP\OneDrive\Documents\GitHub\MAJOR-PROJECT\archive\OriginalDataset\NonDemented\31 (24).jpg,NonDemented,0
C:\Users\HP\OneDrive\Documents\GitHub\MAJOR-PROJECT\archive\OriginalDataset\MildDemented\31 (27).jpg,MildDemented,1
C:\Users\HP\OneDrive\Documents\GitHub\MAJOR-PROJECT\archive\OriginalDataset\NonDemented\nonDem1735.jpg,NonDemented,0
C:\Users\HP\OneDrive\Documents\GitHub\MAJOR-PROJECT\archive\OriginalDataset\VeryMildDemented\verymildDem942.jpg,VeryMildDemented,1
C:\Users\HP\OneDrive\Documents\GitHub\MAJOR-PROJECT\archive\OriginalDataset\NonDemented\nonDem730.jpg,NonDemented,0
C:\Users\HP\OneDrive\Documents\GitHub\MAJOR-PROJECT\archive\OriginalDataset\MildDemented\mildDem150.jpg,MildDemented,1
C:\Users\HP\OneDrive\Documents\GitHub\MAJOR-PROJECT\archive\OriginalDataset\VeryMildDemented\verymildDem150.jpg,VeryMildDemented,1
C:\Users\HP\OneDrive\Documents\GitHub\MAJOR-PROJECT\archive\OriginalDataset\NonDemented\nonDem2009.jpg,NonDemented,0
C:\Users\HP\OneDrive\Documents\GitHub\MAJOR-PROJECT\archive\OriginalDataset\NonDemented\nonDem368.jpg,NonDemented,0
C:\Users\HP\OneDrive\Documents\GitHub\MAJOR-PROJECT\archive\OriginalDataset\MildDemented\mildDem640.jpg,MildDemented,1
C:\Users\HP\OneDrive\Documents\GitHub\MAJOR-PROJECT\archive\OriginalDataset\VeryMildDemented\29 (46).jpg,VeryMildDemented,1
C:\Users\HP\OneDrive\Documents\GitHub\MAJOR-PROJECT\archive\OriginalDataset\VeryMildDemented\verymildDem877.jpg,VeryMildDemented,1
C:\Users\HP\OneDrive\Documents\GitHub\MAJOR-PROJECT\archive\OriginalDataset\NonDemented\32 (33).jpg,NonDemented,0
C:\Users\HP\OneDrive\Documents\GitHub\MAJOR-PROJECT\archive\OriginalDataset\NonDemented\nonDem709.jpg,NonDemented,0
C:\Users\HP\OneDrive\Documents\GitHub\MAJOR-PROJECT\archive\OriginalDataset\VeryMildDemented\verymildDem1269.jpg,VeryMildDemented,1
C:\Users\HP\OneDrive\Documents\GitHub\MAJOR-PROJECT\archive\OriginalDataset\VeryMildDemented\verymildDem1062.jpg,VeryMildDemented,1
C:\Users\HP\OneDrive\Documents\GitHub\MAJOR-PROJECT\archive\OriginalDataset\VeryMildDemented\29 (2).jpg,VeryMildDemented,1
C:\Users\HP\OneDrive\Documents\GitHub\MAJOR-PROJECT\archive\OriginalDataset\NonDemented\nonDem557.jpg,NonDemented,0
C:\Users\HP\OneDrive\Documents\GitHub\MAJOR-PROJECT\archive\OriginalDataset\VeryMildDemented\30 (41).jpg,VeryMildDemented,1
C:\Users\HP\OneDrive\Documents\GitHub\MAJOR-PROJECT\archive\OriginalDataset\NonDemented\30 (58).jpg,NonDemented,0
C:\Users\HP\OneDrive\Documents\GitHub\MAJOR-PROJECT\archive\OriginalDataset\NonDemented\nonDem573.jpg,NonDemented,0
C:\Users\HP\OneDrive\Documents\GitHub\MAJOR-PROJECT\archive\OriginalDataset\VeryMildDemented\29.jpg,VeryMildDemented,1
C:\Users\HP\OneDrive\Documents\GitHub\MAJOR-PROJECT\archive\OriginalDataset\VeryMildDemented\verymildDem1515.jpg,VeryMildDemented,1
C:\Users\HP\OneDrive\Documents\GitHub\MAJOR-PROJECT\archive\OriginalDataset\NonDemented\27 (5).jpg,NonDemented,0
C:\Users\HP\OneDrive\Documents\GitHub\MAJOR-PROJECT\archive\OriginalDataset\VeryMildDemented\verymildDem1308.jpg,VeryMildDemented,1
C:\Users\HP\OneDrive\Documents\GitHub\MAJOR-PROJECT\archive\OriginalDataset\VeryMildDemented\31 (61).jpg,VeryMildDemented,1
C:\Users\HP\OneDrive\Documents\GitHub\MAJOR-PROJECT\archive\OriginalDataset\NonDemented\nonDem1527.jpg,NonDemented,0
C:\Users\HP\OneDrive\Documents\GitHub\MAJOR-PROJECT\archive\OriginalDataset\MildDemented\mildDem655.jpg,MildDemented,1
C:\Users\HP\OneDrive\Documents\GitHub\MAJOR-PROJECT\archive\OriginalDataset\VeryMildDemented\verymildDem1085.jpg,VeryMildDemented,1
C:\Users\HP\OneDrive\Documents\GitHub\MAJOR-PROJECT\archive\OriginalDataset\VeryMildDemented\verymildDem898.jpg,VeryMildDemented,1
C:\Users\HP\OneDrive\Documents\GitHub\MAJOR-PROJECT\archive\OriginalDataset\NonDemented\30 (48).jpg,NonDemented,0
C:\Users\HP\OneDrive\Documents\GitHub\MAJOR-PROJECT\archive\OriginalDataset\NonDemented\nonDem1969.jpg,NonDemented,0
C:\Users\HP\OneDrive\Documents\GitHub\MAJOR-PROJECT\archive\OriginalDataset\VeryMildDemented\28 (9).jpg,VeryMildDemented,1
C:\Users\HP\OneDrive\Documents\GitHub\MAJOR-PROJECT\archive\OriginalDataset\NonDemented\nonDem1151.jpg,NonDemented,0
C:\Users\HP\OneDrive\Documents\GitHub\MAJOR-PROJECT\archive\OriginalDataset\MildDemented\mildDem113.jpg,MildDemented,1
C:\Users\HP\OneDrive\Documents\GitHub\MAJOR-PROJECT\archive\OriginalDataset\NonDemented\nonDem654.jpg,NonDemented,0
C:\Users\HP\OneDrive\Documents\GitHub\MAJOR-PROJECT\archive\OriginalDataset\NonDemented\nonDem367.jpg,NonDemented,0
C:\Users\HP\OneDrive\Documents\GitHub\MAJOR-PROJECT\archive\OriginalDataset\NonDemented\29 (38).jpg,NonDemented,0
C:\Users\HP\OneDrive\Documents\GitHub\MAJOR-PROJECT\archive\OriginalDataset\MildDemented\mildDem305.jpg,MildDemented,1
C:\Users\HP\OneDrive\Documents\GitHub\MAJOR-PROJECT\archive\OriginalDataset\NonDemented\nonDem1868.jpg,NonDemented,0
C:\Users\HP\OneDrive\Documents\GitHub\MAJOR-PROJECT\archive\OriginalDataset\VeryMildDemented\30 (2).jpg,VeryMildDemented,1
C:\Users\HP\OneDrive\Documents\GitHub\MAJOR-PROJECT\archive\OriginalDataset\NonDemented\nonDem494.jpg,NonDemented,0
C:\Users\HP\OneDrive\Documents\GitHub\MAJOR-PROJECT\archive\OriginalDataset\MildDemented\mildDem31.jpg,MildDemented,1
C:\Users\HP\OneDrive\Documents\GitHub\MAJOR-PROJECT\archive\OriginalDataset\NonDemented\nonDem670.jpg,NonDemented,0
C:\Users\HP\OneDrive\Documents\GitHub\MAJOR-PROJECT\archive\OriginalDataset\NonDemented\nonDem2526.jpg,NonDemented,0
C:\Users\HP\OneDrive\Documents\GitHub\MAJOR-PROJECT\archive\OriginalDataset\NonDemented\nonDem704.jpg,NonDemented,0
C:\Users\HP\OneDrive\Documents\GitHub\MAJOR-PROJECT\archive\OriginalDataset\VeryMildDemented\verymildDem106.jpg,VeryMildDemented,1
C:\Users\HP\OneDrive\Documents\GitHub\MAJOR-PROJECT\archive\OriginalDataset\VeryMildDemented\verymildDem1103.jpg,VeryMildDemented,1
C:\Users\HP\OneDrive\Documents\GitHub\MAJOR-PROJECT\archive\OriginalDataset\MildDemented\mildDem41.jpg,MildDemented,1
C:\Users\HP\OneDrive\Documents\GitHub\MAJOR-PROJECT\archive\OriginalDataset\VeryMildDemented\verymildDem314.jpg,VeryMildDemented,1
C:\Users\HP\OneDrive\Documents\GitHub\MAJOR-PROJECT\archive\OriginalDataset\NonDemented\nonDem2231.jpg,NonDemented,0
C:\Users\HP\OneDrive\Documents\GitHub\MAJOR-PROJECT\archive\OriginalDataset\NonDemented\nonDem8.jpg,NonDemented,0
C:\Users\HP\OneDrive\Documents\GitHub\MAJOR-PROJECT\archive\OriginalDataset\VeryMildDemented\verymildDem1376.jpg,VeryMildDemented,1
C:\Users\HP\OneDrive\Documents\GitHub\MAJOR-PROJECT\archive\OriginalDataset\NonDemented\29 (51).jpg,NonDemented,0
C:\Users\HP\OneDrive\Documents\GitHub\MAJOR-PROJECT\archive\OriginalDataset\ModerateDemented\27.jpg,ModerateDemented,1
C:\Users\HP\OneDrive\Documents\GitHub\MAJOR-PROJECT\archive\OriginalDataset\NonDemented\nonDem1639.jpg,NonDemented,0
C:\Users\HP\OneDrive\Documents\GitHub\MAJOR-PROJECT\archive\OriginalDataset\NonDemented\nonDem2367.jpg,NonDemented,0
C:\Users\HP\OneDrive\Documents\GitHub\MAJOR-PROJECT\archive\OriginalDataset\VeryMildDemented\verymildDem669.jpg,VeryMildDemented,1
C:\Users\HP\OneDrive\Documents\GitHub\MAJOR-PROJECT\archive\OriginalDataset\NonDemented\nonDem991.jpg,NonDemented,0
C:\Users\HP\OneDrive\Documents\GitHub\MAJOR-PROJECT\archive\OriginalDataset\NonDemented\nonDem468.jpg,NonDemented,0
C:\Users\HP\OneDrive\Documents\GitHub\MAJOR-PROJECT\archive\OriginalDataset\VeryMildDemented\verymildDem1178.jpg,VeryMildDemented,1
C:\Users\HP\OneDrive\Documents\GitHub\MAJOR-PROJECT\archive\OriginalDataset\MildDemented\mildDem426.jpg,MildDemented,1
C:\Users\HP\OneDrive\Documents\GitHub\MAJOR-PROJECT\archive\OriginalDataset\VeryMildDemented\verymildDem966.jpg,VeryMildDemented,1
C:\Users\HP\OneDrive\Documents\GitHub\MAJOR-PROJECT\archive\OriginalDataset\VeryMildDemented\verymildDem753.jpg,VeryMildDemented,1
C:\Users\HP\OneDrive\Documents\GitHub\MAJOR-PROJECT\archive\OriginalDataset\NonDemented\nonDem810.jpg,NonDemented,0
C:\Users\HP\OneDrive\Documents\GitHub\MAJOR-PROJECT\archive\OriginalDataset\VeryMildDemented\verymildDem1247.jpg,VeryMildDemented,1
C:\Users\HP\OneDrive\Documents\GitHub\MAJOR-PROJECT\archive\OriginalDataset\NonDemented\nonDem734.jpg,NonDemented,0
C:\Users\HP\OneDrive\Documents\GitHub\MAJOR-PROJECT\archive\OriginalDataset\NonDemented\nonDem412.jpg,NonDemented,0
C:\Users\HP\OneDrive\Documents\GitHub\MAJOR-PROJECT\archive\OriginalDataset\MildDemented\32 (4).jpg,MildDemented,1
C:\Users\HP\OneDrive\Documents\GitHub\MAJOR-PROJECT\archive\OriginalDataset\NonDemented\28 (42).jpg,NonDemented,0
C:\Users\HP\OneDrive\Documents\GitHub\MAJOR-PROJECT\archive\OriginalDataset\NonDemented\nonDem141.jpg,NonDemented,0
C:\Users\HP\OneDrive\Documents\GitHub\MAJOR-PROJECT\archive\OriginalDataset\MildDemented\mildDem99.jpg,MildDemented,1
C:\Users\HP\OneDrive\Documents\GitHub\MAJOR-PROJECT\archive\OriginalDataset\VeryMildDemented\verymildDem345.jpg,VeryMildDemented,1
C:\Users\HP\OneDrive\Documents\GitHub\MAJOR-PROJECT\archive\OriginalDataset\VeryMildDemented\verymildDem145.jpg,VeryMildDemented,1
C:\Users\HP\OneDrive\Documents\GitHub\MAJOR-PROJECT\archive\OriginalDataset\NonDemented\nonDem1510.jpg,NonDemented,0
C:\Users\HP\OneDrive\Documents\GitHub\MAJOR-PROJECT\archive\OriginalDataset\VeryMildDemented\verymildDem549.jpg,VeryMildDemented,1
C:\Users\HP\OneDrive\Documents\GitHub\MAJOR-PROJECT\archive\OriginalDataset\NonDemented\nonDem1265.jpg,NonDemented,0
C:\Users\HP\OneDrive\Documents\GitHub\MAJOR-PROJECT\archive\OriginalDataset\NonDemented\nonDem2064.jpg,NonDemented,0
C:\Users\HP\OneDrive\Documents\GitHub\MAJOR-PROJECT\archive\OriginalDataset\MildDemented\mildDem56.jpg,MildDemented,1
C:\Users\HP\OneDrive\Documents\GitHub\MAJOR-PROJECT\archive\OriginalDataset\VeryMildDemented\verymildDem494.jpg,VeryMildDemented,1
C:\Users\HP\OneDrive\Documents\GitHub\MAJOR-PROJECT\archive\OriginalDataset\VeryMildDemented\verymildDem265.jpg,VeryMildDemented,1
C:\Users\HP\OneDrive\Documents\GitHub\MAJOR-PROJECT\archive\OriginalDataset\MildDemented\28 (24).jpg,MildDemented,1
C:\Users\HP\OneDrive\Documents\GitHub\MAJOR-PROJECT\archive\OriginalDataset\MildDemented\mildDem412.jpg,MildDemented,1
C:\Users\HP\OneDrive\Documents\GitHub\MAJOR-PROJECT\archive\OriginalDataset\VeryMildDemented\verymildDem1551.jpg,VeryMildDemented,1
C:\Users\HP\OneDrive\Documents\GitHub\MAJOR-PROJECT\archive\OriginalDataset\VeryMildDemented\verymildDem1547.jpg,VeryMildDemented,1
C:\Users\HP\OneDrive\Documents\GitHub\MAJOR-PROJECT\archive\OriginalDataset\VeryMildDemented\verymildDem1419.jpg,VeryMildDemented,1
C:\Users\HP\OneDrive\Documents\GitHub\MAJOR-PROJECT\archive\OriginalDataset\VeryMildDemented\verymildDem1227.jpg,VeryMildDemented,1
C:\Users\HP\OneDrive\Documents\GitHub\MAJOR-PROJECT\archive\OriginalDataset\VeryMildDemented\verymildDem1198.jpg,VeryMildDemented,1
C:\Users\HP\OneDrive\Documents\GitHub\MAJOR-PROJECT\archive\OriginalDataset\NonDemented\nonDem316.jpg,NonDemented,0
C:\Users\HP\OneDrive\Documents\GitHub\MAJOR-PROJECT\archive\OriginalDataset\VeryMildDemented\verymildDem929.jpg,VeryMildDemented,1
C:\Users\HP\OneDrive\Documents\GitHub\MAJOR-PROJECT\archive\OriginalDataset\NonDemented\30 (7).jpg,NonDemented,0
C:\Users\HP\OneDrive\Documents\GitHub\MAJOR-PROJECT\archive\OriginalDataset\NonDemented\30 (28).jpg,NonDemented,0
C:\Users\HP\OneDrive\Documents\GitHub\MAJOR-PROJECT\archive\OriginalDataset\VeryMildDemented\27 (10).jpg,VeryMildDemented,1
C:\Users\HP\OneDrive\Documents\GitHub\MAJOR-PROJECT\archive\OriginalDataset\NonDemented\nonDem132.jpg,NonDemented,0
C:\Users\HP\OneDrive\Documents\GitHub\MAJOR-PROJECT\archive\OriginalDataset\MildDemented\mildDem626.jpg,MildDemented,1
C:\Users\HP\OneDrive\Documents\GitHub\MAJOR-PROJECT\archive\OriginalDataset\VeryMildDemented\26 (55).jpg,VeryMildDemented,1
C:\Users\HP\OneDrive\Documents\GitHub\MAJOR-PROJECT\archive\OriginalDataset\VeryMildDemented\27 (35).jpg,VeryMildDemented,1
C:\Users\HP\OneDrive\Documents\GitHub\MAJOR-PROJECT\archive\OriginalDataset\NonDemented\nonDem2329.jpg,NonDemented,0
C:\Users\HP\OneDrive\Documents\GitHub\MAJOR-PROJECT\archive\OriginalDataset\NonDemented\nonDem851.jpg,NonDemented,0
C:\Users\HP\OneDrive\Documents\GitHub\MAJOR-PROJECT\archive\OriginalDataset\MildDemented\mildDem173.jpg,MildDemented,1
C:\Users\HP\OneDrive\Documents\GitHub\MAJOR-PROJECT\archive\OriginalDataset\MildDemented\mildDem698.jpg,MildDemented,1
C:\Users\HP\OneDrive\Documents\GitHub\MAJOR-PROJECT\archive\OriginalDataset\NonDemented\nonDem666.jpg,NonDemented,0
C:\Users\HP\OneDrive\Documents\GitHub\MAJOR-PROJECT\archive\OriginalDataset\VeryMildDemented\verymildDem246.jpg,VeryMildDemented,1
C:\Users\HP\OneDrive\Documents\GitHub\MAJOR-PROJECT\archive\OriginalDataset\VeryMildDemented\26 (70).jpg,VeryMildDemented,1
C:\Users\HP\OneDrive\Documents\GitHub\MAJOR-PROJECT\archive\OriginalDataset\NonDemented\nonDem2135.jpg,NonDemented,0
C:\Users\HP\OneDrive\Documents\GitHub\MAJOR-PROJECT\archive\OriginalDataset\MildDemented\mildDem134.jpg,MildDemented,1
C:\Users\HP\OneDrive\Documents\GitHub\MAJOR-PROJECT\archive\OriginalDataset\NonDemented\31 (45).jpg,NonDemented,0
C:\Users\HP\OneDrive\Documents\GitHub\MAJOR-PROJECT\archive\OriginalDataset\NonDemented\nonDem771.jpg,NonDemented,0
C:\Users\HP\OneDrive\Documents\GitHub\MAJOR-PROJECT\archive\OriginalDataset\MildDemented\mildDem500.jpg,MildDemented,1
C:\Users\HP\OneDrive\Documents\GitHub\MAJOR-PROJECT\archive\OriginalDataset\VeryMildDemented\verymildDem1286.jpg,VeryMildDemented,1
C:\Users\HP\OneDrive\Documents\GitHub\MAJOR-PROJECT\archive\OriginalDataset\NonDemented\nonDem109.jpg,NonDemented,0
C:\Users\HP\OneDrive\Documents\GitHub\MAJOR-PROJECT\archive\OriginalDataset\NonDemented\nonDem1715.jpg,NonDemented,0
C:\Users\HP\OneDrive\Documents\GitHub\MAJOR-PROJECT\archive\OriginalDataset\VeryMildDemented\32 (27).jpg,VeryMildDemented,1
C:\Users\HP\OneDrive\Documents\GitHub\MAJOR-PROJECT\archive\OriginalDataset\NonDemented\nonDem2318.jpg,NonDemented,0
C:\Users\HP\OneDrive\Documents\GitHub\MAJOR-PROJECT\archive\OriginalDataset\NonDemented\29 (10).jpg,NonDemented,0
C:\Users\HP\OneDrive\Documents\GitHub\MAJOR-PROJECT\archive\OriginalDataset\MildDemented\mildDem647.jpg,MildDemented,1
C:\Users\HP\OneDrive\Documents\GitHub\MAJOR-PROJECT\archive\OriginalDataset\VeryMildDemented\27 (3).jpg,VeryMildDemented,1
C:\Users\HP\OneDrive\Documents\GitHub\MAJOR-PROJECT\archive\OriginalDataset\NonDemented\nonDem1071.jpg,NonDemented,0
C:\Users\HP\OneDrive\Documents\GitHub\MAJOR-PROJECT\archive\OriginalDataset\NonDemented\31 (26).jpg,NonDemented,0
C:\Users\HP\OneDrive\Documents\GitHub\MAJOR-PROJECT\archive\OriginalDataset\NonDemented\nonDem1812.jpg,NonDemented,0
C:\Users\HP\OneDrive\Documents\GitHub\MAJOR-PROJECT\archive\OriginalDataset\NonDemented\nonDem2420.jpg,NonDemented,0
C:\Users\HP\OneDrive\Documents\GitHub\MAJOR-PROJECT\archive\OriginalDataset\VeryMildDemented\verymildDem1206.jpg,VeryMildDemented,1
C:\Users\HP\OneDrive\Documents\GitHub\MAJOR-PROJECT\archive\OriginalDataset\NonDemented\28 (4).jpg,NonDemented,0
C:\Users\HP\OneDrive\Documents\GitHub\MAJOR-PROJECT\archive\OriginalDataset\VeryMildDemented\31 (26).jpg,VeryMildDemented,1
C:\Users\HP\OneDrive\Documents\GitHub\MAJOR-PROJECT\archive\OriginalDataset\NonDemented\nonDem1361.jpg,NonDemented,0
C:\Users\HP\OneDrive\Documents\GitHub\MAJOR-PROJECT\archive\OriginalDataset\MildDemented\30 (28).jpg,MildDemented,1
C:\Users\HP\OneDrive\Documents\GitHub\MAJOR-PROJECT\archive\OriginalDataset\NonDemented\nonDem2410.jpg,NonDemented,0
C:\Users\HP\OneDrive\Documents\GitHub\MAJOR-PROJECT\archive\OriginalDataset\NonDemented\nonDem4.jpg,NonDemented,0
C:\Users\HP\OneDrive\Documents\GitHub\MAJOR-PROJECT\archive\OriginalDataset\VeryMildDemented\verymildDem281.jpg,VeryMildDemented,1
C:\Users\HP\OneDrive\Documents\GitHub\MAJOR-PROJECT\archive\OriginalDataset\NonDemented\nonDem1233.jpg,NonDemented,0
C:\Users\HP\OneDrive\Documents\GitHub\MAJOR-PROJECT\archive\OriginalDataset\NonDemented\nonDem200.jpg,NonDemented,0
C:\Users\HP\OneDrive\Documents\GitHub\MAJOR-PROJECT\archive\OriginalDataset\VeryMildDemented\30 (26).jpg,VeryMildDemented,1
C:\Users\HP\OneDrive\Documents\GitHub\MAJOR-PROJECT\archive\OriginalDataset\NonDemented\nonDem1955.jpg,NonDemented,0
C:\Users\HP\OneDrive\Documents\GitHub\MAJOR-PROJECT\archive\OriginalDataset\VeryMildDemented\verymildDem558.jpg,VeryMildDemented,1
C:\Users\HP\OneDrive\Documents\GitHub\MAJOR-PROJECT\archive\OriginalDataset\VeryMildDemented\verymildDem1490.jpg,VeryMildDemented,1
C:\Users\HP\OneDrive\Documents\GitHub\MAJOR-PROJECT\archive\OriginalDataset\MildDemented\mildDem145.jpg,MildDemented,1
C:\Users\HP\OneDrive\Documents\GitHub\MAJOR-PROJECT\archive\OriginalDataset\MildDemented\mildDem316.jpg,MildDemented,1
C:\Users\HP\OneDrive\Documents\GitHub\MAJOR-PROJECT\archive\OriginalDataset\NonDemented\nonDem1655.jpg,NonDemented,0
C:\Users\HP\OneDrive\Documents\GitHub\MAJOR-PROJECT\archive\OriginalDataset\NonDemented\nonDem1593.jpg,NonDemented,0
C:\Users\HP\OneDrive\Documents\GitHub\MAJOR-PROJECT\archive\OriginalDataset\MildDemented\mildDem267.jpg,MildDemented,1
C:\Users\HP\OneDrive\Documents\GitHub\MAJOR-PROJECT\archive\OriginalDataset\VeryMildDemented\verymildDem781.jpg,VeryMildDemented,1
C:\Users\HP\OneDrive\Documents\GitHub\MAJOR-PROJECT\archive\OriginalDataset\VeryMildDemented\verymildDem520.jpg,VeryMildDemented,1
C:\Users\HP\OneDrive\Documents\GitHub\MAJOR-PROJECT\archive\OriginalDataset\NonDemented\nonDem1279.jpg,NonDemented,0
C:\Users\HP\OneDrive\Documents\GitHub\MAJOR-PROJECT\archive\OriginalDataset\VeryMildDemented\verymildDem974.jpg,VeryMildDemented,1
C:\Users\HP\OneDrive\Documents\GitHub\MAJOR-PROJECT\archive\OriginalDataset\MildDemented\mildDem0.jpg,MildDemented,1
C:\Users\HP\OneDrive\Documents\GitHub\MAJOR-PROJECT\archive\OriginalDataset\VeryMildDemented\verymildDem548.jpg,VeryMildDemented,1
C:\Users\HP\OneDrive\Documents\GitHub\MAJOR-PROJECT\archive\OriginalDataset\NonDemented\nonDem785.jpg,NonDemented,0
C:\Users\HP\OneDrive\Documents\GitHub\MAJOR-PROJECT\archive\OriginalDataset\VeryMildDemented\30 (43).jpg,VeryMildDemented,1
C:\Users\HP\OneDrive\Documents\GitHub\MAJOR-PROJECT\archive\OriginalDataset\VeryMildDemented\verymildDem1425.jpg,VeryMildDemented,1
C:\Users\HP\OneDrive\Documents\GitHub\MAJOR-PROJECT\archive\OriginalDataset\VeryMildDemented\verymildDem1757.jpg,VeryMildDemented,1
C:\Users\HP\OneDrive\Documents\GitHub\MAJOR-PROJECT\archive\OriginalDataset\NonDemented\nonDem1594.jpg,NonDemented,0
C:\Users\HP\OneDrive\Documents\GitHub\MAJOR-PROJECT\archive\OriginalDataset\MildDemented\mildDem30.jpg,MildDemented,1
C:\Users\HP\OneDrive\Documents\GitHub\MAJOR-PROJECT\archive\OriginalDataset\VeryMildDemented\verymildDem1409.jpg,VeryMildDemented,1
C:\Users\HP\OneDrive\Documents\GitHub\MAJOR-PROJECT\archive\OriginalDataset\NonDemented\nonDem1573.jpg,NonDemented,0
C:\Users\HP\OneDrive\Documents\GitHub\MAJOR-PROJECT\archive\OriginalDataset\NonDemented\32 (60).jpg,NonDemented,0
C:\Users\HP\OneDrive\Documents\GitHub\MAJOR-PROJECT\archive\OriginalDataset\NonDemented\nonDem1921.jpg,NonDemented,0
C:\Users\HP\OneDrive\Documents\GitHub\MAJOR-PROJECT\archive\OriginalDataset\NonDemented\nonDem1363.jpg,NonDemented,0
C:\Users\HP\OneDrive\Documents\GitHub\MAJOR-PROJECT\archive\OriginalDataset\MildDemented\mildDem485.jpg,MildDemented,1
C:\Users\HP\OneDrive\Documents\GitHub\MAJOR-PROJECT\archive\OriginalDataset\VeryMildDemented\verymildDem882.jpg,VeryMildDemented,1
C:\Users\HP\OneDrive\Documents\GitHub\MAJOR-PROJECT\archive\OriginalDataset\NonDemented\30 (74).jpg,NonDemented,0
C:\Users\HP\OneDrive\Documents\GitHub\MAJOR-PROJECT\archive\OriginalDataset\NonDemented\nonDem2484.jpg,NonDemented,0
C:\Users\HP\OneDrive\Documents\GitHub\MAJOR-PROJECT\archive\OriginalDataset\VeryMildDemented\29 (50).jpg,VeryMildDemented,1
C:\Users\HP\OneDrive\Documents\GitHub\MAJOR-PROJECT\archive\OriginalDataset\VeryMildDemented\verymildDem655.jpg,VeryMildDemented,1
C:\Users\HP\OneDrive\Documents\GitHub\MAJOR-PROJECT\archive\OriginalDataset\NonDemented\nonDem397.jpg,NonDemented,0
C:\Users\HP\OneDrive\Documents\GitHub\MAJOR-PROJECT\archive\OriginalDataset\VeryMildDemented\verymildDem1624.jpg,VeryMildDemented,1
C:\Users\HP\OneDrive\Documents\GitHub\MAJOR-PROJECT\archive\OriginalDataset\MildDemented\mildDem266.jpg,MildDemented,1
C:\Users\HP\OneDrive\Documents\GitHub\MAJOR-PROJECT\archive\OriginalDataset\NonDemented\nonDem1278.jpg,NonDemented,0
C:\Users\HP\OneDrive\Documents\GitHub\MAJOR-PROJECT\archive\OriginalDataset\MildDemented\mildDem707.jpg,MildDemented,1
C:\Users\HP\OneDrive\Documents\GitHub\MAJOR-PROJECT\archive\OriginalDataset\NonDemented\nonDem2153.jpg,NonDemented,0
C:\Users\HP\OneDrive\Documents\GitHub\MAJOR-PROJECT\archive\OriginalDataset\VeryMildDemented\32 (67).jpg,VeryMildDemented,1
C:\Users\HP\OneDrive\Documents\GitHub\MAJOR-PROJECT\archive\OriginalDataset\VeryMildDemented\27 (41).jpg,VeryMildDemented,1
C:\Users\HP\OneDrive\Documents\GitHub\MAJOR-PROJECT\archive\OriginalDataset\VeryMildDemented\verymildDem187.jpg,VeryMildDemented,1
C:\Users\HP\OneDrive\Documents\GitHub\MAJOR-PROJECT\archive\OriginalDataset\VeryMildDemented\verymildDem674.jpg,VeryMildDemented,1
C:\Users\HP\OneDrive\Documents\GitHub\MAJOR-PROJECT\archive\OriginalDataset\VeryMildDemented\30 (36).jpg,VeryMildDemented,1
C:\Users\HP\OneDrive\Documents\GitHub\MAJOR-PROJECT\archive\OriginalDataset\NonDemented\nonDem804.jpg,NonDemented,0
C:\Users\HP\OneDrive\Documents\GitHub\MAJOR-PROJECT\archive\OriginalDataset\NonDemented\nonDem1719.jpg,NonDemented,0
C:\Users\HP\OneDrive\Documents\GitHub\MAJOR-PROJECT\archive\OriginalDataset\VeryMildDemented\verymildDem1434.jpg,VeryMildDemented,1
C:\Users\HP\OneDrive\Documents\GitHub\MAJOR-PROJECT\archive\OriginalDataset\NonDemented\27 (96).jpg,NonDemented,0
C:\Users\HP\OneDrive\Documents\GitHub\MAJOR-PROJECT\archive\OriginalDataset\NonDemented\nonDem2446.jpg,NonDemented,0
C:\Users\HP\OneDrive\Documents\GitHub\MAJOR-PROJECT\archive\OriginalDataset\MildDemented\mildDem44.jpg,MildDemented,1
C:\Users\HP\OneDrive\Documents\GitHub\MAJOR-PROJECT\archive\OriginalDataset\VeryMildDemented\verymildDem481.jpg,VeryMildDemented,1
C:\Users\HP\OneDrive\Documents\GitHub\MAJOR-PROJECT\archive\OriginalDataset\NonDemented\nonDem2270.jpg,NonDemented,0
C:\Users\HP\OneDrive\Documents\GitHub\MAJOR-PROJECT\archive\OriginalDataset\VeryMildDemented\32 (15).jpg,VeryMildDemented,1
C:\Users\HP\OneDrive\Documents\GitHub\MAJOR-PROJECT\archive\OriginalDataset\VeryMildDemented\verymildDem765.jpg,VeryMildDemented,1
C:\Users\HP\OneDrive\Documents\GitHub\MAJOR-PROJECT\archive\OriginalDataset\VeryMildDemented\verymildDem1728.jpg,VeryMildDemented,1
C:\Users\HP\OneDrive\Documents\GitHub\MAJOR-PROJECT\archive\OriginalDataset\VeryMildDemented\verymildDem1331.jpg,VeryMildDemented,1
C:\Users\HP\OneDrive\Documents\GitHub\MAJOR-PROJECT\archive\OriginalDataset\MildDemented\mildDem699.jpg,MildDemented,1
C:\Users\HP\OneDrive\Documents\GitHub\MAJOR-PROJECT\archive\OriginalDataset\NonDemented\nonDem1667.jpg,NonDemented,0
C:\Users\HP\OneDrive\Documents\GitHub\MAJOR-PROJECT\archive\OriginalDataset\VeryMildDemented\verymildDem35.jpg,VeryMildDemented,1
C:\Users\HP\OneDrive\Documents\GitHub\MAJOR-PROJECT\archive\OriginalDataset\VeryMildDemented\verymildDem5.jpg,VeryMildDemented,1
C:\Users\HP\OneDrive\Documents\GitHub\MAJOR-PROJECT\archive\OriginalDataset\NonDemented\nonDem208.jpg,NonDemented,0
C:\Users\HP\OneDrive\Documents\GitHub\MAJOR-PROJECT\archive\OriginalDataset\MildDemented\mildDem101.jpg,MildDemented,1
C:\Users\HP\OneDrive\Documents\GitHub\MAJOR-PROJECT\archive\OriginalDataset\NonDemented\nonDem1402.jpg,NonDemented,0
C:\Users\HP\OneDrive\Documents\GitHub\MAJOR-PROJECT\archive\OriginalDataset\NonDemented\nonDem1929.jpg,NonDemented,0
C:\Users\HP\OneDrive\Documents\GitHub\MAJOR-PROJECT\archive\OriginalDataset\VeryMildDemented\28 (28).jpg,VeryMildDemented,1
C:\Users\HP\OneDrive\Documents\GitHub\MAJOR-PROJECT\archive\OriginalDataset\VeryMildDemented\30 (62).jpg,VeryMildDemented,1
C:\Users\HP\OneDrive\Documents\GitHub\MAJOR-PROJECT\archive\OriginalDataset\NonDemented\nonDem932.jpg,NonDemented,0
C:\Users\HP\OneDrive\Documents\GitHub\MAJOR-PROJECT\archive\OriginalDataset\NonDemented\nonDem572.jpg,NonDemented,0
C:\Users\HP\OneDrive\Documents\GitHub\MAJOR-PROJECT\archive\OriginalDataset\VeryMildDemented\verymildDem1402.jpg,VeryMildDemented,1
C:\Users\HP\OneDrive\Documents\GitHub\MAJOR-PROJECT\archive\OriginalDataset\NonDemented\nonDem9.jpg,NonDemented,0
C:\Users\HP\OneDrive\Documents\GitHub\MAJOR-PROJECT\archive\OriginalDataset\NonDemented\29 (54).jpg,NonDemented,0
C:\Users\HP\OneDrive\Documents\GitHub\MAJOR-PROJECT\archive\OriginalDataset\NonDemented\nonDem678.jpg,NonDemented,0
C:\Users\HP\OneDrive\Documents\GitHub\MAJOR-PROJECT\archive\OriginalDataset\VeryMildDemented\verymildDem1135.jpg,VeryMildDemented,1
C:\Users\HP\OneDrive\Documents\GitHub\MAJOR-PROJECT\archive\OriginalDataset\MildDemented\mildDem546.jpg,MildDemented,1
C:\Users\HP\OneDrive\Documents\GitHub\MAJOR-PROJECT\archive\OriginalDataset\NonDemented\nonDem1820.jpg,NonDemented,0
C:\Users\HP\OneDrive\Documents\GitHub\MAJOR-PROJECT\archive\OriginalDataset\NonDemented\nonDem1731.jpg,NonDemented,0
C:\Users\HP\OneDrive\Documents\GitHub\MAJOR-PROJECT\archive\OriginalDataset\VeryMildDemented\verymildDem1602.jpg,VeryMildDemented,1
C:\Users\HP\OneDrive\Documents\GitHub\MAJOR-PROJECT\archive\OriginalDataset\VeryMildDemented\verymildDem1207.jpg,VeryMildDemented,1
C:\Users\HP\OneDrive\Documents\GitHub\MAJOR-PROJECT\archive\OriginalDataset\NonDemented\nonDem2208.jpg,NonDemented,0
C:\Users\HP\OneDrive\Documents\GitHub\MAJOR-PROJECT\archive\OriginalDataset\NonDemented\nonDem292.jpg,NonDemented,0
C:\Users\HP\OneDrive\Documents\GitHub\MAJOR-PROJECT\archive\OriginalDataset\MildDemented\mildDem67.jpg,MildDemented,1
C:\Users\HP\OneDrive\Documents\GitHub\MAJOR-PROJECT\archive\OriginalDataset\NonDemented\nonDem2506.jpg,NonDemented,0
C:\Users\HP\OneDrive\Documents\GitHub\MAJOR-PROJECT\archive\OriginalDataset\VeryMildDemented\verymildDem577.jpg,VeryMildDemented,1
C:\Users\HP\OneDrive\Documents\GitHub\MAJOR-PROJECT\archive\OriginalDataset\NonDemented\nonDem282.jpg,NonDemented,0
C:\Users\HP\OneDrive\Documents\GitHub\MAJOR-PROJECT\archive\OriginalDataset\NonDemented\29 (77).jpg,NonDemented,0
C:\Users\HP\OneDrive\Documents\GitHub\MAJOR-PROJECT\archive\OriginalDataset\VeryMildDemented\29 (40).jpg,VeryMildDemented,1
C:\Users\HP\OneDrive\Documents\GitHub\MAJOR-PROJECT\archive\OriginalDataset\NonDemented\nonDem874.jpg,NonDemented,0
C:\Users\HP\OneDrive\Documents\GitHub\MAJOR-PROJECT\archive\OriginalDataset\NonDemented\nonDem402.jpg,NonDemented,0
C:\Users\HP\OneDrive\Documents\GitHub\MAJOR-PROJECT\archive\OriginalDataset\VeryMildDemented\26 (54).jpg,VeryMildDemented,1
C:\Users\HP\OneDrive\Documents\GitHub\MAJOR-PROJECT\archive\OriginalDataset\NonDemented\nonDem1926.jpg,NonDemented,0
C:\Users\HP\OneDrive\Documents\GitHub\MAJOR-PROJECT\archive\OriginalDataset\VeryMildDemented\verymildDem1612.jpg,VeryMildDemented,1
C:\Users\HP\OneDrive\Documents\GitHub\MAJOR-PROJECT\archive\OriginalDataset\NonDemented\nonDem1346.jpg,NonDemented,0
C:\Users\HP\OneDrive\Documents\GitHub\MAJOR-PROJECT\archive\OriginalDataset\NonDemented\30 (50).jpg,NonDemented,0
C:\Users\HP\OneDrive\Documents\GitHub\MAJOR-PROJECT\archive\OriginalDataset\MildDemented\30 (9).jpg,MildDemented,1
C:\Users\HP\OneDrive\Documents\GitHub\MAJOR-PROJECT\archive\OriginalDataset\MildDemented\mildDem42.jpg,MildDemented,1
C:\Users\HP\OneDrive\Documents\GitHub\MAJOR-PROJECT\archive\OriginalDataset\VeryMildDemented\verymildDem1552.jpg,VeryMildDemented,1
C:\Users\HP\OneDrive\Documents\GitHub\MAJOR-PROJECT\archive\OriginalDataset\NonDemented\nonDem25.jpg,NonDemented,0
C:\Users\HP\OneDrive\Documents\GitHub\MAJOR-PROJECT\archive\OriginalDataset\VeryMildDemented\verymildDem518.jpg,VeryMildDemented,1
C:\Users\HP\OneDrive\Documents\GitHub\MAJOR-PROJECT\archive\OriginalDataset\VeryMildDemented\27 (21).jpg,VeryMildDemented,1
C:\Users\HP\OneDrive\Documents\GitHub\MAJOR-PROJECT\archive\OriginalDataset\NonDemented\nonDem642.jpg,NonDemented,0
C:\Users\HP\OneDrive\Documents\GitHub\MAJOR-PROJECT\archive\OriginalDataset\VeryMildDemented\32 (22).jpg,VeryMildDemented,1
C:\Users\HP\OneDrive\Documents\GitHub\MAJOR-PROJECT\archive\OriginalDataset\VeryMildDemented\verymildDem527.jpg,VeryMildDemented,1
C:\Users\HP\OneDrive\Documents\GitHub\MAJOR-PROJECT\archive\OriginalDataset\VeryMildDemented\verymildDem48.jpg,VeryMildDemented,1
C:\Users\HP\OneDrive\Documents\GitHub\MAJOR-PROJECT\archive\OriginalDataset\NonDemented\32 (54).jpg,NonDemented,0
C:\Users\HP\OneDrive\Documents\GitHub\MAJOR-PROJECT\archive\OriginalDataset\NonDemented\31 (93).jpg,NonDemented,0
C:\Users\HP\OneDrive\Documents\GitHub\MAJOR-PROJECT\archive\OriginalDataset\NonDemented\nonDem1789.jpg,NonDemented,0
C:\Users\HP\OneDrive\Documents\GitHub\MAJOR-PROJECT\archive\OriginalDataset\VeryMildDemented\29 (61).jpg,VeryMildDemented,1
C:\Users\HP\OneDrive\Documents\GitHub\MAJOR-PROJECT\archive\OriginalDataset\NonDemented\nonDem2248.jpg,NonDemented,0
C:\Users\HP\OneDrive\Documents\GitHub\MAJOR-PROJECT\archive\OriginalDataset\NonDemented\nonDem2023.jpg,NonDemented,0
C:\Users\HP\OneDrive\Documents\GitHub\MAJOR-PROJECT\archive\OriginalDataset\NonDemented\nonDem624.jpg,NonDemented,0
C:\Users\HP\OneDrive\Documents\GitHub\MAJOR-PROJECT\archive\OriginalDataset\VeryMildDemented\30 (35).jpg,VeryMildDemented,1
C:\Users\HP\OneDrive\Documents\GitHub\MAJOR-PROJECT\archive\OriginalDataset\VeryMildDemented\verymildDem1723.jpg,VeryMildDemented,1
C:\Users\HP\OneDrive\Documents\GitHub\MAJOR-PROJECT\archive\OriginalDataset\NonDemented\nonDem1382.jpg,NonDemented,0
C:\Users\HP\OneDrive\Documents\GitHub\MAJOR-PROJECT\archive\OriginalDataset\MildDemented\mildDem431.jpg,MildDemented,1
C:\Users\HP\OneDrive\Documents\GitHub\MAJOR-PROJECT\archive\OriginalDataset\VeryMildDemented\verymildDem735.jpg,VeryMildDemented,1
C:\Users\HP\OneDrive\Documents\GitHub\MAJOR-PROJECT\archive\OriginalDataset\NonDemented\nonDem2083.jpg,NonDemented,0
C:\Users\HP\OneDrive\Documents\GitHub\MAJOR-PROJECT\archive\OriginalDataset\VeryMildDemented\verymildDem1715.jpg,VeryMildDemented,1
C:\Users\HP\OneDrive\Documents\GitHub\MAJOR-PROJECT\archive\OriginalDataset\NonDemented\29 (64).jpg,NonDemented,0
C:\Users\HP\OneDrive\Documents\GitHub\MAJOR-PROJECT\archive\OriginalDataset\NonDemented\nonDem2182.jpg,NonDemented,0
C:\Users\HP\OneDrive\Documents\GitHub\MAJOR-PROJECT\archive\OriginalDataset\NonDemented\nonDem150.jpg,NonDemented,0
C:\Users\HP\OneDrive\Documents\GitHub\MAJOR-PROJECT\archive\OriginalDataset\VeryMildDemented\verymildDem926.jpg,VeryMildDemented,1
C:\Users\HP\OneDrive\Documents\GitHub\MAJOR-PROJECT\archive\OriginalDataset\NonDemented\nonDem2165.jpg,NonDemented,0
C:\Users\HP\OneDrive\Documents\GitHub\MAJOR-PROJECT\archive\OriginalDataset\NonDemented\nonDem1272.jpg,NonDemented,0
C:\Users\HP\OneDrive\Documents\GitHub\MAJOR-PROJECT\archive\OriginalDataset\VeryMildDemented\verymildDem604.jpg,VeryMildDemented,1
C:\Users\HP\OneDrive\Documents\GitHub\MAJOR-PROJECT\archive\OriginalDataset\VeryMildDemented\verymildDem409.jpg,VeryMildDemented,1
C:\Users\HP\OneDrive\Documents\GitHub\MAJOR-PROJECT\archive\OriginalDataset\NonDemented\nonDem2431.jpg,NonDemented,0
C:\Users\HP\OneDrive\Documents\GitHub\MAJOR-PROJECT\archive\OriginalDataset\VeryMildDemented\30 (33).jpg,VeryMildDemented,1
C:\Users\HP\OneDrive\Documents\GitHub\MAJOR-PROJECT\archive\OriginalDataset\MildDemented\29 (9).jpg,MildDemented,1
C:\Users\HP\OneDrive\Documents\GitHub\MAJOR-PROJECT\archive\OriginalDataset\NonDemented\27 (49).jpg,NonDemented,0
C:\Users\HP\OneDrive\Documents\GitHub\MAJOR-PROJECT\archive\OriginalDataset\MildDemented\mildDem39.jpg,MildDemented,1
C:\Users\HP\OneDrive\Documents\GitHub\MAJOR-PROJECT\archive\OriginalDataset\NonDemented\nonDem350.jpg,NonDemented,0
C:\Users\HP\OneDrive\Documents\GitHub\MAJOR-PROJECT\archive\OriginalDataset\VeryMildDemented\verymildDem273.jpg,VeryMildDemented,1
C:\Users\HP\OneDrive\Documents\GitHub\MAJOR-PROJECT\archive\OriginalDataset\VeryMildDemented\verymildDem1348.jpg,VeryMildDemented,1
C:\Users\HP\OneDrive\Documents\GitHub\MAJOR-PROJECT\archive\OriginalDataset\NonDemented\nonDem1481.jpg,NonDemented,0
C:\Users\HP\OneDrive\Documents\GitHub\MAJOR-PROJECT\archive\OriginalDataset\NonDemented\nonDem2098.jpg,NonDemented,0
C:\Users\HP\OneDrive\Documents\GitHub\MAJOR-PROJECT\archive\OriginalDataset\VeryMildDemented\verymildDem388.jpg,VeryMildDemented,1
C:\Users\HP\OneDrive\Documents\GitHub\MAJOR-PROJECT\archive\OriginalDataset\NonDemented\nonDem1774.jpg,NonDemented,0
C:\Users\HP\OneDrive\Documents\GitHub\MAJOR-PROJECT\archive\OriginalDataset\ModerateDemented\moderateDem16.jpg,ModerateDemented,1
C:\Users\HP\OneDrive\Documents\GitHub\MAJOR-PROJECT\archive\OriginalDataset\VeryMildDemented\verymildDem659.jpg,VeryMildDemented,1
C:\Users\HP\OneDrive\Documents\GitHub\MAJOR-PROJECT\archive\OriginalDataset\NonDemented\nonDem1695.jpg,NonDemented,0
C:\Users\HP\OneDrive\Documents\GitHub\MAJOR-PROJECT\archive\OriginalDataset\MildDemented\mildDem479.jpg,MildDemented,1
C:\Users\HP\OneDrive\Documents\GitHub\MAJOR-PROJECT\archive\OriginalDataset\NonDemented\nonDem1136.jpg,NonDemented,0
C:\Users\HP\OneDrive\Documents\GitHub\MAJOR-PROJECT\archive\OriginalDataset\VeryMildDemented\verymildDem764.jpg,VeryMildDemented,1
C:\Users\HP\OneDrive\Documents\GitHub\MAJOR-PROJECT\archive\OriginalDataset\MildDemented\27 (12).jpg,MildDemented,1
C:\Users\HP\OneDrive\Documents\GitHub\MAJOR-PROJECT\archive\OriginalDataset\VeryMildDemented\verymildDem697.jpg,VeryMildDemented,1
C:\Users\HP\OneDrive\Documents\GitHub\MAJOR-PROJECT\archive\OriginalDataset\MildDemented\mildDem57.jpg,MildDemented,1
C:\Users\HP\OneDrive\Documents\GitHub\MAJOR-PROJECT\archive\OriginalDataset\MildDemented\mildDem428.jpg,MildDemented,1
C:\Users\HP\OneDrive\Documents\GitHub\MAJOR-PROJECT\archive\OriginalDataset\NonDemented\nonDem2382.jpg,NonDemented,0
C:\Users\HP\OneDrive\Documents\GitHub\MAJOR-PROJECT\archive\OriginalDataset\VeryMildDemented\verymildDem1217.jpg,VeryMildDemented,1
C:\Users\HP\OneDrive\Documents\GitHub\MAJOR-PROJECT\archive\OriginalDataset\NonDemented\nonDem641.jpg,NonDemented,0
C:\Users\HP\OneDrive\Documents\GitHub\MAJOR-PROJECT\archive\OriginalDataset\VeryMildDemented\verymildDem720.jpg,VeryMildDemented,1
C:\Users\HP\OneDrive\Documents\GitHub\MAJOR-PROJECT\archive\OriginalDataset\VeryMildDemented\verymildDem12.jpg,VeryMildDemented,1
C:\Users\HP\OneDrive\Documents\GitHub\MAJOR-PROJECT\archive\OriginalDataset\NonDemented\nonDem508.jpg,NonDemented,0
C:\Users\HP\OneDrive\Documents\GitHub\MAJOR-PROJECT\archive\OriginalDataset\VeryMildDemented\27 (33).jpg,VeryMildDemented,1
C:\Users\HP\OneDrive\Documents\GitHub\MAJOR-PROJECT\archive\OriginalDataset\NonDemented\nonDem858.jpg,NonDemented,0
C:\Users\HP\OneDrive\Documents\GitHub\MAJOR-PROJECT\archive\OriginalDataset\VeryMildDemented\verymildDem1583.jpg,VeryMildDemented,1
C:\Users\HP\OneDrive\Documents\GitHub\MAJOR-PROJECT\archive\OriginalDataset\NonDemented\31 (25).jpg,NonDemented,0
C:\Users\HP\OneDrive\Documents\GitHub\MAJOR-PROJECT\archive\OriginalDataset\VeryMildDemented\verymildDem538.jpg,VeryMildDemented,1
C:\Users\HP\OneDrive\Documents\GitHub\MAJOR-PROJECT\archive\OriginalDataset\NonDemented\nonDem588.jpg,NonDemented,0
C:\Users\HP\OneDrive\Documents\GitHub\MAJOR-PROJECT\archive\OriginalDataset\NonDemented\30 (9).jpg,NonDemented,0
C:\Users\HP\OneDrive\Documents\GitHub\MAJOR-PROJECT\archive\OriginalDataset\NonDemented\nonDem1262.jpg,NonDemented,0
C:\Users\HP\OneDrive\Documents\GitHub\MAJOR-PROJECT\archive\OriginalDataset\VeryMildDemented\31 (34).jpg,VeryMildDemented,1
C:\Users\HP\OneDrive\Documents\GitHub\MAJOR-PROJECT\archive\OriginalDataset\NonDemented\nonDem1495.jpg,NonDemented,0
C:\Users\HP\OneDrive\Documents\GitHub\MAJOR-PROJECT\archive\OriginalDataset\VeryMildDemented\verymildDem517.jpg,VeryMildDemented,1
C:\Users\HP\OneDrive\Documents\GitHub\MAJOR-PROJECT\archive\OriginalDataset\NonDemented\29 (87).jpg,NonDemented,0
C:\Users\HP\OneDrive\Documents\GitHub\MAJOR-PROJECT\archive\OriginalDataset\MildDemented\mildDem690.jpg,MildDemented,1
C:\Users\HP\OneDrive\Documents\GitHub\MAJOR-PROJECT\archive\OriginalDataset\NonDemented\nonDem1124.jpg,NonDemented,0
C:\Users\HP\OneDrive\Documents\GitHub\MAJOR-PROJECT\archive\OriginalDataset\NonDemented\nonDem768.jpg,NonDemented,0
C:\Users\HP\OneDrive\Documents\GitHub\MAJOR-PROJECT\archive\OriginalDataset\VeryMildDemented\verymildDem1275.jpg,VeryMildDemented,1
C:\Users\HP\OneDrive\Documents\GitHub\MAJOR-PROJECT\archive\OriginalDataset\NonDemented\nonDem608.jpg,NonDemented,0
C:\Users\HP\OneDrive\Documents\GitHub\MAJOR-PROJECT\archive\OriginalDataset\NonDemented\nonDem2371.jpg,NonDemented,0
C:\Users\HP\OneDrive\Documents\GitHub\MAJOR-PROJECT\archive\OriginalDataset\NonDemented\28 (20).jpg,NonDemented,0
C:\Users\HP\OneDrive\Documents\GitHub\MAJOR-PROJECT\archive\OriginalDataset\VeryMildDemented\verymildDem839.jpg,VeryMildDemented,1
C:\Users\HP\OneDrive\Documents\GitHub\MAJOR-PROJECT\archive\OriginalDataset\VeryMildDemented\verymildDem1345.jpg,VeryMildDemented,1
C:\Users\HP\OneDrive\Documents\GitHub\MAJOR-PROJECT\archive\OriginalDataset\MildDemented\mildDem200.jpg,MildDemented,1
C:\Users\HP\OneDrive\Documents\GitHub\MAJOR-PROJECT\archive\OriginalDataset\NonDemented\nonDem1005.jpg,NonDemented,0
C:\Users\HP\OneDrive\Documents\GitHub\MAJOR-PROJECT\archive\OriginalDataset\VeryMildDemented\verymildDem15.jpg,VeryMildDemented,1
C:\Users\HP\OneDrive\Documents\GitHub\MAJOR-PROJECT\archive\OriginalDataset\VeryMildDemented\verymildDem326.jpg,VeryMildDemented,1
C:\Users\HP\OneDrive\Documents\GitHub\MAJOR-PROJECT\archive\OriginalDataset\VeryMildDemented\verymildDem123.jpg,VeryMildDemented,1
C:\Users\HP\OneDrive\Documents\GitHub\MAJOR-PROJECT\archive\OriginalDataset\MildDemented\mildDem151.jpg,MildDemented,1
C:\Users\HP\OneDrive\Documents\GitHub\MAJOR-PROJECT\archive\OriginalDataset\VeryMildDemented\29 (45).jpg,VeryMildDemented,1
C:\Users\HP\OneDrive\Documents\GitHub\MAJOR-PROJECT\archive\OriginalDataset\NonDemented\nonDem797.jpg,NonDemented,0
C:\Users\HP\OneDrive\Documents\GitHub\MAJOR-PROJECT\archive\OriginalDataset\NonDemented\nonDem527.jpg,NonDemented,0
C:\Users\HP\OneDrive\Documents\GitHub\MAJOR-PROJECT\archive\OriginalDataset\MildDemented\27 (21).jpg,MildDemented,1
C:\Users\HP\OneDrive\Documents\GitHub\MAJOR-PROJECT\archive\OriginalDataset\NonDemented\nonDem1571.jpg,NonDemented,0
C:\Users\HP\OneDrive\Documents\GitHub\MAJOR-PROJECT\archive\OriginalDataset\NonDemented\nonDem1039.jpg,NonDemented,0
C:\Users\HP\OneDrive\Documents\GitHub\MAJOR-PROJECT\archive\OriginalDataset\NonDemented\nonDem215.jpg,NonDemented,0
C:\Users\HP\OneDrive\Documents\GitHub\MAJOR-PROJECT\archive\OriginalDataset\NonDemented\nonDem365.jpg,NonDemented,0
C:\Users\HP\OneDrive\Documents\GitHub\MAJOR-PROJECT\archive\OriginalDataset\VeryMildDemented\29 (15).jpg,VeryMildDemented,1
C:\Users\HP\OneDrive\Documents\GitHub\MAJOR-PROJECT\archive\OriginalDataset\NonDemented\nonDem1709.jpg,NonDemented,0
C:\Users\HP\OneDrive\Documents\GitHub\MAJOR-PROJECT\archive\OriginalDataset\VeryMildDemented\verymildDem702.jpg,VeryMildDemented,1
C:\Users\HP\OneDrive\Documents\GitHub\MAJOR-PROJECT\archive\OriginalDataset\NonDemented\nonDem1354.jpg,NonDemented,0
C:\Users\HP\OneDrive\Documents\GitHub\MAJOR-PROJECT\archive\OriginalDataset\NonDemented\32 (74).jpg,NonDemented,0
C:\Users\HP\OneDrive\Documents\GitHub\MAJOR-PROJECT\archive\OriginalDataset\VeryMildDemented\verymildDem1215.jpg,VeryMildDemented,1
C:\Users\HP\OneDrive\Documents\GitHub\MAJOR-PROJECT\archive\OriginalDataset\NonDemented\nonDem298.jpg,NonDemented,0
C:\Users\HP\OneDrive\Documents\GitHub\MAJOR-PROJECT\archive\OriginalDataset\VeryMildDemented\verymildDem1580.jpg,VeryMildDemented,1
C:\Users\HP\OneDrive\Documents\GitHub\MAJOR-PROJECT\archive\OriginalDataset\VeryMildDemented\31 (52).jpg,VeryMildDemented,1
C:\Users\HP\OneDrive\Documents\GitHub\MAJOR-PROJECT\archive\OriginalDataset\NonDemented\nonDem948.jpg,NonDemented,0
C:\Users\HP\OneDrive\Documents\GitHub\MAJOR-PROJECT\archive\OriginalDataset\VeryMildDemented\verymildDem840.jpg,VeryMildDemented,1
C:\Users\HP\OneDrive\Documents\GitHub\MAJOR-PROJECT\archive\OriginalDataset\NonDemented\nonDem2150.jpg,NonDemented,0
C:\Users\HP\OneDrive\Documents\GitHub\MAJOR-PROJECT\archive\OriginalDataset\VeryMildDemented\verymildDem1635.jpg,VeryMildDemented,1
C:\Users\HP\OneDrive\Documents\GitHub\MAJOR-PROJECT\archive\OriginalDataset\VeryMildDemented\verymildDem621.jpg,VeryMildDemented,1
C:\Users\HP\OneDrive\Documents\GitHub\MAJOR-PROJECT\archive\OriginalDataset\NonDemented\nonDem2201.jpg,NonDemented,0
C:\Users\HP\OneDrive\Documents\GitHub\MAJOR-PROJECT\archive\OriginalDataset\NonDemented\nonDem1907.jpg,NonDemented,0
C:\Users\HP\OneDrive\Documents\GitHub\MAJOR-PROJECT\archive\OriginalDataset\NonDemented\28 (8).jpg,NonDemented,0
C:\Users\HP\OneDrive\Documents\GitHub\MAJOR-PROJECT\archive\OriginalDataset\VeryMildDemented\verymildDem886.jpg,VeryMildDemented,1
C:\Users\HP\OneDrive\Documents\GitHub\MAJOR-PROJECT\archive\OriginalDataset\NonDemented\nonDem663.jpg,NonDemented,0
C:\Users\HP\OneDrive\Documents\GitHub\MAJOR-PROJECT\archive\OriginalDataset\VeryMildDemented\verymildDem22.jpg,VeryMildDemented,1
C:\Users\HP\OneDrive\Documents\GitHub\MAJOR-PROJECT\archive\OriginalDataset\MildDemented\mildDem589.jpg,MildDemented,1
C:\Users\HP\OneDrive\Documents\GitHub\MAJOR-PROJECT\archive\OriginalDataset\NonDemented\nonDem1960.jpg,NonDemented,0
C:\Users\HP\OneDrive\Documents\GitHub\MAJOR-PROJECT\archive\OriginalDataset\NonDemented\nonDem2369.jpg,NonDemented,0
C:\Users\HP\OneDrive\Documents\GitHub\MAJOR-PROJECT\archive\OriginalDataset\NonDemented\nonDem789.jpg,NonDemented,0
C:\Users\HP\OneDrive\Documents\GitHub\MAJOR-PROJECT\archive\OriginalDataset\VeryMildDemented\28 (35).jpg,VeryMildDemented,1
C:\Users\HP\OneDrive\Documents\GitHub\MAJOR-PROJECT\archive\OriginalDataset\VeryMildDemented\verymildDem970.jpg,VeryMildDemented,1
C:\Users\HP\OneDrive\Documents\GitHub\MAJOR-PROJECT\archive\OriginalDataset\NonDemented\nonDem1157.jpg,NonDemented,0
C:\Users\HP\OneDrive\Documents\GitHub\MAJOR-PROJECT\archive\OriginalDataset\NonDemented\nonDem850.jpg,NonDemented,0
C:\Users\HP\OneDrive\Documents\GitHub\MAJOR-PROJECT\archive\OriginalDataset\MildDemented\mildDem524.jpg,MildDemented,1
C:\Users\HP\OneDrive\Documents\GitHub\MAJOR-PROJECT\archive\OriginalDataset\ModerateDemented\32 (2).jpg,ModerateDemented,1
C:\Users\HP\OneDrive\Documents\GitHub\MAJOR-PROJECT\archive\OriginalDataset\VeryMildDemented\verymildDem479.jpg,VeryMildDemented,1
C:\Users\HP\OneDrive\Documents\GitHub\MAJOR-PROJECT\archive\OriginalDataset\NonDemented\nonDem511.jpg,NonDemented,0
C:\Users\HP\OneDrive\Documents\GitHub\MAJOR-PROJECT\archive\OriginalDataset\VeryMildDemented\verymildDem172.jpg,VeryMildDemented,1
C:\Users\HP\OneDrive\Documents\GitHub\MAJOR-PROJECT\archive\OriginalDataset\VeryMildDemented\verymildDem1450.jpg,VeryMildDemented,1
C:\Users\HP\OneDrive\Documents\GitHub\MAJOR-PROJECT\archive\OriginalDataset\VeryMildDemented\verymildDem307.jpg,VeryMildDemented,1
C:\Users\HP\OneDrive\Documents\GitHub\MAJOR-PROJECT\archive\OriginalDataset\VeryMildDemented\verymildDem343.jpg,VeryMildDemented,1
C:\Users\HP\OneDrive\Documents\GitHub\MAJOR-PROJECT\archive\OriginalDataset\NonDemented\nonDem425.jpg,NonDemented,0
C:\Users\HP\OneDrive\Documents\GitHub\MAJOR-PROJECT\archive\OriginalDataset\NonDemented\28 (30).jpg,NonDemented,0
C:\Users\HP\OneDrive\Documents\GitHub\MAJOR-PROJECT\archive\OriginalDataset\VeryMildDemented\verymildDem779.jpg,VeryMildDemented,1
C:\Users\HP\OneDrive\Documents\GitHub\MAJOR-PROJECT\archive\OriginalDataset\MildDemented\mildDem700.jpg,MildDemented,1
C:\Users\HP\OneDrive\Documents\GitHub\MAJOR-PROJECT\archive\OriginalDataset\VeryMildDemented\verymildDem1507.jpg,VeryMildDemented,1
C:\Users\HP\OneDrive\Documents\GitHub\MAJOR-PROJECT\archive\OriginalDataset\NonDemented\nonDem626.jpg,NonDemented,0
C:\Users\HP\OneDrive\Documents\GitHub\MAJOR-PROJECT\archive\OriginalDataset\VeryMildDemented\verymildDem1009.jpg,VeryMildDemented,1
C:\Users\HP\OneDrive\Documents\GitHub\MAJOR-PROJECT\archive\OriginalDataset\NonDemented\nonDem729.jpg,NonDemented,0
C:\Users\HP\OneDrive\Documents\GitHub\MAJOR-PROJECT\archive\OriginalDataset\NonDemented\nonDem137.jpg,NonDemented,0
C:\Users\HP\OneDrive\Documents\GitHub\MAJOR-PROJECT\archive\OriginalDataset\VeryMildDemented\verymildDem1141.jpg,VeryMildDemented,1
C:\Users\HP\OneDrive\Documents\GitHub\MAJOR-PROJECT\archive\OriginalDataset\VeryMildDemented\verymildDem1701.jpg,VeryMildDemented,1
C:\Users\HP\OneDrive\Documents\GitHub\MAJOR-PROJECT\archive\OriginalDataset\NonDemented\nonDem1800.jpg,NonDemented,0
